png/1F600.png	grinsendes Gesicht	Gesichter & Gefühle	froh fröhlich Gesicht grinsen haha lachen lol lustig Smiley grinning face cheerful, cheery, face, grin, grinning, happy, laugh, nice, smile, smiling, teeth smile, happy
png/1F603.png	grinsendes Gesicht mit großen Augen	Gesichter & Gefühle	Augen fröhlich Gesicht glücklich grinsen große lächeln lachen lol lustig Mund offen Smiley grinning face with big eyes awesome, big, eyes, face, grin, grinning, happy, mouth, open, smile, smiling, teeth, yay eyes, teeth
png/1F604.png	grinsendes Gesicht mit lachenden Augen	Gesichter & Gefühle	Augen fröhlich geschlossen Gesicht glücklich grinsen lächeln lachen lol lustig Mund offen Smiley witzig grinning face with smiling eyes eye, eyes, face, grin, grinning, happy, laugh, lol, mouth, open, smile, smiling happy, teeth
png/1F601.png	strahlendes Gesicht mit lachenden Augen	Gesichter & Gefühle	Augen fröhlich Gesicht grinsen happy lächeln lachen lustig Smiley strahlen Zähne beaming face with smiling eyes beaming, eye, eyes, face, grin, grinning, happy, nice, smile, smiling, teeth happy, teeth, mouth
png/1F606.png	Grinsegesicht mit zugekniffenen Augen	Gesichter & Gefühle	Augen geschlossen Gesicht Grinsegesicht grinsen haha hehe hihi lachen lol lustig Mund offen Smiley witzig zugekniffen zusammengekniffen grinning squinting face closed, eyes, face, grinning, haha, hahaha, happy, laugh, lol, mouth, open, rofl, smile, smiling, squinting 
png/1F605.png	grinsendes Gesicht mit Schweißtropfen	Gesichter & Gefühle	Gesicht grinsen lächeln lachen lustig Mund nervös offen Schweiß Schweißtropfen schwitzen Smiley grinning face with sweat cold, dejected, excited, face, grinning, mouth, nervous, open, smile, smiling, stress, stressed, sweat laugh
png/1F923.png	sich vor Lachen auf dem Boden wälzen	Gesichter & Gefühle	Boden Gesicht haha hehe lachen lol lustig muahaha rofl Smiley Tränen wälzen witzig rolling on the floor laughing crying, face, floor, funny, haha, happy, hehe, hilarious, joy, laugh, lmao, lol, rofl, roflmao, rolling, tear tears
png/1F602.png	Gesicht mit Freudentränen	Gesichter & Gefühle	Freude Freudentränen fröhlich Gesicht haha happy hehe hihi lachen lol lustig muahaha rofl Smiley Tränen witzig face with tears of joy crying, face, feels, funny, haha, happy, hehe, hilarious, joy, laugh, lmao, lol, rofl, roflmao, tear 
png/1F642.png	leicht lächelndes Gesicht	Gesichter & Gefühle	Gesicht lächeln leicht Smiley slightly smiling face face, happy, slightly, smile, smiling satisfied
png/1F643.png	umgekehrtes Gesicht	Gesichter & Gefühle	auf dem Kopf Gesicht lächeln Smiley stehen umgekehrt upside-down face face, hehe, smile, upside-down turn
png/1FAE0.png	schmelzendes Gesicht	Gesichter & Gefühle	auflösen beschämt flüssig Gesicht Hitze Sarkasmus sarkastisch schmelzen schwitzen Smiley verschwinden melting face disappear, dissolve, embarrassed, face, haha, heat, hot, liquid, lol, melt, melting, sarcasm, sarcastic 
png/1F609.png	zwinkerndes Gesicht	Gesichter & Gefühle	Auge flirten Gesicht sexy Smiley zudrücken zugedrückt zukneifen zuzwinkern Zwinkern winking face face, flirt, heartbreaker, sexy, slide, tease, wink, winking, winks eye
png/1F60A.png	lächelndes Gesicht mit lachenden Augen	Gesichter & Gefühle	Augen erröten Freude freundlich Gesicht glücklich lächeln lachen rot Wangen smiling face with smiling eyes blush, eye, eyes, face, glad, satisfied, smile, smiling satisfied
png/1F607.png	lächelndes Gesicht mit Heiligenschein	Gesichter & Gefühle	brav Engel Gesicht glücklich Heiligenschein Lächeln lieb seelig Smiley smiling face with halo angel, angelic, angels, blessed, face, fairy, fairytale, fantasy, halo, happy, innocent, peaceful, smile, smiling, spirit, tale 
png/1F970.png	lächelndes Gesicht mit Herzen	Gesichter & Gefühle	3 anhimmeln bewundern Gesicht HDGDL HDL Herzchen Herzen lächeln lieb Liebe Smiley verknallt verliebt verzückt smiling face with hearts 3, adore, crush, face, heart, hearts, ily, love, romance, smile, smiling, you 
png/1F60D.png	lächelndes Gesicht mit herzförmigen Augen	Gesichter & Gefühle	Augen Gesicht glücklich Herzen herzförmig lächeln Liebe Smiley verliebt smiling face with heart-eyes 143, bae, eye, face, feels, heart-eyes, hearts, ily, kisses, love, romance, romantic, smile, xoxo hearts, happy
png/1F929.png	überwältigt	Gesichter & Gefühle	aufgeregt Augen Gesicht grinsen Smiley Star Stern überwältigt wow star-struck excited, eyes, face, grinning, smile, star, starry-eyed, wow surprised
png/1F618.png	Kuss zuwerfendes Gesicht	Gesichter & Gefühle	flirten Gesicht Kuss Küsschen küssen lieb Smiley zuwerfen face blowing a kiss adorbs, bae, blowing, face, flirt, heart, ily, kiss, love, lover, miss, muah, romantic, smooch, xoxo, you love, happy
png/1F617.png	küssendes Gesicht	Gesichter & Gefühle	flirten Gesicht HDL Knutsch Kuss küssen Smiley xoxo kissing face 143, date, dating, face, flirt, ily, kiss, love, smooch, smooches, xoxo, you 
png/263A.png	lächelndes Gesicht	Gesichter & Gefühle	fröhlich Gesicht lächeln rot Smiley Wangen smiling face face, happy, outlined, relaxed, smile, smiling satisfied
png/1F61A.png	küssendes Gesicht mit geschlossenen Augen	Gesichter & Gefühle	geschlossen Gesicht Knutsch Kuss Küsschen küssen rot Smiley ugen Wangen kissing face with closed eyes 143, bae, blush, closed, date, dating, eye, eyes, face, flirt, ily, kisses, kissing, smooches, xoxo love, happy
png/1F619.png	küssendes Gesicht mit lächelnden Augen	Gesichter & Gefühle	Augen flirten Gesicht knutsch Kuss küssen lächeln Smiley kissing face with smiling eyes 143, closed, date, dating, eye, eyes, face, flirt, ily, kiss, kisses, kissing, love, night, smile, smiling 
png/1F972.png	lachendes Gesicht mit Träne	Gesichter & Gefühle	berührt dankbar erleichtert Freudenträne gerührt Gesicht lächeln Smiley stolz Träne smiling face with tear face, glad, grateful, happy, joy, pain, proud, relieved, smile, smiley, smiling, tear, touched 
png/1F60B.png	sich die Lippen leckendes Gesicht	Gesichter & Gefühle	Gesicht lächeln lecker leckeres Essen Sich die Lippen leckender Smiley sich die Lippen leckendes Gesicht Smiley Zunge face savoring food delicious, eat, face, food, full, hungry, savor, smile, smiling, tasty, um, yum, yummy yummy, tongue
png/1F61B.png	Gesicht mit herausgestreckter Zunge	Gesichter & Gefühle	ätsch bäh Gesicht herausgestreckt lachen lustig Smiley Zunge face with tongue awesome, cool, face, nice, party, stuck-out, sweet, tongue 
png/1F61C.png	zwinkerndes Gesicht mit herausgestreckter Zunge	Gesichter & Gefühle	Auge Gesicht herausgestreckt herausstrecken Smiley zudrücken zugedrückt Zunge Zwinkern winking face with tongue crazy, epic, eye, face, funny, joke, loopy, nutty, party, stuck-out, tongue, wacky, weirdo, wink, winking, yolo 
png/1F92A.png	irres Gesicht	Gesichter & Gefühle	Auge Augen Gesicht groß irre klein Smiley verrückt zany face crazy, eye, eyes, face, goofy, large, small, zany 
png/1F61D.png	Gesicht mit herausgestreckter Zunge und zusammengekniffenen Augen	Gesichter & Gefühle	Auge Augen bäh ekel Gesicht herausgestreckt herausstrecken igitt schmeck schrecklich Smiley Zunge zusammengekniffen zusammenkneifen squinting face with tongue closed, eye, eyes, face, gross, horrible, omg, squinting, stuck-out, taste, tongue, whatever, yolo 
png/1F911.png	Gesicht mit Dollarzeichen	Gesichter & Gefühle	Dollar Dollarzeichen Geld Gesicht Mund Smiley Zunge money-mouth face face, money, money-mouth, mouth, paid tongue, dollar
png/1F917.png	Gesicht mit umarmenden Händen	Gesichter & Gefühle	drücken Gesicht Hände Smiley umarmen Umarmung smiling face with open hands face, hands, hug, hugging, open, smiling hands
png/1F92D.png	verlegen kicherndes Gesicht	Gesichter & Gefühle	Gesicht haha Hand hihi Huch kichern lachen Mund rot Smiley verlegen Wangen face with hand over mouth face, giggle, giggling, hand, mouth, oops, realization, secret, shock, sudden, surprise, whoops hand, mouth, smile, giggling, covering
png/1FAE2.png	Gesicht mit offenen Augen und Hand über dem Mund	Gesichter & Gefühle	Augen Erschrecken Erstaunen Furcht geschockt Gesicht Hand Mund offen OMG Schock Smiley Überraschung Unglauben Verlegenheit face with open eyes and hand over mouth amazement, awe, disbelief, embarrass, eyes, face, gasp, hand, mouth, omg, open, over, quiet, scared, shock, surprise 
png/1FAE3.png	Gesicht mit durch die Finger linsendem Auge	Gesichter & Gefühle	Auge Finger gebannt Gesicht hervorlugen linsen schüchtern Smiley spähen starren verlegen face with peeking eye captivated, embarrass, eye, face, hide, hiding, peek, peeking, peep, scared, shy, stare 
png/1F92B.png	ermahnendes Gesicht	Gesichter & Gefühle	ermahnen Finger Gesicht leise psst pst Ruhe ruhig sch Smiley shushing face face, quiet, shh, shush, shushing hand, silent
png/1F914.png	nachdenkendes Gesicht	Gesichter & Gefühle	fragen Gesicht grübeln hm komisch nachdenken nachdenklich Smiley wundern thinking face chin, consider, face, hmm, ponder, pondering, thinking, wondering hand, chin, overthinking, frown, curious
png/1FAE1.png	salutierendes Gesicht	Gesichter & Gefühle	Aye Gesicht jawohl jawoll Militär ok Respekt salutieren Smiley zu Befehl saluting face face, good, luck, ma’am, ok, respect, salute, saluting, sir, troops, yes 
png/1F910.png	Gesicht mit Reißverschlussmund	Gesichter & Gefühle	Geheimnis Gesicht halten Mund Reißverschluss schweigen Smiley wahren zipper-mouth face face, keep, mouth, quiet, secret, shut, zip, zipper, zipper-mouth 
png/1F928.png	Gesicht mit hochgezogenen Augenbrauen	Gesichter & Gefühle	argwöhnisch Augenbrauen Gesicht hochgezogen misstrauen skeptisch Smiley stutzig Zweifel face with raised eyebrow disapproval, disbelief, distrust, emoji, eyebrow, face, hmm, mild, raised, skeptic, skeptical, skepticism, surprise, what suspicious
png/1F610.png	neutrales Gesicht	Gesichter & Gefühle	ausdruckslos Gesicht kommentarlos neutral Smiley todernst unbeeindruckt neutral face awkward, blank, deadpan, expressionless, face, fine, jealous, meh, neutral, oh, shade, straight, unamused, unhappy, unimpressed, whatever poker face
png/1F611.png	ausdrucksloses Gesicht	Gesichter & Gefühle	ausdruckslos Gesicht kommentarlos selbstgefällig Smiley unbeeindruckt unglaublich expressionless face awkward, dead, expressionless, face, fine, inexpressive, jealous, meh, not, oh, omg, straight, uh, unhappy, unimpressed, whatever unamused, annoyed
png/1F636.png	Gesicht ohne Mund	Gesichter & Gefühle	Gesicht kein Mund ohne Smiley sprachlos face without mouth awkward, blank, expressionless, face, mouth, mouthless, mute, quiet, secret, silence, silent, speechless shhh
png/1FAE5.png	gestricheltes Gesicht	Gesichter & Gefühle	depressiv deprimiert egal Gesicht gestrichelt introvertiert Smiley traurig unsichtbar verschwinden verstecken dotted line face depressed, disappear, dotted, face, hidden, hide, introvert, invisible, line, meh, whatever, wtv 
png/1F636-200D-1F32B-FE0F.png	Gesicht in Wolken	Gesichter & Gefühle	geistesabwesend Gesicht im Nebel Gesicht in Wolken Kopf in Wolken face in clouds absentminded, clouds, face, fog, head 
png/1F60F.png	süffisant lächelndes Gesicht	Gesichter & Gefühle	feixen flirten Gesicht lächeln Mundwinkel schief Smiley süffisant smirking face boss, dapper, face, flirt, homie, kidding, leer, shade, slick, sly, smirk, smug, snicker, suave, suspicious, swag 
png/1F612.png	verstimmtes Gesicht	Gesichter & Gefühle	Gesicht langweilig Smiley traurig unglücklich unzufrieden verstimmt unamused face ..., bored, face, fine, jealous, jel, jelly, pissed, smh, ugh, uhh, unamused, unhappy, weird, whatever 
png/1F644.png	Augen verdrehendes Gesicht	Gesichter & Gefühle	Augen genervt Gesicht meinetwegen nerv ohje rollen Smiley verdrehen verrollen face with rolling eyes eyeroll, eyes, face, rolling, shade, ugh, whatever annoyed
png/1F62C.png	Grimassen schneidendes Gesicht	Gesichter & Gefühle	Gesicht Grimasse peinlich schneiden Smiley verziehen Zähne grimacing face awk, awkward, dentist, face, grimace, grimacing, grinning, smile, smiling awkward
png/1F62E-200D-1F4A8.png	Gesicht, das ausatmet	Gesichter & Gefühle	ausatmen erleichtert erschöpft Gesicht husten puh pusten schnaufen Seufz seufzen Smiley face exhaling blow, blowing, exhale, exhaling, exhausted, face, gasp, groan, relief, sigh, smiley, smoke, whisper, whistle 
png/1F925.png	lügendes Gesicht	Gesichter & Gefühle	Gesicht Lüge Nase Pinocchio Schwindel lying face face, liar, lie, lying, pinocchio nose, long
png/1FAE8.png	zitterndes Doppelgesicht	Gesichter & Gefühle	Doppelgesicht Erdbeben Gesicht OMG Panik Schock Smiley überrascht verrückt vibrieren wow zittern shaking face crazy, daze, earthquake, face, omg, panic, shaking, shock, surprise, vibrate, whoa, wow 
png/1F642-200D-2194-FE0F.png	Kopfschütteln	Gesichter & Gefühle	Kopfschütteln nein Schütteln head shaking horizontally head, horizontally, no, shake, shaking 
png/1F642-200D-2195-FE0F.png	Kopfnicken	Gesichter & Gefühle	ja Kopfnicken Nicken head shaking vertically head, nod, shaking, vertically, yes 
png/1F60C.png	erleichtertes Gesicht	Gesichter & Gefühle	Augen entspannt erleichtert geschlossen Gesicht Smiley Zen zufrieden relieved face calm, face, peace, relief, relieved, zen 
png/1F614.png	nachdenkliches Gesicht	Gesichter & Gefühle	enttäuscht Gesicht nachdenklich schrecklich Smiley traurig verlieren verloren pensive face awful, bored, dejected, died, disappointed, face, losing, lost, pensive, sad, sucks 
png/1F62A.png	schläfriges Gesicht	Gesichter & Gefühle	Gesicht gute müde Nacht schläfrig Smiley traurig sleepy face crying, face, good, night, sad, sleep, sleeping, sleepy, tired snot bubble, side-tear
png/1F924.png	sabberndes Gesicht	Gesichter & Gefühle	Gesicht sabbern Smiley drooling face drooling, face hungry, yummy
png/1F634.png	schlafendes Gesicht	Gesichter & Gefühle	dösen einschlafen gähnen Gesicht gute Nacht langweilig Mittagsschlaf müde Nickerchen Schlaf schlafen Smiley zzz sleeping face bed, bedtime, face, good, goodnight, nap, night, sleep, sleeping, tired, whatever, yawn, zzz tired
png/1FAE9.png	Gesicht mit Augenringen	Gesichter & Gefühle	Augenringe erschöpft Gesicht müde schläfrig Smiley übermüdet face with bags under eyes bags, bored, exhausted, eyes, face, fatigued, late, sleepy, tired, weary 
png/1F637.png	Gesicht mit Atemschutzmaske	Gesichter & Gefühle	Arzt Atemschutzmaske Bazillen erkältet Gesicht krank Krankheit Mund Mundschutz Schutzmaske Smiley Viren Virus face with medical mask cold, dentist, dermatologist, doctor, dr, face, germs, mask, medical, medicine, sick ill
png/1F912.png	Gesicht mit Fieberthermometer	Gesichter & Gefühle	Fieber Gesicht krank messen Smiley Thermometer face with thermometer face, ill, sick, thermometer fever
png/1F915.png	Gesicht mit Kopfverband	Gesichter & Gefühle	aua autsch Gesicht Kopf Schmerzen Smiley Verband Verletzung face with head-bandage bandage, face, head-bandage, hurt, injury, ouch head
png/1F922.png	würgendes Gesicht	Gesichter & Gefühle	ekel eklig erbrechen Gesicht grün igitt Smiley Übelkeit übergeben widerlich würgen nauseated face face, gross, nasty, nauseated, sick, vomit green
png/1F92E.png	kotzendes Gesicht	Gesichter & Gefühle	brechen erbrechen Gesicht kotzen krank schlecht Smiley speien spucken übel übergeben face vomiting barf, ew, face, gross, puke, sick, spew, throw, up, vomit, vomiting 
png/1F927.png	niesendes Gesicht	Gesichter & Gefühle	erkältet Erkältung Gesicht Gesundheit Grippe hatschi krank Nase niesen putzen Smiley Taschentuch sneezing face face, fever, flu, gesundheit, sick, sneeze, sneezing tissue
png/1F975.png	schwitzendes Gesicht	Gesichter & Gefühle	erhitzt Fieber fiebrig Gesicht heiß herausstrecken Hitze Hitzschlag rot schnaufen schwitzen Smiley Zunge hot face dying, face, feverish, heat, hot, panting, red-faced, stroke, sweating, tongue 
png/1F976.png	frierendes Gesicht	Gesichter & Gefühle	bibbern blau eisig erfrieren frieren frösteln frostig Gesicht kalt Smiley unter Null Zähne Zähneklappern zittern cold face blue, blue-faced, cold, face, freezing, frostbite, icicles, subzero, teeth 
png/1F974.png	schwindeliges Gesicht	Gesichter & Gefühle	angeheitert angeschwipst angetrunken benebelt berauscht beschwipst betrunken gewellt Mund schwindelig schwindlig Smiley woozy face dizzy, drunk, eyes, face, intoxicated, mouth, tipsy, uneven, wavy, woozy 
png/1F635.png	benommenes Gesicht	Gesichter & Gefühle	Augen benommen Gesicht ko krank Kreuze schwindelig schwindlig Smiley face with crossed-out eyes crossed-out, dead, dizzy, eyes, face, feels, knocked, out, sick, tired dead eyes
png/1F635-200D-1F4AB.png	Gesicht mit Spiralen als Augen	Gesichter & Gefühle	Augen Gesicht Höhenangst Hypnose hypnotisiert omg schwindelig schwindlig Smiley Spiralen verwirrt wirr face with spiral eyes confused, dizzy, eyes, face, hypnotized, omg, smiley, spiral, trouble, whoa, woah, woozy 
png/1F92F.png	explodierender Kopf	Gesichter & Gefühle	entsetzt explodieren geschockt Gesicht Kopf Schock schockiert Smiley überwältigt unglaublich exploding head blown, explode, exploding, head, mind, mindblown, no, shocked, way explosion
png/1F920.png	Gesicht mit Cowboyhut	Gesichter & Gefühle	Cowboy Cowboyhut Cowgirl Gesicht Hut Smiley cowboy hat face cowboy, cowgirl, face, hat howdy
png/1F973.png	Partygesicht	Gesichter & Gefühle	aufgeregt Feier Fest fröhlich Geburtstag Gesicht Glückwunsch Hurra Hut Party Smiley Überraschung partying face bday, birthday, celebrate, celebration, excited, face, happy, hat, hooray, horn, party, partying 
png/1F978.png	verkleidet	Gesichter & Gefühle	Brille Gesicht incognito inkognito Maske Nase Nasenbrille Person Smiley spionieren verdeckt verkleidet Verkleidung disguised face disguise, eyebrow, face, glasses, incognito, moustache, mustache, nose, person, spy, tache, tash 
png/1F60E.png	lächelndes Gesicht mit Sonnenbrille	Gesichter & Gefühle	cool Gesicht lächeln Smiley Sonnenbrille smiling face with sunglasses awesome, beach, bright, bro, chilling, cool, face, rad, relaxed, shades, slay, smile, style, sunglasses, swag, win 
png/1F913.png	Strebergesicht	Gesichter & Gefühle	Brille Gesicht intelligent klug Nerd schlau Schlaumeier smart Smiley Streber Strebergesicht nerd face brainy, clever, expert, face, geek, gifted, glasses, intelligent, nerd, smart glasses, learning
png/1F9D0.png	Gesicht mit Monokel	Gesichter & Gefühle	elegant Gesicht Monokel reich Smiley face with monocle classy, face, fancy, monocle, rich, stuffy, wealthy glasses, intelligent
png/1F615.png	verwundertes Gesicht	Gesichter & Gefühle	Gesicht keine Ahnung Smiley traurig verwirrt verwundert weiß nicht confused face befuddled, confused, confusing, dunno, face, frown, hm, meh, not, sad, sorry, sure frown
png/1FAE4.png	Gesicht mit schrägem Mund	Gesichter & Gefühle	enttäuscht genervt Gesicht hmpf keine Ahnung langweilig skeptisch Smiley unsicher zweifelnd face with diagonal mouth confused, confusion, diagonal, disappointed, doubt, doubtful, face, frustrated, frustration, meh, mouth, skeptical, unsure, whatever, wtv 
png/1F61F.png	besorgtes Gesicht	Gesichter & Gefühle	besorgt Gesicht Smiley sorgen traurig worried face anxious, butterflies, face, nerves, nervous, sad, stress, stressed, surprised, worried, worry sad
png/1F641.png	betrübtes Gesicht	Gesichter & Gefühle	betrübt Gesicht schade Smiley traurig slightly frowning face face, frown, frowning, sad, slightly 
png/2639.png	düsteres Gesicht	Gesichter & Gefühle	deprimiert düster Gesicht Smiley stirnrunzelnd traurig frowning face face, frown, frowning, sad negative, sad
png/1F62E.png	Gesicht mit offenem Mund	Gesichter & Gefühle	erstaunt Gesicht Mund offen omg schockiert unglaublich vergessen wow face with open mouth believe, face, forgot, mouth, omg, open, shocked, surprised, sympathy, unbelievable, unreal, whoa, wow, you 
png/1F62F.png	verdutztes Gesicht	Gesichter & Gefühle	erstaunt Gesicht omg Smiley sprachlos verdutzt hushed face epic, face, hushed, omg, stunned, surprised, whoa, woah 
png/1F632.png	erstauntes Gesicht	Gesichter & Gefühle	erstaunt Gesicht nee omg schockiert Smiley verwundert astonished face astonished, cost, face, no, omg, shocked, totally, way 
png/1F633.png	errötetes Gesicht mit großen Augen	Gesichter & Gefühle	Augen erröten Gesicht groß peinlich rot Scham schämen Smiley überrascht verlegen Wangen flushed face amazed, awkward, crazy, dazed, dead, disbelief, embarrassed, face, flushed, geez, heat, hot, impressed, jeez, what, wow red jaws
png/1FAEA.png	verzerrtes Gesicht	Gesichter & Gefühle	Angst ängstlich aufgedunsen besorgt Panik panisch schockiert überrascht distorted face anxiety, bloated, panic, shocked, surprised, vulnerable 
png/1F97A.png	bettelndes Gesicht	Gesichter & Gefühle	anflehen Augen betteln bettelnd bitte bitten flehend Gesicht groß Kulleraugen Smiley traurig Welpenaugen pleading face begging, big, eyes, face, mercy, not, pleading, please, pretty, puppy, sad, why 
png/1F979.png	Gesicht, das Tränen zurückhält	Gesichter & Gefühle	aufgebracht dankbar Freude Freudentränen gerührt Gesicht Rührung Smiley stolz Tränen weinen zurückhalten face holding back tears admiration, aww, back, cry, embarrassed, face, feelings, grateful, gratitude, holding, joy, please, proud, resist, sad, tears 
png/1F626.png	entsetztes Gesicht	Gesichter & Gefühle	entsetzt Gesicht Mund offen schockiert Smiley verwundert frowning face with open mouth caught, face, frown, frowning, guard, mouth, open, scared, scary, surprise, what, wow 
png/1F627.png	qualvolles Gesicht	Gesichter & Gefühle	arm Gesicht leidend qualvoll Smiley vergessen wow anguished face anguished, face, forgot, scared, scary, stressed, surprise, unhappy, what, wow 
png/1F628.png	ängstliches Gesicht	Gesichter & Gefühle	Angst ängstlich besorgt Gesicht fearful face afraid, anxious, blame, face, fear, fearful, scared, worried 
png/1F630.png	besorgtes Gesicht mit Schweißtropfen	Gesichter & Gefühle	Angst ängstlich Angstschweiß besorgt Gesicht Mund nervös offen Schweiß anxious face with sweat anxious, blue, cold, eek, face, mouth, nervous, open, rushed, scared, sweat, yikes anxious, worried, considerate
png/1F625.png	trauriges aber erleichtertes Gesicht	Gesichter & Gefühle	ängstlich enttäuscht erleichtert Gesicht knapp Schweiß traurig sad but relieved face anxious, call, close, complicated, disappointed, face, not, relieved, sad, sweat, time, whew anxious
png/1F622.png	weinendes Gesicht	Gesichter & Gefühle	Gesicht Smiley Träne traurig weinen crying face awful, cry, crying, face, feels, miss, sad, tear, triste, unhappy 
png/1F62D.png	heulendes Gesicht	Gesichter & Gefühle	flennen Gesicht heulen schluchzen Smiley Tränen Tränenfluss traurig weinen loudly crying face bawling, cry, crying, face, loudly, sad, sob, tear, tears, unhappy 
png/1F631.png	vor Angst schreiendes Gesicht	Gesichter & Gefühle	Angst ängstlich Gesicht Munch omg Panik Schrei schreien schreiend face screaming in fear epic, face, fear, fearful, munch, scared, scream, screamer, screaming, shocked, surprised, woah open mouth
png/1F616.png	verwirrtes Gesicht	Gesichter & Gefühle	bestürzt frustriert Gesicht konfus Smiley verwirrt verzweifelt confounded face annoyed, confounded, confused, cringe, distraught, face, feels, frustrated, mad, sad 
png/1F623.png	entschlossenes Gesicht	Gesichter & Gefühle	ausdauernd durchhalten Fokus Gesicht Konzentration konzentrieren Kopfschmerzen persevering face concentrate, concentration, face, focus, headache, persevere, persevering ouch
png/1F61E.png	enttäuschtes Gesicht	Gesichter & Gefühle	enttäuscht Gesicht leider schade Smiley traurig verloren disappointed face awful, blame, dejected, disappointed, face, fail, losing, sad, unhappy 
png/1F613.png	bedrücktes Gesicht mit Schweiß	Gesichter & Gefühle	Angstschweiß Augen bedrückt geschlossen Gesicht Kopfschmerzen Schweiß Smiley downcast face with sweat close, cold, downcast, face, feels, headache, nervous, sad, scared, sweat, yikes 
png/1F629.png	erschöpftes Gesicht	Gesichter & Gefühle	erschöpft Fehlschlag Gesicht hungrig müde nein Smiley unglücklich weary face crying, face, fail, feels, hungry, mad, nooo, sad, sleepy, tired, unhappy, weary distraught
png/1F62B.png	müdes Gesicht	Gesichter & Gefühle	Gesicht müde niesen Smiley traurig tired face cost, face, feels, nap, sad, sneeze, tired exhausted
png/1F971.png	gähnendes Gesicht	Gesichter & Gefühle	gähnen gähnend gelangweilt Gesicht langweilig müde öde schnarch Smiley zzz yawning face bedtime, bored, face, goodnight, nap, night, sleep, sleepy, tired, whatever, yawn, yawning, zzz 
png/1F624.png	schnaubendes Gesicht	Gesichter & Gefühle	erleichtert Gesicht gewonnen schnaubendes Gesicht face with steam from nose anger, angry, face, feels, fume, fuming, furious, fury, mad, nose, steam, triumph, unhappy, won 
png/1F621.png	schmollendes Gesicht	Gesichter & Gefühle	Gesicht rot Rot angelaufener Smiley schmollendes Gesicht wütend enraged face anger, angry, enraged, face, feels, mad, maddening, pouting, rage, red, shade, unhappy, upset 
png/1F620.png	verärgertes Gesicht	Gesichter & Gefühle	ärgern böse Gesicht Smiley verärgert Wut wütend zornig angry face anger, angry, blame, face, feels, frustrated, mad, maddening, rage, shade, unhappy, upset 
png/1F92C.png	Gesicht mit Symbolen über dem Mund	Gesichter & Gefühle	Ärger ärgern fluchen Gesicht Mund schimpfen Schimpfwort Smiley Symbole verdammt Wut wütend Zensur face with symbols on mouth censor, cursing, cussing, face, mad, mouth, pissed, swearing, symbols angry
png/1F608.png	grinsendes Gesicht mit Hörnern	Gesichter & Gefühle	böse Dämon Dämonin Fantasie grinsen Hörner lila Märchen Satan Smiley Teufel violett smiling face with horns demon, devil, evil, face, fairy, fairytale, fantasy, horns, purple, shade, smile, smiling, tale malicious, sardonic
png/1F47F.png	wütendes Gesicht mit Hörnern	Gesichter & Gefühle	böse Dämon Dämonin Fantasie Fantasy Gesicht Hörner Kobold lila Märchen Satan Teufel Teufelchen violett wütend angry face with horns angry, demon, devil, evil, face, fairy, fairytale, fantasy, horns, imp, mischievous, purple, shade, tale mean
png/1F480.png	Totenkopf	Gesichter & Gefühle	Gesicht Knochen Märchen Schädel Tod tot Totenkopf yolo skull body, dead, death, face, fairy, fairytale, i’m, lmao, monster, tale, yolo skull
png/2620.png	Totenkopf mit gekreuzten Knochen	Gesichter & Gefühle	gekreuzt Gesicht Knochen Piratenflagge Schädel Tod tot Totenkopf skull and crossbones bone, crossbones, dead, death, face, monster, skull 
png/1F4A9.png	Kothaufen	Gesichter & Gefühle	Kot Kothaufen Mist pile of poo bs, comic, doo, dung, face, fml, monster, pile, poo, poop, smelly, smh, stink, stinks, stinky, turd 
png/1F921.png	Clown-Gesicht	Gesichter & Gefühle	Clown Clown-Gesicht Gesicht clown face clown, face 
png/1F479.png	Ungeheuer	Gesichter & Gefühle	Gesicht gruselig Japan japanisch Märchen Maske Monster Oger Ungeheuer ogre creature, devil, face, fairy, fairytale, fantasy, mask, monster, scary, tale 
png/1F47A.png	Kobold	Gesichter & Gefühle	gemein Gesicht Japan japanisch Kobold Märchen Maske Monster Tengu Ungeheuer wütend goblin angry, creature, face, fairy, fairytale, fantasy, mask, mean, monster, tale 
png/1F47B.png	Gespenst	Gesichter & Gefühle	buh Fantasy Geist Gesicht Gespenst gruselig Halloween Märchen Spuk Zunge ghost boo, creature, excited, face, fairy, fairytale, fantasy, halloween, haunting, monster, scary, silly, tale ghost
png/1F47D.png	Außerirdischer	Gesichter & Gefühle	Alien All außerirdisch Außerirdische Außerirdischer Fantasy Gesicht Märchen Monster UFO Weltraum Wesen alien creature, extraterrestrial, face, fairy, fairytale, fantasy, monster, space, tale, ufo alien
png/1F47E.png	Computerspiel-Monster	Gesichter & Gefühle	Computerspiel-Monster Gesicht Monster UFO alien monster alien, creature, extraterrestrial, face, fairy, fairytale, fantasy, game, gamer, games, monster, pixelated, space, tale, ufo 
png/1F916.png	Roboter	Gesichter & Gefühle	Gesicht Monster Roboter Robotergesicht Roboterkopf robot face, monster 
png/1F63A.png	grinsende Katze	Gesichter & Gefühle	Gesicht grinsen Katze Katzengesicht lachen lol lustig Mund offen Smiley Tier grinning cat animal, cat, face, grinning, mouth, open, smile, smiling grinning
png/1F638.png	grinsende Katze mit lachenden Augen	Gesichter & Gefühle	Augen Gesicht grinsen Katze Katzengesicht lachen Smiley Tier grinning cat with smiling eyes animal, cat, eye, eyes, face, grin, grinning, smile, smiling grinning
png/1F639.png	Katze mit Freudentränen	Gesichter & Gefühle	Freude Freudentränen Gesicht Katze Katzengesicht lachen Smiley Tier Tränen cat with tears of joy animal, cat, face, joy, laugh, laughing, lol, tear, tears laughing, smile
png/1F63B.png	lachende Katze mit Herzen als Augen	Gesichter & Gefühle	Augen Gesicht Herzaugen Herzen Katze Katzengesicht lächeln lachen Liebe Smiley Tier verliebt smiling cat with heart-eyes animal, cat, eye, face, heart, heart-eyes, love, smile, smiling hearts, red
png/1F63C.png	verwegen lächelnde Katze	Gesichter & Gefühle	Gesicht grinsen ironisch Katze Katzengesicht lächeln lachen Smiley Tier verwegen cat with wry smile animal, cat, face, ironic, smile, wry 
png/1F63D.png	küssende Katze	Gesichter & Gefühle	Augen geschlossen Gesicht Katze Katzengesicht Kuss Küsschen Küsse küssen rot Smiley Tier Wangen kissing cat animal, cat, closed, eye, eyes, face, kiss, kissing 
png/1F640.png	erschöpfte Katze	Gesichter & Gefühle	Angst erschöpft Gesicht Katze Katzengesicht Panik Schock schockiert Schrei schreien Smiley Tier überrascht weary cat animal, cat, face, oh, surprised, weary wow
png/1F63F.png	weinende Katze	Gesichter & Gefühle	Gesicht Katze Katzengesicht Smiley Tier Träne traurig weinen crying cat animal, cat, cry, crying, face, sad, tear unhappy, depressed
png/1F63E.png	schmollende Katze	Gesichter & Gefühle	Gesicht Katze Katzengesicht schmollen Schmollmund Smiley Tier verärgert pouting cat animal, cat, face, pouting sad, angry
png/1F648.png	sich die Augen zuhaltendes Affengesicht	Gesichter & Gefühle	Affe Affengesicht Augen böse Geheimnis gemein Geste nein omg sehen Tier verboten vergessen verstecken zuhalten see-no-evil monkey embarrassed, evil, face, forbidden, forgot, gesture, hide, monkey, no, omg, prohibited, scared, secret, smh, watch 
png/1F649.png	sich die Ohren zuhaltendes Affengesicht	Gesichter & Gefühle	Affe Affengesicht böse Geheimnis gemein Geste hören nein Ohren Tier verboten zuhalten zuhören hear-no-evil monkey animal, ears, evil, face, forbidden, gesture, hear, listen, monkey, no, not, prohibited, secret, shh, tmi 
png/1F64A.png	sich den Mund zuhaltendes Affengesicht	Gesichter & Gefühle	Affe Affengesicht böse Geheimnis gemein Geste Hand heimlich leise Mund nein sagen sprechen still Tier ups verboten zuhalten speak-no-evil monkey animal, evil, face, forbidden, gesture, monkey, no, not, oops, prohibited, quiet, secret, speak, stealth 
png/1F48C.png	Liebesbrief	Gesichter & Gefühle	Brief Herz Liebe Liebesbrief Post Siegel love letter heart, letter, love, mail, romance, valentine 
png/1F498.png	Herz mit Pfeil	Gesichter & Gefühle	Herz Herz mit Pfeil Liebe Pfeil heart with arrow 143, adorbs, arrow, cupid, date, emotion, heart, ily, love, romance, valentine love, inlove
png/1F49D.png	Herz mit Schleife	Gesichter & Gefühle	Herz Hochzeitstag Jahrestag Küsschen Küsse Liebe Schleife Valentinstag xoxo heart with ribbon 143, anniversary, emotion, heart, ily, kisses, ribbon, valentine, xoxo present, love
png/1F496.png	funkelndes Herz	Gesichter & Gefühle	Aufregung funkeln Gefühl glitzern Herz Liebe Morgen Nacht rosa xoxo sparkling heart 143, emotion, excited, good, heart, ily, kisses, morning, night, sparkle, sparkling, xoxo love, inlove
png/1F497.png	wachsendes Herz	Gesichter & Gefühle	Aufregung Gefühl Herz Herzschlag Küsschen Küsse Liebe nervös Nervosität Puls wachsen xoxo growing heart 143, emotion, excited, growing, heart, heartpulse, ily, kisses, muah, nervous, pulse, xoxo love, inlove
png/1F493.png	schlagendes Herz	Gesichter & Gefühle	Gefühl Herz Herzschlag Liebe Puls pulsieren schlagen beating heart 143, beating, cardio, emotion, heart, heartbeat, ily, love, pulsating, pulse love
png/1F49E.png	kreisende Herzen	Gesichter & Gefühle	Emotion Gefühl Herz Herzen Hochzeitstag Jahrestag kreisen Liebe süß revolving hearts 143, adorbs, anniversary, emotion, heart, hearts, revolving 
png/1F495.png	zwei Herzen	Gesichter & Gefühle	Date Gefühl Herz Herzen Hochzeitstag Jahrestag Küsschen Küsse Liebe Rendezvous xoxo zwei two hearts 143, anniversary, date, dating, emotion, heart, hearts, ily, kisses, love, loving, two, xoxo 
png/1F49F.png	Herzdekoration	Gesichter & Gefühle	Deko Emotion Gefühl Herz Herzdekoration Liebe lila violett weiß heart decoration 143, decoration, emotion, heart, hearth, purple, white 
png/2763.png	Herz als Ausrufezeichen	Gesichter & Gefühle	Ausrufezeichen Herz Herz als Ausrufezeichen Satzzeichen heart exclamation exclamation, heart, heavy, mark, punctuation 
png/1F494.png	gebrochenes Herz	Gesichter & Gefühle	allein gebrochen Gefühl Herz Herzschmerz Liebeskummer Schmerz traurig Trennung zerbrochen broken heart break, broken, crushed, emotion, heart, heartbroken, lonely, sad heartbreak
png/2764-FE0F-200D-1F525.png	Herz in Flammen	Gesichter & Gefühle	brennendes Herz Herz in Flammen Leidenschaft Liebe heart on fire burn, fire, heart, love, lust, sacred 
png/2764-FE0F-200D-1FA79.png	Herz mit Verband	Gesichter & Gefühle	Besserung genesen Herz mit Verband mending heart healthier, heart, improving, mending, recovering, recuperating, well 
png/2764.png	rotes Herz	Gesichter & Gefühle	Herz rotes Herz red heart emotion, heart, love, red love, red
png/1FA77.png	pinkes Herz	Gesichter & Gefühle	gefallen gefällt Gefühl Herz Liebe mag mögen niedlich pink rosa süß verliebt pink heart 143, adorable, cute, emotion, heart, ily, like, love, pink, special, sweet 
png/1F9E1.png	oranges Herz	Gesichter & Gefühle	Herz Liebe orange orange heart 143, heart, orange 
png/1F49B.png	gelbes Herz	Gesichter & Gefühle	Gefühl gelb Herz herzlich Liebe yellow heart 143, cardiac, emotion, heart, ily, love, yellow 
png/1F49A.png	grünes Herz	Gesichter & Gefühle	Gefühl grün Herz Liebe romantisch green heart 143, emotion, green, heart, ily, love, romantic 
png/1F499.png	blaues Herz	Gesichter & Gefühle	blau Gefühl Herz Liebe romantisch blue heart 143, blue, emotion, heart, ily, love, romance 
png/1FA75.png	hellblaues Herz	Gesichter & Gefühle	aquamarin Emotion gefallen gefällt Gefühl hdl hellblau Herz Liebe mag mögen niedlich süß türkis zyan light blue heart 143, blue, cute, cyan, emotion, heart, ily, light, like, love, sky, special, teal 
png/1F49C.png	lila Herz	Gesichter & Gefühle	beste Gefühl hdl Herz Liebe lila lilafarben violett purple heart 143, bestest, emotion, heart, ily, love, purple 
png/1F90E.png	braunes Herz	Gesichter & Gefühle	braun braunes Herz Herz brown heart 143, brown, heart 
png/1F5A4.png	schwarzes Herz	Gesichter & Gefühle	böse Herz schwarz schwarzes Herz black heart black, evil, heart, wicked 
png/1FA76.png	graues Herz	Gesichter & Gefühle	Emotion grau graues Herz hdl Herz Liebe schieferfarben silber silberfarben grey heart 143, emotion, gray, grey, heart, ily, love, silver, slate, special 
png/1F90D.png	weißes Herz	Gesichter & Gefühle	Herz weiß weißes Herz white heart 143, heart, white 
png/1F48B.png	Kussabdruck	Gesichter & Gefühle	Gefühl Knutsch Kuss Kussabdruck küssen Liebe Lippen Lippenstift romantisch sexy kiss mark dating, emotion, heart, kiss, kissing, lips, mark, romance, sexy love
png/1F4AF.png	100 Punkte	Gesichter & Gefühle	100 100 Punkte Punktestand volle Punktzahl hundred points 100, a+, agree, clearly, definitely, faithful, fleek, full, hundred, keep, perfect, point, score, true, truth, yup perfect, excellent
png/1F4A2.png	Ärger	Gesichter & Gefühle	Ärger Comic Wut anger symbol anger, angry, comic, mad, symbol, upset 
png/1FAEF.png	Kampfwolke	Gesichter & Gefühle	Handgemenge Kampf Krawall Prügelei Rauferei Schlägerei Streit Wortgefecht fight cloud argument, brawl, debate, disagreement, fight, ruckus, wrestle comic, boom, explosion
png/1F4A5.png	Zusammenstoß	Gesichter & Gefühle	Bombe Boom Comic explodieren Explosion kollidieren Kollision Zusammenstoß zusammenstoßen collision bomb, boom, collide, comic, explode explosion
png/1F4AB.png	schwindlig	Gesichter & Gefühle	benommen Benommenheit Comic Komet schwindlig Stern Sterne Sternschnuppe dizzy comic, shining, shooting, star, stars shootingstar
png/1F4A6.png	Schweißtropfen	Gesichter & Gefühle	Comic feucht nass Schweiß Schweißtropfen schwitzen trainieren Training Tropfen Wasser sweat droplets comic, drip, droplet, droplets, drops, splashing, squirt, sweat, water, wet, work, workout 
png/1F4A8.png	Staubwolke	Gesichter & Gefühle	Comic rennen Staubwolke weglaufen dashing away away, cloud, comic, dash, dashing, fart, fast, go, gone, gotta, running, smoke 
png/1F573.png	Loch	Gesichter & Gefühle	Loch schwarz hole hole 
png/1F4AC.png	Sprechblase mit drei Punkten	Gesichter & Gefühle	Comic Dialog Gespräch Sprechblase Sprechblase mit drei Punkten Unterhaltung speech balloon balloon, bubble, comic, dialog, message, sms, speech, talk, text, typing talk
png/1F441-FE0F-200D-1F5E8-FE0F.png	Auge in Sprechblase	Gesichter & Gefühle	Auge Dialog reden Sprechblase sprechen Zeuge eye in speech bubble balloon, bubble, eye, speech, witness eye, speech bubble, witness
png/1F5E8.png	Sprechblase links	Gesichter & Gefühle	Dialog reden Sprechblase links sprechen Unterhaltung left speech bubble balloon, bubble, dialog, left, speech 
png/1F5EF.png	Sprechblase für wütende Aussage rechts	Gesichter & Gefühle	Sprechblase Sprechblase für wütende Aussage rechts wütend right anger bubble anger, angry, balloon, bubble, mad, right 
png/1F4AD.png	Gedankenblase	Gesichter & Gefühle	Comic Gedankenblase Nachdenken thought balloon balloon, bubble, cartoon, cloud, comic, daydream, decisions, dream, idea, invent, invention, realize, think, thoughts, wonder think
png/1F4A4.png	Schlafen	Gesichter & Gefühle	Buchstaben Comic gähn langweilig müde Nickerchen öde Schlaf Schlafen Schnarchen ZZZ ZZZ comic, good, goodnight, night, sleep, sleeping, sleepy, tired, zzz night
png/1F44B.png	winkende Hand	Menschen & Gesten	auf Wiedersehen bis später ciao guten Tag hallo Hand hey hi tschüs tschüss winken waving hand bye, cya, g2g, greetings, gtg, hand, hello, hey, hi, later, outtie, ttfn, ttyl, wave, yo, you hello, goodbye, waving hand sign, wave
png/1F44B-1F3FB.png	waving hand: light skin tone	Menschen & Gesten	 waving hand: light skin tone  
png/1F44B-1F3FC.png	waving hand: medium-light skin tone	Menschen & Gesten	 waving hand: medium-light skin tone  
png/1F44B-1F3FD.png	waving hand: medium skin tone	Menschen & Gesten	 waving hand: medium skin tone  
png/1F44B-1F3FE.png	waving hand: medium-dark skin tone	Menschen & Gesten	 waving hand: medium-dark skin tone  
png/1F44B-1F3FF.png	waving hand: dark skin tone	Menschen & Gesten	 waving hand: dark skin tone  
png/1F91A.png	erhobene Hand von hinten	Menschen & Gesten	erhoben erhobene Hand von hinten erhobener Handrücken Hand raised back of hand back, backhand, hand, raised backhand, raised, hand
png/1F91A-1F3FB.png	raised back of hand: light skin tone	Menschen & Gesten	 raised back of hand: light skin tone  
png/1F91A-1F3FC.png	raised back of hand: medium-light skin tone	Menschen & Gesten	 raised back of hand: medium-light skin tone  
png/1F91A-1F3FD.png	raised back of hand: medium skin tone	Menschen & Gesten	 raised back of hand: medium skin tone  
png/1F91A-1F3FE.png	raised back of hand: medium-dark skin tone	Menschen & Gesten	 raised back of hand: medium-dark skin tone  
png/1F91A-1F3FF.png	raised back of hand: dark skin tone	Menschen & Gesten	 raised back of hand: dark skin tone  
png/1F590.png	Hand mit gespreizten Fingern	Menschen & Gesten	5 Finger fünf gespreizt Hand Hand mit gespreizten Fingern hand with fingers splayed finger, fingers, hand, raised, splayed, stop five hand, hand, five, splayed
png/1F590-1F3FB.png	hand with fingers splayed: light skin tone	Menschen & Gesten	 hand with fingers splayed: light skin tone  
png/1F590-1F3FC.png	hand with fingers splayed: medium-light skin tone	Menschen & Gesten	 hand with fingers splayed: medium-light skin tone  
png/1F590-1F3FD.png	hand with fingers splayed: medium skin tone	Menschen & Gesten	 hand with fingers splayed: medium skin tone  
png/1F590-1F3FE.png	hand with fingers splayed: medium-dark skin tone	Menschen & Gesten	 hand with fingers splayed: medium-dark skin tone  
png/1F590-1F3FF.png	hand with fingers splayed: dark skin tone	Menschen & Gesten	 hand with fingers splayed: dark skin tone  
png/270B.png	erhobene Hand	Menschen & Gesten	5 erhoben halt Hand Handfläche high five schlag ein Stopp warte raised hand 5, five, hand, high, raised, stop raise, raised, hand, stop
png/270B-1F3FB.png	raised hand: light skin tone	Menschen & Gesten	 raised hand: light skin tone  
png/270B-1F3FC.png	raised hand: medium-light skin tone	Menschen & Gesten	 raised hand: medium-light skin tone  
png/270B-1F3FD.png	raised hand: medium skin tone	Menschen & Gesten	 raised hand: medium skin tone  
png/270B-1F3FE.png	raised hand: medium-dark skin tone	Menschen & Gesten	 raised hand: medium-dark skin tone  
png/270B-1F3FF.png	raised hand: dark skin tone	Menschen & Gesten	 raised hand: dark skin tone  
png/1F596.png	vulkanischer Gruß	Menschen & Gesten	Finger Gruß grüßen Hand Hände spreizen vulcan salute finger, hand, hands, salute, vulcan fingers, star trek
png/1F596-1F3FB.png	vulcan salute: light skin tone	Menschen & Gesten	 vulcan salute: light skin tone  
png/1F596-1F3FC.png	vulcan salute: medium-light skin tone	Menschen & Gesten	 vulcan salute: medium-light skin tone  
png/1F596-1F3FD.png	vulcan salute: medium skin tone	Menschen & Gesten	 vulcan salute: medium skin tone  
png/1F596-1F3FE.png	vulcan salute: medium-dark skin tone	Menschen & Gesten	 vulcan salute: medium-dark skin tone  
png/1F596-1F3FF.png	vulcan salute: dark skin tone	Menschen & Gesten	 vulcan salute: dark skin tone  
png/1FAF1.png	nach rechts weisende Hand	Menschen & Gesten	ausgestreckt ausstrecken Hand Hände Händeschütteln rechts reichen schütteln weisen rightwards hand hand, handshake, hold, reach, right, rightward, rightwards, shake 
png/1FAF1-1F3FB.png	rightwards hand: light skin tone	Menschen & Gesten	 rightwards hand: light skin tone  
png/1FAF1-1F3FC.png	rightwards hand: medium-light skin tone	Menschen & Gesten	 rightwards hand: medium-light skin tone  
png/1FAF1-1F3FD.png	rightwards hand: medium skin tone	Menschen & Gesten	 rightwards hand: medium skin tone  
png/1FAF1-1F3FE.png	rightwards hand: medium-dark skin tone	Menschen & Gesten	 rightwards hand: medium-dark skin tone  
png/1FAF1-1F3FF.png	rightwards hand: dark skin tone	Menschen & Gesten	 rightwards hand: dark skin tone  
png/1FAF2.png	nach links weisende Hand	Menschen & Gesten	ausgestreckt ausstrecken Hand Hände Händeschütteln links reichen schütteln weisen leftwards hand hand, handshake, hold, left, leftward, leftwards, reach, shake 
png/1FAF2-1F3FB.png	leftwards hand: light skin tone	Menschen & Gesten	 leftwards hand: light skin tone  
png/1FAF2-1F3FC.png	leftwards hand: medium-light skin tone	Menschen & Gesten	 leftwards hand: medium-light skin tone  
png/1FAF2-1F3FD.png	leftwards hand: medium skin tone	Menschen & Gesten	 leftwards hand: medium skin tone  
png/1FAF2-1F3FE.png	leftwards hand: medium-dark skin tone	Menschen & Gesten	 leftwards hand: medium-dark skin tone  
png/1FAF2-1F3FF.png	leftwards hand: dark skin tone	Menschen & Gesten	 leftwards hand: dark skin tone  
png/1FAF3.png	Hand mit Handfläche nach unten	Menschen & Gesten	abweisen fallen lassen fallenlassen Hand Handfläche Handgeste hau ab unten verscheuchen wegscheuchen wegschicken palm down hand dismiss, down, drop, dropped, hand, palm, pick, shoo, up 
png/1FAF3-1F3FB.png	palm down hand: light skin tone	Menschen & Gesten	 palm down hand: light skin tone  
png/1FAF3-1F3FC.png	palm down hand: medium-light skin tone	Menschen & Gesten	 palm down hand: medium-light skin tone  
png/1FAF3-1F3FD.png	palm down hand: medium skin tone	Menschen & Gesten	 palm down hand: medium skin tone  
png/1FAF3-1F3FE.png	palm down hand: medium-dark skin tone	Menschen & Gesten	 palm down hand: medium-dark skin tone  
png/1FAF3-1F3FF.png	palm down hand: dark skin tone	Menschen & Gesten	 palm down hand: dark skin tone  
png/1FAF4.png	Hand mit Handfläche nach oben	Menschen & Gesten	anbieten Angebot darbieten einladen entgegenstrecken Hand Handfläche Handgeste kommen locken oben reichen palm up hand beckon, catch, come, hand, hold, know, lift, me, offer, palm, tell 
png/1FAF4-1F3FB.png	palm up hand: light skin tone	Menschen & Gesten	 palm up hand: light skin tone  
png/1FAF4-1F3FC.png	palm up hand: medium-light skin tone	Menschen & Gesten	 palm up hand: medium-light skin tone  
png/1FAF4-1F3FD.png	palm up hand: medium skin tone	Menschen & Gesten	 palm up hand: medium skin tone  
png/1FAF4-1F3FE.png	palm up hand: medium-dark skin tone	Menschen & Gesten	 palm up hand: medium-dark skin tone  
png/1FAF4-1F3FF.png	palm up hand: dark skin tone	Menschen & Gesten	 palm up hand: dark skin tone  
png/1FAF7.png	nach links schiebende Hand	Menschen & Gesten	drücken Halt Hand High 5 High five links Moment nein schieben Schluss Stopp warte mal warten leftwards pushing hand block, five, halt, hand, high, hold, leftward, leftwards, pause, push, pushing, refuse, slap, stop, wait 
png/1FAF7-1F3FB.png	leftwards pushing hand: light skin tone	Menschen & Gesten	 leftwards pushing hand: light skin tone  
png/1FAF7-1F3FC.png	leftwards pushing hand: medium-light skin tone	Menschen & Gesten	 leftwards pushing hand: medium-light skin tone  
png/1FAF7-1F3FD.png	leftwards pushing hand: medium skin tone	Menschen & Gesten	 leftwards pushing hand: medium skin tone  
png/1FAF7-1F3FE.png	leftwards pushing hand: medium-dark skin tone	Menschen & Gesten	 leftwards pushing hand: medium-dark skin tone  
png/1FAF7-1F3FF.png	leftwards pushing hand: dark skin tone	Menschen & Gesten	 leftwards pushing hand: dark skin tone  
png/1FAF8.png	nach rechts schiebende Hand	Menschen & Gesten	drücken Halt Hand High 5 High five Moment nein rechts schieben Schluss Stopp warte mal warten rightwards pushing hand block, five, halt, hand, high, hold, pause, push, pushing, refuse, rightward, rightwards, slap, stop, wait 
png/1FAF8-1F3FB.png	rightwards pushing hand: light skin tone	Menschen & Gesten	 rightwards pushing hand: light skin tone  
png/1FAF8-1F3FC.png	rightwards pushing hand: medium-light skin tone	Menschen & Gesten	 rightwards pushing hand: medium-light skin tone  
png/1FAF8-1F3FD.png	rightwards pushing hand: medium skin tone	Menschen & Gesten	 rightwards pushing hand: medium skin tone  
png/1FAF8-1F3FE.png	rightwards pushing hand: medium-dark skin tone	Menschen & Gesten	 rightwards pushing hand: medium-dark skin tone  
png/1FAF8-1F3FF.png	rightwards pushing hand: dark skin tone	Menschen & Gesten	 rightwards pushing hand: dark skin tone  
png/1F44C.png	OK-Zeichen	Menschen & Gesten	exzellent Finger genial Hand in Ordnung natürlich OK OK-Zeichen perfekt super OK hand awesome, bet, dope, fleek, fosho, got, gotcha, hand, legit, ok, okay, pinch, rad, sure, sweet, three hand, ok, okay, perfect
png/1F44C-1F3FB.png	OK hand: light skin tone	Menschen & Gesten	 OK hand: light skin tone  
png/1F44C-1F3FC.png	OK hand: medium-light skin tone	Menschen & Gesten	 OK hand: medium-light skin tone  
png/1F44C-1F3FD.png	OK hand: medium skin tone	Menschen & Gesten	 OK hand: medium skin tone  
png/1F44C-1F3FE.png	OK hand: medium-dark skin tone	Menschen & Gesten	 OK hand: medium-dark skin tone  
png/1F44C-1F3FF.png	OK hand: dark skin tone	Menschen & Gesten	 OK hand: dark skin tone  
png/1F90C.png	zusammengedrückte Finger	Menschen & Gesten	Bündelhand Finger Fingerspitzen gehts noch Geste Hand Handgeste italienisch was zusammengedrückt zusammengelegt pinched fingers fingers, gesture, hand, hold, huh, interrogation, patience, pinched, relax, sarcastic, ugh, what, zip 
png/1F90C-1F3FB.png	pinched fingers: light skin tone	Menschen & Gesten	 pinched fingers: light skin tone  
png/1F90C-1F3FC.png	pinched fingers: medium-light skin tone	Menschen & Gesten	 pinched fingers: medium-light skin tone  
png/1F90C-1F3FD.png	pinched fingers: medium skin tone	Menschen & Gesten	 pinched fingers: medium skin tone  
png/1F90C-1F3FE.png	pinched fingers: medium-dark skin tone	Menschen & Gesten	 pinched fingers: medium-dark skin tone  
png/1F90C-1F3FF.png	pinched fingers: dark skin tone	Menschen & Gesten	 pinched fingers: dark skin tone  
png/1F90F.png	Wenig-Geste	Menschen & Gesten	Betrag Finger gering Geste Hand klein Menge unbedeutend wenig Wenig-Geste winzig pinching hand amount, bit, fingers, hand, little, pinching, small, sort 
png/1F90F-1F3FB.png	pinching hand: light skin tone	Menschen & Gesten	 pinching hand: light skin tone  
png/1F90F-1F3FC.png	pinching hand: medium-light skin tone	Menschen & Gesten	 pinching hand: medium-light skin tone  
png/1F90F-1F3FD.png	pinching hand: medium skin tone	Menschen & Gesten	 pinching hand: medium skin tone  
png/1F90F-1F3FE.png	pinching hand: medium-dark skin tone	Menschen & Gesten	 pinching hand: medium-dark skin tone  
png/1F90F-1F3FF.png	pinching hand: dark skin tone	Menschen & Gesten	 pinching hand: dark skin tone  
png/270C.png	Victory-Geste	Menschen & Gesten	Sieg V Victory Victory-Geste victory hand hand, peace, v, victory hand, v, victory, air quotes, quotes, peace, peace sign, V sign
png/270C-1F3FB.png	victory hand: light skin tone	Menschen & Gesten	 victory hand: light skin tone  
png/270C-1F3FC.png	victory hand: medium-light skin tone	Menschen & Gesten	 victory hand: medium-light skin tone  
png/270C-1F3FD.png	victory hand: medium skin tone	Menschen & Gesten	 victory hand: medium skin tone  
png/270C-1F3FE.png	victory hand: medium-dark skin tone	Menschen & Gesten	 victory hand: medium-dark skin tone  
png/270C-1F3FF.png	victory hand: dark skin tone	Menschen & Gesten	 victory hand: dark skin tone  
png/1F91E.png	Hand mit gekreuzten Fingern	Menschen & Gesten	Finger gekreuzt Hand Hand mit gekreuzten Fingern crossed fingers cross, crossed, finger, fingers, hand, luck fingers crossed, crossed, fingers, good luck, luck
png/1F91E-1F3FB.png	crossed fingers: light skin tone	Menschen & Gesten	 crossed fingers: light skin tone  
png/1F91E-1F3FC.png	crossed fingers: medium-light skin tone	Menschen & Gesten	 crossed fingers: medium-light skin tone  
png/1F91E-1F3FD.png	crossed fingers: medium skin tone	Menschen & Gesten	 crossed fingers: medium skin tone  
png/1F91E-1F3FE.png	crossed fingers: medium-dark skin tone	Menschen & Gesten	 crossed fingers: medium-dark skin tone  
png/1F91E-1F3FF.png	crossed fingers: dark skin tone	Menschen & Gesten	 crossed fingers: dark skin tone  
png/1FAF0.png	Hand mit gekreuztem Zeigefinger und Daumen	Menschen & Gesten	Daumen Finger Fingerherz gekreuzt Geld Hand Handgeste Kosten teuer Zeigefinger hand with index finger and thumb crossed <3, crossed, expensive, finger, hand, heart, index, love, money, snap, thumb 
png/1FAF0-1F3FB.png	hand with index finger and thumb crossed: light skin tone	Menschen & Gesten	 hand with index finger and thumb crossed: light skin tone  
png/1FAF0-1F3FC.png	hand with index finger and thumb crossed: medium-light skin tone	Menschen & Gesten	 hand with index finger and thumb crossed: medium-light skin tone  
png/1FAF0-1F3FD.png	hand with index finger and thumb crossed: medium skin tone	Menschen & Gesten	 hand with index finger and thumb crossed: medium skin tone  
png/1FAF0-1F3FE.png	hand with index finger and thumb crossed: medium-dark skin tone	Menschen & Gesten	 hand with index finger and thumb crossed: medium-dark skin tone  
png/1FAF0-1F3FF.png	hand with index finger and thumb crossed: dark skin tone	Menschen & Gesten	 hand with index finger and thumb crossed: dark skin tone  
png/1F91F.png	Ich-liebe-dich-Geste	Menschen & Gesten	drei Finger Geste Hand hdl Ich-liebe-dich-Geste Liebe love-you gesture fingers, gesture, hand, ily, love, love-you, three, you hand, love, heavy metal
png/1F91F-1F3FB.png	love-you gesture: light skin tone	Menschen & Gesten	 love-you gesture: light skin tone  
png/1F91F-1F3FC.png	love-you gesture: medium-light skin tone	Menschen & Gesten	 love-you gesture: medium-light skin tone  
png/1F91F-1F3FD.png	love-you gesture: medium skin tone	Menschen & Gesten	 love-you gesture: medium skin tone  
png/1F91F-1F3FE.png	love-you gesture: medium-dark skin tone	Menschen & Gesten	 love-you gesture: medium-dark skin tone  
png/1F91F-1F3FF.png	love-you gesture: dark skin tone	Menschen & Gesten	 love-you gesture: dark skin tone  
png/1F918.png	Teufelsgruß	Menschen & Gesten	corna Finger Hand Heavy Hörner Mano cornuta Metal Metalhand Pommesgabel Rock Teufel Teufelsgruß yeah sign of the horns finger, hand, horns, rock-on, sign rock on, finger, hand, horns, rock-on, rock, devil, devil fingers, heavy, metal, heavy metal, rock
png/1F918-1F3FB.png	sign of the horns: light skin tone	Menschen & Gesten	 sign of the horns: light skin tone  
png/1F918-1F3FC.png	sign of the horns: medium-light skin tone	Menschen & Gesten	 sign of the horns: medium-light skin tone  
png/1F918-1F3FD.png	sign of the horns: medium skin tone	Menschen & Gesten	 sign of the horns: medium skin tone  
png/1F918-1F3FE.png	sign of the horns: medium-dark skin tone	Menschen & Gesten	 sign of the horns: medium-dark skin tone  
png/1F918-1F3FF.png	sign of the horns: dark skin tone	Menschen & Gesten	 sign of the horns: dark skin tone  
png/1F919.png	Ruf-mich-an-Handzeichen	Menschen & Gesten	Anruf anrufen Hand ruf Ruf-mich-an-Handzeichen Shaka call me hand call, hand, hang, loose, me, shaka call me hand, call, hand, phone, shaka sign, hang loose, right on
png/1F919-1F3FB.png	call me hand: light skin tone	Menschen & Gesten	 call me hand: light skin tone  
png/1F919-1F3FC.png	call me hand: medium-light skin tone	Menschen & Gesten	 call me hand: medium-light skin tone  
png/1F919-1F3FD.png	call me hand: medium skin tone	Menschen & Gesten	 call me hand: medium skin tone  
png/1F919-1F3FE.png	call me hand: medium-dark skin tone	Menschen & Gesten	 call me hand: medium-dark skin tone  
png/1F919-1F3FF.png	call me hand: dark skin tone	Menschen & Gesten	 call me hand: dark skin tone  
png/1F448.png	nach links weisender Zeigefinger	Menschen & Gesten	Finger Handrückseite links weisen Zeigefinger zeigen backhand index pointing left backhand, finger, hand, index, left, point, pointing backhand, finger, hand, index, point, left, point left
png/1F448-1F3FB.png	backhand index pointing left: light skin tone	Menschen & Gesten	 backhand index pointing left: light skin tone  
png/1F448-1F3FC.png	backhand index pointing left: medium-light skin tone	Menschen & Gesten	 backhand index pointing left: medium-light skin tone  
png/1F448-1F3FD.png	backhand index pointing left: medium skin tone	Menschen & Gesten	 backhand index pointing left: medium skin tone  
png/1F448-1F3FE.png	backhand index pointing left: medium-dark skin tone	Menschen & Gesten	 backhand index pointing left: medium-dark skin tone  
png/1F448-1F3FF.png	backhand index pointing left: dark skin tone	Menschen & Gesten	 backhand index pointing left: dark skin tone  
png/1F449.png	nach rechts weisender Zeigefinger	Menschen & Gesten	Finger Handrückseite rechts weisen Zeigefinger zeigen backhand index pointing right backhand, finger, hand, index, point, pointing, right backhand, finger, hand, index, point, right, point right
png/1F449-1F3FB.png	backhand index pointing right: light skin tone	Menschen & Gesten	 backhand index pointing right: light skin tone  
png/1F449-1F3FC.png	backhand index pointing right: medium-light skin tone	Menschen & Gesten	 backhand index pointing right: medium-light skin tone  
png/1F449-1F3FD.png	backhand index pointing right: medium skin tone	Menschen & Gesten	 backhand index pointing right: medium skin tone  
png/1F449-1F3FE.png	backhand index pointing right: medium-dark skin tone	Menschen & Gesten	 backhand index pointing right: medium-dark skin tone  
png/1F449-1F3FF.png	backhand index pointing right: dark skin tone	Menschen & Gesten	 backhand index pointing right: dark skin tone  
png/1F446.png	nach oben weisender Zeigefinger von hinten	Menschen & Gesten	aufwärts Finger Handrücken Handrückseite hier hinauf melden oben rauf weisen Zeigefinger zeigen backhand index pointing up backhand, finger, hand, index, point, pointing, up backhand, finger, hand, index, point, up, point up
png/1F446-1F3FB.png	backhand index pointing up: light skin tone	Menschen & Gesten	 backhand index pointing up: light skin tone  
png/1F446-1F3FC.png	backhand index pointing up: medium-light skin tone	Menschen & Gesten	 backhand index pointing up: medium-light skin tone  
png/1F446-1F3FD.png	backhand index pointing up: medium skin tone	Menschen & Gesten	 backhand index pointing up: medium skin tone  
png/1F446-1F3FE.png	backhand index pointing up: medium-dark skin tone	Menschen & Gesten	 backhand index pointing up: medium-dark skin tone  
png/1F446-1F3FF.png	backhand index pointing up: dark skin tone	Menschen & Gesten	 backhand index pointing up: dark skin tone  
png/1F595.png	Mittelfinger	Menschen & Gesten	Finger Hand Mittelfinger middle finger finger, hand, middle finger, hand, fingering
png/1F595-1F3FB.png	middle finger: light skin tone	Menschen & Gesten	 middle finger: light skin tone  
png/1F595-1F3FC.png	middle finger: medium-light skin tone	Menschen & Gesten	 middle finger: medium-light skin tone  
png/1F595-1F3FD.png	middle finger: medium skin tone	Menschen & Gesten	 middle finger: medium skin tone  
png/1F595-1F3FE.png	middle finger: medium-dark skin tone	Menschen & Gesten	 middle finger: medium-dark skin tone  
png/1F595-1F3FF.png	middle finger: dark skin tone	Menschen & Gesten	 middle finger: dark skin tone  
png/1F447.png	nach unten weisender Zeigefinger	Menschen & Gesten	abwärts Finger Handrücken Handrückseite hinab hinunter runter unten weisen Zeigefinger zeigen backhand index pointing down backhand, down, finger, hand, index, point, pointing backhand, finger, hand, index, point, down, point down
png/1F447-1F3FB.png	backhand index pointing down: light skin tone	Menschen & Gesten	 backhand index pointing down: light skin tone  
png/1F447-1F3FC.png	backhand index pointing down: medium-light skin tone	Menschen & Gesten	 backhand index pointing down: medium-light skin tone  
png/1F447-1F3FD.png	backhand index pointing down: medium skin tone	Menschen & Gesten	 backhand index pointing down: medium skin tone  
png/1F447-1F3FE.png	backhand index pointing down: medium-dark skin tone	Menschen & Gesten	 backhand index pointing down: medium-dark skin tone  
png/1F447-1F3FF.png	backhand index pointing down: dark skin tone	Menschen & Gesten	 backhand index pointing down: dark skin tone  
png/261D.png	nach oben weisender Zeigefinger von vorne	Menschen & Gesten	Finger Hand Handvorderseite hier melden oben weisen Zeigefinger zeigen index pointing up finger, hand, index, point, pointing, this, up finger, hand, index, point, up
png/261D-1F3FB.png	index pointing up: light skin tone	Menschen & Gesten	 index pointing up: light skin tone  
png/261D-1F3FC.png	index pointing up: medium-light skin tone	Menschen & Gesten	 index pointing up: medium-light skin tone  
png/261D-1F3FD.png	index pointing up: medium skin tone	Menschen & Gesten	 index pointing up: medium skin tone  
png/261D-1F3FE.png	index pointing up: medium-dark skin tone	Menschen & Gesten	 index pointing up: medium-dark skin tone  
png/261D-1F3FF.png	index pointing up: dark skin tone	Menschen & Gesten	 index pointing up: dark skin tone  
png/1FAF5.png	auf Betrachter zeigender Zeigefinger	Menschen & Gesten	deuten du Finger Fingerzeig Hand Handgeste Sie stupsen Zeigefinger zeigen index pointing at the viewer at, finger, hand, index, pointing, poke, viewer, you 
png/1FAF5-1F3FB.png	index pointing at the viewer: light skin tone	Menschen & Gesten	 index pointing at the viewer: light skin tone  
png/1FAF5-1F3FC.png	index pointing at the viewer: medium-light skin tone	Menschen & Gesten	 index pointing at the viewer: medium-light skin tone  
png/1FAF5-1F3FD.png	index pointing at the viewer: medium skin tone	Menschen & Gesten	 index pointing at the viewer: medium skin tone  
png/1FAF5-1F3FE.png	index pointing at the viewer: medium-dark skin tone	Menschen & Gesten	 index pointing at the viewer: medium-dark skin tone  
png/1FAF5-1F3FF.png	index pointing at the viewer: dark skin tone	Menschen & Gesten	 index pointing at the viewer: dark skin tone  
png/1F44D.png	Daumen hoch	Menschen & Gesten	Daumen Daumen hoch einverstanden Finger gut Hand in Ordnung jawohl klar klasse like nach oben ok super top thumbs up +1, good, hand, like, thumb, up, yes like, yes, +1, hand, thumb, up, thumbs up, thumbs up
png/1F44D-1F3FB.png	thumbs up: light skin tone	Menschen & Gesten	 thumbs up: light skin tone  
png/1F44D-1F3FC.png	thumbs up: medium-light skin tone	Menschen & Gesten	 thumbs up: medium-light skin tone  
png/1F44D-1F3FD.png	thumbs up: medium skin tone	Menschen & Gesten	 thumbs up: medium skin tone  
png/1F44D-1F3FE.png	thumbs up: medium-dark skin tone	Menschen & Gesten	 thumbs up: medium-dark skin tone  
png/1F44D-1F3FF.png	thumbs up: dark skin tone	Menschen & Gesten	 thumbs up: dark skin tone  
png/1F44E.png	Daumen runter	Menschen & Gesten	Daumen Daumen runter Hand nach unten schlecht thumbs down -1, bad, dislike, down, good, hand, no, nope, thumb, thumbs dislike, no, thumbs down, thumbs down sign, -1, down, hand, thumb, thumbs
png/1F44E-1F3FB.png	thumbs down: light skin tone	Menschen & Gesten	 thumbs down: light skin tone  
png/1F44E-1F3FC.png	thumbs down: medium-light skin tone	Menschen & Gesten	 thumbs down: medium-light skin tone  
png/1F44E-1F3FD.png	thumbs down: medium skin tone	Menschen & Gesten	 thumbs down: medium skin tone  
png/1F44E-1F3FE.png	thumbs down: medium-dark skin tone	Menschen & Gesten	 thumbs down: medium-dark skin tone  
png/1F44E-1F3FF.png	thumbs down: dark skin tone	Menschen & Gesten	 thumbs down: dark skin tone  
png/270A.png	erhobene Faust	Menschen & Gesten	erhoben Faust Hand Kampf Solidarität raised fist clenched, fist, hand, punch, raised, solidarity clenched, fist, hand, punch
png/270A-1F3FB.png	raised fist: light skin tone	Menschen & Gesten	 raised fist: light skin tone  
png/270A-1F3FC.png	raised fist: medium-light skin tone	Menschen & Gesten	 raised fist: medium-light skin tone  
png/270A-1F3FD.png	raised fist: medium skin tone	Menschen & Gesten	 raised fist: medium skin tone  
png/270A-1F3FE.png	raised fist: medium-dark skin tone	Menschen & Gesten	 raised fist: medium-dark skin tone  
png/270A-1F3FF.png	raised fist: dark skin tone	Menschen & Gesten	 raised fist: dark skin tone  
png/1F44A.png	geballte Faust	Menschen & Gesten	absolut Bro Faust geballt Hand korrekt zustimmen oncoming fist absolutely, agree, boom, bro, bruh, bump, clenched, correct, fist, hand, knuckle, oncoming, pound, punch, rock, ttyl clenched, fist, hand, punch, fist, oncoming fist, brofist, bro, bump
png/1F44A-1F3FB.png	oncoming fist: light skin tone	Menschen & Gesten	 oncoming fist: light skin tone  
png/1F44A-1F3FC.png	oncoming fist: medium-light skin tone	Menschen & Gesten	 oncoming fist: medium-light skin tone  
png/1F44A-1F3FD.png	oncoming fist: medium skin tone	Menschen & Gesten	 oncoming fist: medium skin tone  
png/1F44A-1F3FE.png	oncoming fist: medium-dark skin tone	Menschen & Gesten	 oncoming fist: medium-dark skin tone  
png/1F44A-1F3FF.png	oncoming fist: dark skin tone	Menschen & Gesten	 oncoming fist: dark skin tone  
png/1F91B.png	Faust nach links	Menschen & Gesten	Faust Hand nach links left-facing fist fist, left-facing, leftwards fist, left, leftwards, left-facing fist
png/1F91B-1F3FB.png	left-facing fist: light skin tone	Menschen & Gesten	 left-facing fist: light skin tone  
png/1F91B-1F3FC.png	left-facing fist: medium-light skin tone	Menschen & Gesten	 left-facing fist: medium-light skin tone  
png/1F91B-1F3FD.png	left-facing fist: medium skin tone	Menschen & Gesten	 left-facing fist: medium skin tone  
png/1F91B-1F3FE.png	left-facing fist: medium-dark skin tone	Menschen & Gesten	 left-facing fist: medium-dark skin tone  
png/1F91B-1F3FF.png	left-facing fist: dark skin tone	Menschen & Gesten	 left-facing fist: dark skin tone  
png/1F91C.png	Faust nach rechts	Menschen & Gesten	Faust Hand nach rechts right-facing fist fist, right-facing, rightwards right, fist, rightwards, right-facing fist
png/1F91C-1F3FB.png	right-facing fist: light skin tone	Menschen & Gesten	 right-facing fist: light skin tone  
png/1F91C-1F3FC.png	right-facing fist: medium-light skin tone	Menschen & Gesten	 right-facing fist: medium-light skin tone  
png/1F91C-1F3FD.png	right-facing fist: medium skin tone	Menschen & Gesten	 right-facing fist: medium skin tone  
png/1F91C-1F3FE.png	right-facing fist: medium-dark skin tone	Menschen & Gesten	 right-facing fist: medium-dark skin tone  
png/1F91C-1F3FF.png	right-facing fist: dark skin tone	Menschen & Gesten	 right-facing fist: dark skin tone  
png/1F44F.png	klatschende Hände	Menschen & Gesten	applaudieren Applaus Beifall Gratulation großartig gut Hand Hände Klatschen klatschend toll clapping hands applause, approval, awesome, clap, congrats, congratulations, excited, good, great, hand, homie, job, nice, prayed, well, yay clap, hand, clapping hands, applause, clap, clapping, golf clap, round of applause
png/1F44F-1F3FB.png	clapping hands: light skin tone	Menschen & Gesten	 clapping hands: light skin tone  
png/1F44F-1F3FC.png	clapping hands: medium-light skin tone	Menschen & Gesten	 clapping hands: medium-light skin tone  
png/1F44F-1F3FD.png	clapping hands: medium skin tone	Menschen & Gesten	 clapping hands: medium skin tone  
png/1F44F-1F3FE.png	clapping hands: medium-dark skin tone	Menschen & Gesten	 clapping hands: medium-dark skin tone  
png/1F44F-1F3FF.png	clapping hands: dark skin tone	Menschen & Gesten	 clapping hands: dark skin tone  
png/1F64C.png	zwei erhobene Handflächen	Menschen & Gesten	erhoben feiern Geste Hände Handflächen hurra zwei raising hands celebration, gesture, hand, hands, hooray, praise, raised, raising raising hands, raising, hands, celebration, gesture, hand, hooray, raised, arms in the air, banzai, Festivus miracle, hallelujah, praise hands, two hands
png/1F64C-1F3FB.png	raising hands: light skin tone	Menschen & Gesten	 raising hands: light skin tone  
png/1F64C-1F3FC.png	raising hands: medium-light skin tone	Menschen & Gesten	 raising hands: medium-light skin tone  
png/1F64C-1F3FD.png	raising hands: medium skin tone	Menschen & Gesten	 raising hands: medium skin tone  
png/1F64C-1F3FE.png	raising hands: medium-dark skin tone	Menschen & Gesten	 raising hands: medium-dark skin tone  
png/1F64C-1F3FF.png	raising hands: dark skin tone	Menschen & Gesten	 raising hands: dark skin tone  
png/1FAF6.png	Hände, die Herz bilden	Menschen & Gesten	<3 Finger Geste Hände Händeherz Handgeste Handherz hdl Herz Liebe heart hands <3, hands, heart, love, you 
png/1FAF6-1F3FB.png	heart hands: light skin tone	Menschen & Gesten	 heart hands: light skin tone  
png/1FAF6-1F3FC.png	heart hands: medium-light skin tone	Menschen & Gesten	 heart hands: medium-light skin tone  
png/1FAF6-1F3FD.png	heart hands: medium skin tone	Menschen & Gesten	 heart hands: medium skin tone  
png/1FAF6-1F3FE.png	heart hands: medium-dark skin tone	Menschen & Gesten	 heart hands: medium-dark skin tone  
png/1FAF6-1F3FF.png	heart hands: dark skin tone	Menschen & Gesten	 heart hands: dark skin tone  
png/1F450.png	offene Hände	Menschen & Gesten	Hände Jazz offen umarmen Umarmung open hands hand, hands, hug, jazz, open, swerve hug, open hands, open, hands, jazz hands, jazz
png/1F450-1F3FB.png	open hands: light skin tone	Menschen & Gesten	 open hands: light skin tone  
png/1F450-1F3FC.png	open hands: medium-light skin tone	Menschen & Gesten	 open hands: medium-light skin tone  
png/1F450-1F3FD.png	open hands: medium skin tone	Menschen & Gesten	 open hands: medium skin tone  
png/1F450-1F3FE.png	open hands: medium-dark skin tone	Menschen & Gesten	 open hands: medium-dark skin tone  
png/1F450-1F3FF.png	open hands: dark skin tone	Menschen & Gesten	 open hands: dark skin tone  
png/1F932.png	Handflächen nach oben	Menschen & Gesten	beten Gebet Hand Hände nach oben zusammen palms up together cupped, dua, hands, palms, pray, prayer, together, up, wish prayer, pray, god
png/1F932-1F3FB.png	palms up together: light skin tone	Menschen & Gesten	 palms up together: light skin tone  
png/1F932-1F3FC.png	palms up together: medium-light skin tone	Menschen & Gesten	 palms up together: medium-light skin tone  
png/1F932-1F3FD.png	palms up together: medium skin tone	Menschen & Gesten	 palms up together: medium skin tone  
png/1F932-1F3FE.png	palms up together: medium-dark skin tone	Menschen & Gesten	 palms up together: medium-dark skin tone  
png/1F932-1F3FF.png	palms up together: dark skin tone	Menschen & Gesten	 palms up together: dark skin tone  
png/1F91D.png	Handschlag	Menschen & Gesten	Hände Händeschütteln Handschlag Vereinbarung handshake agreement, deal, hand, meeting, shake shaking hands, agreement, hand, meeting, shake, hello, bye, goodbye
png/1F91D-1F3FB.png	handshake: light skin tone	Menschen & Gesten	 handshake: light skin tone  
png/1F91D-1F3FC.png	handshake: medium-light skin tone	Menschen & Gesten	 handshake: medium-light skin tone  
png/1F91D-1F3FD.png	handshake: medium skin tone	Menschen & Gesten	 handshake: medium skin tone  
png/1F91D-1F3FE.png	handshake: medium-dark skin tone	Menschen & Gesten	 handshake: medium-dark skin tone  
png/1F91D-1F3FF.png	handshake: dark skin tone	Menschen & Gesten	 handshake: dark skin tone  
png/1FAF1-1F3FB-200D-1FAF2-1F3FC.png	handshake: light skin tone, medium-light skin tone	Menschen & Gesten	 handshake: light skin tone, medium-light skin tone  
png/1FAF1-1F3FB-200D-1FAF2-1F3FD.png	handshake: light skin tone, medium skin tone	Menschen & Gesten	 handshake: light skin tone, medium skin tone  
png/1FAF1-1F3FB-200D-1FAF2-1F3FE.png	handshake: light skin tone, medium-dark skin tone	Menschen & Gesten	 handshake: light skin tone, medium-dark skin tone  
png/1FAF1-1F3FB-200D-1FAF2-1F3FF.png	handshake: light skin tone, dark skin tone	Menschen & Gesten	 handshake: light skin tone, dark skin tone  
png/1FAF1-1F3FC-200D-1FAF2-1F3FB.png	handshake: medium-light skin tone, light skin tone	Menschen & Gesten	 handshake: medium-light skin tone, light skin tone  
png/1FAF1-1F3FC-200D-1FAF2-1F3FD.png	handshake: medium-light skin tone, medium skin tone	Menschen & Gesten	 handshake: medium-light skin tone, medium skin tone  
png/1FAF1-1F3FC-200D-1FAF2-1F3FE.png	handshake: medium-light skin tone, medium-dark skin tone	Menschen & Gesten	 handshake: medium-light skin tone, medium-dark skin tone  
png/1FAF1-1F3FC-200D-1FAF2-1F3FF.png	handshake: medium-light skin tone, dark skin tone	Menschen & Gesten	 handshake: medium-light skin tone, dark skin tone  
png/1FAF1-1F3FD-200D-1FAF2-1F3FB.png	handshake: medium skin tone, light skin tone	Menschen & Gesten	 handshake: medium skin tone, light skin tone  
png/1FAF1-1F3FD-200D-1FAF2-1F3FC.png	handshake: medium skin tone, medium-light skin tone	Menschen & Gesten	 handshake: medium skin tone, medium-light skin tone  
png/1FAF1-1F3FD-200D-1FAF2-1F3FE.png	handshake: medium skin tone, medium-dark skin tone	Menschen & Gesten	 handshake: medium skin tone, medium-dark skin tone  
png/1FAF1-1F3FD-200D-1FAF2-1F3FF.png	handshake: medium skin tone, dark skin tone	Menschen & Gesten	 handshake: medium skin tone, dark skin tone  
png/1FAF1-1F3FE-200D-1FAF2-1F3FB.png	handshake: medium-dark skin tone, light skin tone	Menschen & Gesten	 handshake: medium-dark skin tone, light skin tone  
png/1FAF1-1F3FE-200D-1FAF2-1F3FC.png	handshake: medium-dark skin tone, medium-light skin tone	Menschen & Gesten	 handshake: medium-dark skin tone, medium-light skin tone  
png/1FAF1-1F3FE-200D-1FAF2-1F3FD.png	handshake: medium-dark skin tone, medium skin tone	Menschen & Gesten	 handshake: medium-dark skin tone, medium skin tone  
png/1FAF1-1F3FE-200D-1FAF2-1F3FF.png	handshake: medium-dark skin tone, dark skin tone	Menschen & Gesten	 handshake: medium-dark skin tone, dark skin tone  
png/1FAF1-1F3FF-200D-1FAF2-1F3FB.png	handshake: dark skin tone, light skin tone	Menschen & Gesten	 handshake: dark skin tone, light skin tone  
png/1FAF1-1F3FF-200D-1FAF2-1F3FC.png	handshake: dark skin tone, medium-light skin tone	Menschen & Gesten	 handshake: dark skin tone, medium-light skin tone  
png/1FAF1-1F3FF-200D-1FAF2-1F3FD.png	handshake: dark skin tone, medium skin tone	Menschen & Gesten	 handshake: dark skin tone, medium skin tone  
png/1FAF1-1F3FF-200D-1FAF2-1F3FE.png	handshake: dark skin tone, medium-dark skin tone	Menschen & Gesten	 handshake: dark skin tone, medium-dark skin tone  
png/1F64F.png	zusammengelegte Handflächen	Menschen & Gesten	beten betend bitten danke danken Gebet gefaltet grüßen Handflächen zusammengelegt folded hands appreciate, ask, beg, blessed, bow, cmon, five, folded, gesture, hand, high, please, pray, thanks, thx ask, bow, folded, gesture, hand, please, pray, thanks
png/1F64F-1F3FB.png	folded hands: light skin tone	Menschen & Gesten	 folded hands: light skin tone  
png/1F64F-1F3FC.png	folded hands: medium-light skin tone	Menschen & Gesten	 folded hands: medium-light skin tone  
png/1F64F-1F3FD.png	folded hands: medium skin tone	Menschen & Gesten	 folded hands: medium skin tone  
png/1F64F-1F3FE.png	folded hands: medium-dark skin tone	Menschen & Gesten	 folded hands: medium-dark skin tone  
png/1F64F-1F3FF.png	folded hands: dark skin tone	Menschen & Gesten	 folded hands: dark skin tone  
png/270D.png	schreibende Hand	Menschen & Gesten	Hand schreiben schreibend Stift writing hand hand, write, writing writing hand, writing, write
png/270D-1F3FB.png	writing hand: light skin tone	Menschen & Gesten	 writing hand: light skin tone  
png/270D-1F3FC.png	writing hand: medium-light skin tone	Menschen & Gesten	 writing hand: medium-light skin tone  
png/270D-1F3FD.png	writing hand: medium skin tone	Menschen & Gesten	 writing hand: medium skin tone  
png/270D-1F3FE.png	writing hand: medium-dark skin tone	Menschen & Gesten	 writing hand: medium-dark skin tone  
png/270D-1F3FF.png	writing hand: dark skin tone	Menschen & Gesten	 writing hand: dark skin tone  
png/1F485.png	Nagellack	Menschen & Gesten	Kosmetik Maniküre Nagel Nagellack Nagelpflege nail polish bored, care, cosmetics, done, makeup, manicure, nail, polish, whatever 
png/1F485-1F3FB.png	nail polish: light skin tone	Menschen & Gesten	 nail polish: light skin tone  
png/1F485-1F3FC.png	nail polish: medium-light skin tone	Menschen & Gesten	 nail polish: medium-light skin tone  
png/1F485-1F3FD.png	nail polish: medium skin tone	Menschen & Gesten	 nail polish: medium skin tone  
png/1F485-1F3FE.png	nail polish: medium-dark skin tone	Menschen & Gesten	 nail polish: medium-dark skin tone  
png/1F485-1F3FF.png	nail polish: dark skin tone	Menschen & Gesten	 nail polish: dark skin tone  
png/1F933.png	Selfie	Menschen & Gesten	Selfie Smartphone selfie camera, phone camera, phone
png/1F933-1F3FB.png	selfie: light skin tone	Menschen & Gesten	 selfie: light skin tone  
png/1F933-1F3FC.png	selfie: medium-light skin tone	Menschen & Gesten	 selfie: medium-light skin tone  
png/1F933-1F3FD.png	selfie: medium skin tone	Menschen & Gesten	 selfie: medium skin tone  
png/1F933-1F3FE.png	selfie: medium-dark skin tone	Menschen & Gesten	 selfie: medium-dark skin tone  
png/1F933-1F3FF.png	selfie: dark skin tone	Menschen & Gesten	 selfie: dark skin tone  
png/1F4AA.png	angespannter Bizeps	Menschen & Gesten	Arm Bizeps Bodybuilder Bro Fitnessstudio Gewichtheben Muckies Muskeln stark Training flexed biceps arm, beast, bench, biceps, bodybuilder, bro, curls, flex, gains, gym, jacked, muscle, press, ripped, strong, weightlift flexed biceps, biceps, flexed, flex, muscle, feats of strength, strength, feats, strong
png/1F4AA-1F3FB.png	flexed biceps: light skin tone	Menschen & Gesten	 flexed biceps: light skin tone  
png/1F4AA-1F3FC.png	flexed biceps: medium-light skin tone	Menschen & Gesten	 flexed biceps: medium-light skin tone  
png/1F4AA-1F3FD.png	flexed biceps: medium skin tone	Menschen & Gesten	 flexed biceps: medium skin tone  
png/1F4AA-1F3FE.png	flexed biceps: medium-dark skin tone	Menschen & Gesten	 flexed biceps: medium-dark skin tone  
png/1F4AA-1F3FF.png	flexed biceps: dark skin tone	Menschen & Gesten	 flexed biceps: dark skin tone  
png/1F9BE.png	Armprothese	Menschen & Gesten	Arm Armprothese Barrierefreiheit Prothese mechanical arm accessibility, arm, mechanical, prosthetic 
png/1F9BF.png	Beinprothese	Menschen & Gesten	Barrierefreiheit Bein Beinprothese Prothese mechanical leg accessibility, leg, mechanical, prosthetic 
png/1F9B5.png	Bein	Menschen & Gesten	Bein Extremität Fuß gebeugtes Knie Gliedmaße Knie Körperglied Körperteil Treten Tritt leg bent, foot, kick, knee, limb 
png/1F9B5-1F3FB.png	leg: light skin tone	Menschen & Gesten	 leg: light skin tone  
png/1F9B5-1F3FC.png	leg: medium-light skin tone	Menschen & Gesten	 leg: medium-light skin tone  
png/1F9B5-1F3FD.png	leg: medium skin tone	Menschen & Gesten	 leg: medium skin tone  
png/1F9B5-1F3FE.png	leg: medium-dark skin tone	Menschen & Gesten	 leg: medium-dark skin tone  
png/1F9B5-1F3FF.png	leg: dark skin tone	Menschen & Gesten	 leg: dark skin tone  
png/1F9B6.png	Fuß	Menschen & Gesten	Fuß Füße Kick Knöchel Körperteil stampfen treten Tritt foot ankle, feet, kick, stomp 
png/1F9B6-1F3FB.png	foot: light skin tone	Menschen & Gesten	 foot: light skin tone  
png/1F9B6-1F3FC.png	foot: medium-light skin tone	Menschen & Gesten	 foot: medium-light skin tone  
png/1F9B6-1F3FD.png	foot: medium skin tone	Menschen & Gesten	 foot: medium skin tone  
png/1F9B6-1F3FE.png	foot: medium-dark skin tone	Menschen & Gesten	 foot: medium-dark skin tone  
png/1F9B6-1F3FF.png	foot: dark skin tone	Menschen & Gesten	 foot: dark skin tone  
png/1F442.png	Ohr	Menschen & Gesten	hören Körperteil Ohr ear body, ears, hear, hearing, listen, listening, sound ear, hear, listen
png/1F442-1F3FB.png	ear: light skin tone	Menschen & Gesten	 ear: light skin tone  
png/1F442-1F3FC.png	ear: medium-light skin tone	Menschen & Gesten	 ear: medium-light skin tone  
png/1F442-1F3FD.png	ear: medium skin tone	Menschen & Gesten	 ear: medium skin tone  
png/1F442-1F3FE.png	ear: medium-dark skin tone	Menschen & Gesten	 ear: medium-dark skin tone  
png/1F442-1F3FF.png	ear: dark skin tone	Menschen & Gesten	 ear: dark skin tone  
png/1F9BB.png	Ohr mit Hörgerät	Menschen & Gesten	Barrierefreiheit gehörlos Hilfsgerät Hörgerät Hörhilfe Ohr schwerhörig taub ear with hearing aid accessibility, aid, ear, hard, hearing 
png/1F9BB-1F3FB.png	ear with hearing aid: light skin tone	Menschen & Gesten	 ear with hearing aid: light skin tone  
png/1F9BB-1F3FC.png	ear with hearing aid: medium-light skin tone	Menschen & Gesten	 ear with hearing aid: medium-light skin tone  
png/1F9BB-1F3FD.png	ear with hearing aid: medium skin tone	Menschen & Gesten	 ear with hearing aid: medium skin tone  
png/1F9BB-1F3FE.png	ear with hearing aid: medium-dark skin tone	Menschen & Gesten	 ear with hearing aid: medium-dark skin tone  
png/1F9BB-1F3FF.png	ear with hearing aid: dark skin tone	Menschen & Gesten	 ear with hearing aid: dark skin tone  
png/1F443.png	Nase	Menschen & Gesten	Körperteil Nase riechen nose body, noses, nosey, odor, smell, smells nose, smell
png/1F443-1F3FB.png	nose: light skin tone	Menschen & Gesten	 nose: light skin tone  
png/1F443-1F3FC.png	nose: medium-light skin tone	Menschen & Gesten	 nose: medium-light skin tone  
png/1F443-1F3FD.png	nose: medium skin tone	Menschen & Gesten	 nose: medium skin tone  
png/1F443-1F3FE.png	nose: medium-dark skin tone	Menschen & Gesten	 nose: medium-dark skin tone  
png/1F443-1F3FF.png	nose: dark skin tone	Menschen & Gesten	 nose: dark skin tone  
png/1F9E0.png	Gehirn	Menschen & Gesten	Gehirn Hirn intelligent Intelligenz klug schlau brain intelligent, smart brain, intelligent, clever
png/1FAC0.png	Herz (Organ)	Menschen & Gesten	Anatomie Herz Herzschlag Körper Körperteil Mensch Organ Puls schlagen anatomical heart anatomical, beat, cardiology, heart, heartbeat, organ, pulse, real, red pump, blood, beat, organ
png/1FAC1.png	Lunge	Menschen & Gesten	Atem atmen ausatmen einatmen Körper Körperteil Lunge Lungenflügel Mensch Organ lungs breath, breathe, exhalation, inhalation, lung, organ, respiration respiration, breathing, air, organ
png/1F9B7.png	Zahn	Menschen & Gesten	perlweiß weiß Zahn Zahnarzt Zahnärztin Zähne tooth dentist, pearly, teeth, white 
png/1F9B4.png	Knochen	Menschen & Gesten	Hund Hundeknochen Kauknochen Knochen Skelett bone bones, dog, skeleton, wishbone 
png/1F440.png	Augen	Menschen & Gesten	Auge Augen Gesicht gucken schauen sehen eyes body, eye, face, googly, look, looking, omg, peep, see, seeing eye, face, eyes
png/1F441.png	Auge	Menschen & Gesten	Auge Blick Körper Körperteil schauen sehen eye 1, body, one eye, face
png/1F445.png	Zunge	Menschen & Gesten	ätsch hmm Körperteil lecken lecker mmh Zunge tongue body, lick, slurp tongue, kiss, lick, licking
png/1F444.png	Mund	Menschen & Gesten	Körperteil Kuss Lippen Lippenstift Mund mouth beauty, body, kiss, kissing, lips, lipstick lips, kiss, mouth
png/1FAE6.png	auf Lippe beißen	Menschen & Gesten	Angst ängstlich beißen besorgt flirten flirtend Kuss Lippenstift Mund nervös sexy unbehaglich Zähne biting lip anxious, bite, biting, fear, flirt, flirting, kiss, lip, lipstick, nervous, sexy, uncomfortable, worried, worry 
png/1F476.png	Baby	Menschen & Gesten	Baby Gesicht jung Kind Kleinkind Locke baby babies, children, goo, infant, newborn, pregnant, young human, person
png/1F476-1F3FB.png	baby: light skin tone	Menschen & Gesten	 baby: light skin tone  
png/1F476-1F3FC.png	baby: medium-light skin tone	Menschen & Gesten	 baby: medium-light skin tone  
png/1F476-1F3FD.png	baby: medium skin tone	Menschen & Gesten	 baby: medium skin tone  
png/1F476-1F3FE.png	baby: medium-dark skin tone	Menschen & Gesten	 baby: medium-dark skin tone  
png/1F476-1F3FF.png	baby: dark skin tone	Menschen & Gesten	 baby: dark skin tone  
png/1F9D2.png	Kind	Menschen & Gesten	Enkelkind jung jünger Kind munter strahlend child bright-eyed, grandchild, kid, young, younger human, person
png/1F9D2-1F3FB.png	child: light skin tone	Menschen & Gesten	 child: light skin tone  
png/1F9D2-1F3FC.png	child: medium-light skin tone	Menschen & Gesten	 child: medium-light skin tone  
png/1F9D2-1F3FD.png	child: medium skin tone	Menschen & Gesten	 child: medium skin tone  
png/1F9D2-1F3FE.png	child: medium-dark skin tone	Menschen & Gesten	 child: medium-dark skin tone  
png/1F9D2-1F3FF.png	child: dark skin tone	Menschen & Gesten	 child: dark skin tone  
png/1F466.png	Junge	Menschen & Gesten	Enkelsohn Gesicht jung Junge jünger Kind munter Sohn strahlend boy bright-eyed, child, grandson, kid, son, young, younger human, person
png/1F466-1F3FB.png	boy: light skin tone	Menschen & Gesten	 boy: light skin tone  
png/1F466-1F3FC.png	boy: medium-light skin tone	Menschen & Gesten	 boy: medium-light skin tone  
png/1F466-1F3FD.png	boy: medium skin tone	Menschen & Gesten	 boy: medium skin tone  
png/1F466-1F3FE.png	boy: medium-dark skin tone	Menschen & Gesten	 boy: medium-dark skin tone  
png/1F466-1F3FF.png	boy: dark skin tone	Menschen & Gesten	 boy: dark skin tone  
png/1F467.png	Mädchen	Menschen & Gesten	Enkeltochter Gesicht jung jünger Kind Mädchen munter strahlend Tochter girl bright-eyed, child, daughter, granddaughter, kid, virgo, young, younger, zodiac human, person
png/1F467-1F3FB.png	girl: light skin tone	Menschen & Gesten	 girl: light skin tone  
png/1F467-1F3FC.png	girl: medium-light skin tone	Menschen & Gesten	 girl: medium-light skin tone  
png/1F467-1F3FD.png	girl: medium skin tone	Menschen & Gesten	 girl: medium skin tone  
png/1F467-1F3FE.png	girl: medium-dark skin tone	Menschen & Gesten	 girl: medium-dark skin tone  
png/1F467-1F3FF.png	girl: dark skin tone	Menschen & Gesten	 girl: dark skin tone  
png/1F9D1.png	Person	Menschen & Gesten	erwachsen erwachsene Person Mensch Person person adult human, person
png/1F9D1-1F3FB.png	person: light skin tone	Menschen & Gesten	 person: light skin tone  
png/1F9D1-1F3FC.png	person: medium-light skin tone	Menschen & Gesten	 person: medium-light skin tone  
png/1F9D1-1F3FD.png	person: medium skin tone	Menschen & Gesten	 person: medium skin tone  
png/1F9D1-1F3FE.png	person: medium-dark skin tone	Menschen & Gesten	 person: medium-dark skin tone  
png/1F9D1-1F3FF.png	person: dark skin tone	Menschen & Gesten	 person: dark skin tone  
png/1F471.png	Person: blondes Haar	Menschen & Gesten	blond blondhaarig Gesicht Mensch Person person: blond hair blond, blond-haired, human, person 
png/1F471-1F3FB.png	person: light skin tone, blond hair	Menschen & Gesten	 person: light skin tone, blond hair  
png/1F471-1F3FC.png	person: medium-light skin tone, blond hair	Menschen & Gesten	 person: medium-light skin tone, blond hair  
png/1F471-1F3FD.png	person: medium skin tone, blond hair	Menschen & Gesten	 person: medium skin tone, blond hair  
png/1F471-1F3FE.png	person: medium-dark skin tone, blond hair	Menschen & Gesten	 person: medium-dark skin tone, blond hair  
png/1F471-1F3FF.png	person: dark skin tone, blond hair	Menschen & Gesten	 person: dark skin tone, blond hair  
png/1F468.png	Mann	Menschen & Gesten	erwachsen Gesicht Mann man adult, bro human, person
png/1F468-1F3FB.png	man: light skin tone	Menschen & Gesten	 man: light skin tone  
png/1F468-1F3FC.png	man: medium-light skin tone	Menschen & Gesten	 man: medium-light skin tone  
png/1F468-1F3FD.png	man: medium skin tone	Menschen & Gesten	 man: medium skin tone  
png/1F468-1F3FE.png	man: medium-dark skin tone	Menschen & Gesten	 man: medium-dark skin tone  
png/1F468-1F3FF.png	man: dark skin tone	Menschen & Gesten	 man: dark skin tone  
png/1F9D4.png	Person: Bart	Menschen & Gesten	Bart bärtig Person Schnurrbart person: beard beard, bearded, person, whiskers beard, man, facial hair, man, manly
png/1F9D4-1F3FB.png	person: light skin tone, beard	Menschen & Gesten	 person: light skin tone, beard  
png/1F9D4-1F3FC.png	person: medium-light skin tone, beard	Menschen & Gesten	 person: medium-light skin tone, beard  
png/1F9D4-1F3FD.png	person: medium skin tone, beard	Menschen & Gesten	 person: medium skin tone, beard  
png/1F9D4-1F3FE.png	person: medium-dark skin tone, beard	Menschen & Gesten	 person: medium-dark skin tone, beard  
png/1F9D4-1F3FF.png	person: dark skin tone, beard	Menschen & Gesten	 person: dark skin tone, beard  
png/1F9D4-200D-2642-FE0F.png	Mann: Bart	Menschen & Gesten	Bart Mann Mann mit Bart Mann: Bart man: beard beard, bearded, man, whiskers 
png/1F9D4-1F3FB-200D-2642-FE0F.png	man: light skin tone, beard	Menschen & Gesten	 man: light skin tone, beard  
png/1F9D4-1F3FC-200D-2642-FE0F.png	man: medium-light skin tone, beard	Menschen & Gesten	 man: medium-light skin tone, beard  
png/1F9D4-1F3FD-200D-2642-FE0F.png	man: medium skin tone, beard	Menschen & Gesten	 man: medium skin tone, beard  
png/1F9D4-1F3FE-200D-2642-FE0F.png	man: medium-dark skin tone, beard	Menschen & Gesten	 man: medium-dark skin tone, beard  
png/1F9D4-1F3FF-200D-2642-FE0F.png	man: dark skin tone, beard	Menschen & Gesten	 man: dark skin tone, beard  
png/1F9D4-200D-2640-FE0F.png	Frau: Bart	Menschen & Gesten	Bart Frau Frau mit Bart Frau: Bart woman: beard beard, bearded, whiskers, woman 
png/1F9D4-1F3FB-200D-2640-FE0F.png	woman: light skin tone, beard	Menschen & Gesten	 woman: light skin tone, beard  
png/1F9D4-1F3FC-200D-2640-FE0F.png	woman: medium-light skin tone, beard	Menschen & Gesten	 woman: medium-light skin tone, beard  
png/1F9D4-1F3FD-200D-2640-FE0F.png	woman: medium skin tone, beard	Menschen & Gesten	 woman: medium skin tone, beard  
png/1F9D4-1F3FE-200D-2640-FE0F.png	woman: medium-dark skin tone, beard	Menschen & Gesten	 woman: medium-dark skin tone, beard  
png/1F9D4-1F3FF-200D-2640-FE0F.png	woman: dark skin tone, beard	Menschen & Gesten	 woman: dark skin tone, beard  
png/1F468-200D-1F9B0.png	man: red hair	Menschen & Gesten	 man: red hair adult, bro, man, red hair 
png/1F468-1F3FB-200D-1F9B0.png	man: light skin tone, red hair	Menschen & Gesten	 man: light skin tone, red hair  
png/1F468-1F3FC-200D-1F9B0.png	man: medium-light skin tone, red hair	Menschen & Gesten	 man: medium-light skin tone, red hair  
png/1F468-1F3FD-200D-1F9B0.png	man: medium skin tone, red hair	Menschen & Gesten	 man: medium skin tone, red hair  
png/1F468-1F3FE-200D-1F9B0.png	man: medium-dark skin tone, red hair	Menschen & Gesten	 man: medium-dark skin tone, red hair  
png/1F468-1F3FF-200D-1F9B0.png	man: dark skin tone, red hair	Menschen & Gesten	 man: dark skin tone, red hair  
png/1F468-200D-1F9B1.png	man: curly hair	Menschen & Gesten	 man: curly hair adult, bro, curly hair, man 
png/1F468-1F3FB-200D-1F9B1.png	man: light skin tone, curly hair	Menschen & Gesten	 man: light skin tone, curly hair  
png/1F468-1F3FC-200D-1F9B1.png	man: medium-light skin tone, curly hair	Menschen & Gesten	 man: medium-light skin tone, curly hair  
png/1F468-1F3FD-200D-1F9B1.png	man: medium skin tone, curly hair	Menschen & Gesten	 man: medium skin tone, curly hair  
png/1F468-1F3FE-200D-1F9B1.png	man: medium-dark skin tone, curly hair	Menschen & Gesten	 man: medium-dark skin tone, curly hair  
png/1F468-1F3FF-200D-1F9B1.png	man: dark skin tone, curly hair	Menschen & Gesten	 man: dark skin tone, curly hair  
png/1F468-200D-1F9B3.png	man: white hair	Menschen & Gesten	 man: white hair adult, bro, man, white hair 
png/1F468-1F3FB-200D-1F9B3.png	man: light skin tone, white hair	Menschen & Gesten	 man: light skin tone, white hair  
png/1F468-1F3FC-200D-1F9B3.png	man: medium-light skin tone, white hair	Menschen & Gesten	 man: medium-light skin tone, white hair  
png/1F468-1F3FD-200D-1F9B3.png	man: medium skin tone, white hair	Menschen & Gesten	 man: medium skin tone, white hair  
png/1F468-1F3FE-200D-1F9B3.png	man: medium-dark skin tone, white hair	Menschen & Gesten	 man: medium-dark skin tone, white hair  
png/1F468-1F3FF-200D-1F9B3.png	man: dark skin tone, white hair	Menschen & Gesten	 man: dark skin tone, white hair  
png/1F468-200D-1F9B2.png	man: bald	Menschen & Gesten	 man: bald adult, bald, bro, man 
png/1F468-1F3FB-200D-1F9B2.png	man: light skin tone, bald	Menschen & Gesten	 man: light skin tone, bald  
png/1F468-1F3FC-200D-1F9B2.png	man: medium-light skin tone, bald	Menschen & Gesten	 man: medium-light skin tone, bald  
png/1F468-1F3FD-200D-1F9B2.png	man: medium skin tone, bald	Menschen & Gesten	 man: medium skin tone, bald  
png/1F468-1F3FE-200D-1F9B2.png	man: medium-dark skin tone, bald	Menschen & Gesten	 man: medium-dark skin tone, bald  
png/1F468-1F3FF-200D-1F9B2.png	man: dark skin tone, bald	Menschen & Gesten	 man: dark skin tone, bald  
png/1F469.png	Frau	Menschen & Gesten	erwachsen Frau Gesicht woman adult, lady human, person
png/1F469-1F3FB.png	woman: light skin tone	Menschen & Gesten	 woman: light skin tone  
png/1F469-1F3FC.png	woman: medium-light skin tone	Menschen & Gesten	 woman: medium-light skin tone  
png/1F469-1F3FD.png	woman: medium skin tone	Menschen & Gesten	 woman: medium skin tone  
png/1F469-1F3FE.png	woman: medium-dark skin tone	Menschen & Gesten	 woman: medium-dark skin tone  
png/1F469-1F3FF.png	woman: dark skin tone	Menschen & Gesten	 woman: dark skin tone  
png/1F469-200D-1F9B0.png	woman: red hair	Menschen & Gesten	 woman: red hair adult, lady, red hair, woman 
png/1F469-1F3FB-200D-1F9B0.png	woman: light skin tone, red hair	Menschen & Gesten	 woman: light skin tone, red hair  
png/1F469-1F3FC-200D-1F9B0.png	woman: medium-light skin tone, red hair	Menschen & Gesten	 woman: medium-light skin tone, red hair  
png/1F469-1F3FD-200D-1F9B0.png	woman: medium skin tone, red hair	Menschen & Gesten	 woman: medium skin tone, red hair  
png/1F469-1F3FE-200D-1F9B0.png	woman: medium-dark skin tone, red hair	Menschen & Gesten	 woman: medium-dark skin tone, red hair  
png/1F469-1F3FF-200D-1F9B0.png	woman: dark skin tone, red hair	Menschen & Gesten	 woman: dark skin tone, red hair  
png/1F9D1-200D-1F9B0.png	person: red hair	Menschen & Gesten	 person: red hair adult, person, red hair 
png/1F9D1-1F3FB-200D-1F9B0.png	person: light skin tone, red hair	Menschen & Gesten	 person: light skin tone, red hair  
png/1F9D1-1F3FC-200D-1F9B0.png	person: medium-light skin tone, red hair	Menschen & Gesten	 person: medium-light skin tone, red hair  
png/1F9D1-1F3FD-200D-1F9B0.png	person: medium skin tone, red hair	Menschen & Gesten	 person: medium skin tone, red hair  
png/1F9D1-1F3FE-200D-1F9B0.png	person: medium-dark skin tone, red hair	Menschen & Gesten	 person: medium-dark skin tone, red hair  
png/1F9D1-1F3FF-200D-1F9B0.png	person: dark skin tone, red hair	Menschen & Gesten	 person: dark skin tone, red hair  
png/1F469-200D-1F9B1.png	woman: curly hair	Menschen & Gesten	 woman: curly hair adult, curly hair, lady, woman 
png/1F469-1F3FB-200D-1F9B1.png	woman: light skin tone, curly hair	Menschen & Gesten	 woman: light skin tone, curly hair  
png/1F469-1F3FC-200D-1F9B1.png	woman: medium-light skin tone, curly hair	Menschen & Gesten	 woman: medium-light skin tone, curly hair  
png/1F469-1F3FD-200D-1F9B1.png	woman: medium skin tone, curly hair	Menschen & Gesten	 woman: medium skin tone, curly hair  
png/1F469-1F3FE-200D-1F9B1.png	woman: medium-dark skin tone, curly hair	Menschen & Gesten	 woman: medium-dark skin tone, curly hair  
png/1F469-1F3FF-200D-1F9B1.png	woman: dark skin tone, curly hair	Menschen & Gesten	 woman: dark skin tone, curly hair  
png/1F9D1-200D-1F9B1.png	person: curly hair	Menschen & Gesten	 person: curly hair adult, curly hair, person 
png/1F9D1-1F3FB-200D-1F9B1.png	person: light skin tone, curly hair	Menschen & Gesten	 person: light skin tone, curly hair  
png/1F9D1-1F3FC-200D-1F9B1.png	person: medium-light skin tone, curly hair	Menschen & Gesten	 person: medium-light skin tone, curly hair  
png/1F9D1-1F3FD-200D-1F9B1.png	person: medium skin tone, curly hair	Menschen & Gesten	 person: medium skin tone, curly hair  
png/1F9D1-1F3FE-200D-1F9B1.png	person: medium-dark skin tone, curly hair	Menschen & Gesten	 person: medium-dark skin tone, curly hair  
png/1F9D1-1F3FF-200D-1F9B1.png	person: dark skin tone, curly hair	Menschen & Gesten	 person: dark skin tone, curly hair  
png/1F469-200D-1F9B3.png	woman: white hair	Menschen & Gesten	 woman: white hair adult, lady, white hair, woman 
png/1F469-1F3FB-200D-1F9B3.png	woman: light skin tone, white hair	Menschen & Gesten	 woman: light skin tone, white hair  
png/1F469-1F3FC-200D-1F9B3.png	woman: medium-light skin tone, white hair	Menschen & Gesten	 woman: medium-light skin tone, white hair  
png/1F469-1F3FD-200D-1F9B3.png	woman: medium skin tone, white hair	Menschen & Gesten	 woman: medium skin tone, white hair  
png/1F469-1F3FE-200D-1F9B3.png	woman: medium-dark skin tone, white hair	Menschen & Gesten	 woman: medium-dark skin tone, white hair  
png/1F469-1F3FF-200D-1F9B3.png	woman: dark skin tone, white hair	Menschen & Gesten	 woman: dark skin tone, white hair  
png/1F9D1-200D-1F9B3.png	person: white hair	Menschen & Gesten	 person: white hair adult, person, white hair 
png/1F9D1-1F3FB-200D-1F9B3.png	person: light skin tone, white hair	Menschen & Gesten	 person: light skin tone, white hair  
png/1F9D1-1F3FC-200D-1F9B3.png	person: medium-light skin tone, white hair	Menschen & Gesten	 person: medium-light skin tone, white hair  
png/1F9D1-1F3FD-200D-1F9B3.png	person: medium skin tone, white hair	Menschen & Gesten	 person: medium skin tone, white hair  
png/1F9D1-1F3FE-200D-1F9B3.png	person: medium-dark skin tone, white hair	Menschen & Gesten	 person: medium-dark skin tone, white hair  
png/1F9D1-1F3FF-200D-1F9B3.png	person: dark skin tone, white hair	Menschen & Gesten	 person: dark skin tone, white hair  
png/1F469-200D-1F9B2.png	woman: bald	Menschen & Gesten	 woman: bald adult, bald, lady, woman 
png/1F469-1F3FB-200D-1F9B2.png	woman: light skin tone, bald	Menschen & Gesten	 woman: light skin tone, bald  
png/1F469-1F3FC-200D-1F9B2.png	woman: medium-light skin tone, bald	Menschen & Gesten	 woman: medium-light skin tone, bald  
png/1F469-1F3FD-200D-1F9B2.png	woman: medium skin tone, bald	Menschen & Gesten	 woman: medium skin tone, bald  
png/1F469-1F3FE-200D-1F9B2.png	woman: medium-dark skin tone, bald	Menschen & Gesten	 woman: medium-dark skin tone, bald  
png/1F469-1F3FF-200D-1F9B2.png	woman: dark skin tone, bald	Menschen & Gesten	 woman: dark skin tone, bald  
png/1F9D1-200D-1F9B2.png	person: bald	Menschen & Gesten	 person: bald adult, bald, person 
png/1F9D1-1F3FB-200D-1F9B2.png	person: light skin tone, bald	Menschen & Gesten	 person: light skin tone, bald  
png/1F9D1-1F3FC-200D-1F9B2.png	person: medium-light skin tone, bald	Menschen & Gesten	 person: medium-light skin tone, bald  
png/1F9D1-1F3FD-200D-1F9B2.png	person: medium skin tone, bald	Menschen & Gesten	 person: medium skin tone, bald  
png/1F9D1-1F3FE-200D-1F9B2.png	person: medium-dark skin tone, bald	Menschen & Gesten	 person: medium-dark skin tone, bald  
png/1F9D1-1F3FF-200D-1F9B2.png	person: dark skin tone, bald	Menschen & Gesten	 person: dark skin tone, bald  
png/1F471-200D-2640-FE0F.png	Frau: blond	Menschen & Gesten	blond blonde Frau Frau Frau: blond Gesicht Haar woman: blond hair blond, blond-haired, blonde, hair, woman 
png/1F471-1F3FB-200D-2640-FE0F.png	woman: light skin tone, blond hair	Menschen & Gesten	 woman: light skin tone, blond hair  
png/1F471-1F3FC-200D-2640-FE0F.png	woman: medium-light skin tone, blond hair	Menschen & Gesten	 woman: medium-light skin tone, blond hair  
png/1F471-1F3FD-200D-2640-FE0F.png	woman: medium skin tone, blond hair	Menschen & Gesten	 woman: medium skin tone, blond hair  
png/1F471-1F3FE-200D-2640-FE0F.png	woman: medium-dark skin tone, blond hair	Menschen & Gesten	 woman: medium-dark skin tone, blond hair  
png/1F471-1F3FF-200D-2640-FE0F.png	woman: dark skin tone, blond hair	Menschen & Gesten	 woman: dark skin tone, blond hair  
png/1F471-200D-2642-FE0F.png	Mann: blond	Menschen & Gesten	blond blonder Mann Gesicht Haar Mann Mann: blond man: blond hair blond, blond-haired, hair, man 
png/1F471-1F3FB-200D-2642-FE0F.png	man: light skin tone, blond hair	Menschen & Gesten	 man: light skin tone, blond hair  
png/1F471-1F3FC-200D-2642-FE0F.png	man: medium-light skin tone, blond hair	Menschen & Gesten	 man: medium-light skin tone, blond hair  
png/1F471-1F3FD-200D-2642-FE0F.png	man: medium skin tone, blond hair	Menschen & Gesten	 man: medium skin tone, blond hair  
png/1F471-1F3FE-200D-2642-FE0F.png	man: medium-dark skin tone, blond hair	Menschen & Gesten	 man: medium-dark skin tone, blond hair  
png/1F471-1F3FF-200D-2642-FE0F.png	man: dark skin tone, blond hair	Menschen & Gesten	 man: dark skin tone, blond hair  
png/1F9D3.png	ältere Person	Menschen & Gesten	alt älter erwachsen Großeltern Mensch Person weise older person adult, elderly, grandparent, old, person, wise human, person
png/1F9D3-1F3FB.png	older person: light skin tone	Menschen & Gesten	 older person: light skin tone  
png/1F9D3-1F3FC.png	older person: medium-light skin tone	Menschen & Gesten	 older person: medium-light skin tone  
png/1F9D3-1F3FD.png	older person: medium skin tone	Menschen & Gesten	 older person: medium skin tone  
png/1F9D3-1F3FE.png	older person: medium-dark skin tone	Menschen & Gesten	 older person: medium-dark skin tone  
png/1F9D3-1F3FF.png	older person: dark skin tone	Menschen & Gesten	 older person: dark skin tone  
png/1F474.png	älterer Mann	Menschen & Gesten	alt älter erwachsen Großeltern Großvater Mann Mensch Opa Senior weise old man adult, bald, elderly, gramps, grandfather, grandpa, man, old, wise grandpa, human, person
png/1F474-1F3FB.png	old man: light skin tone	Menschen & Gesten	 old man: light skin tone  
png/1F474-1F3FC.png	old man: medium-light skin tone	Menschen & Gesten	 old man: medium-light skin tone  
png/1F474-1F3FD.png	old man: medium skin tone	Menschen & Gesten	 old man: medium skin tone  
png/1F474-1F3FE.png	old man: medium-dark skin tone	Menschen & Gesten	 old man: medium-dark skin tone  
png/1F474-1F3FF.png	old man: dark skin tone	Menschen & Gesten	 old man: dark skin tone  
png/1F475.png	ältere Frau	Menschen & Gesten	alt älter erwachsen Frau Großeltern Großmutter Mensch Oma Seniorin weise old woman adult, elderly, grandma, grandmother, granny, lady, old, wise, woman grandma, human, person
png/1F475-1F3FB.png	old woman: light skin tone	Menschen & Gesten	 old woman: light skin tone  
png/1F475-1F3FC.png	old woman: medium-light skin tone	Menschen & Gesten	 old woman: medium-light skin tone  
png/1F475-1F3FD.png	old woman: medium skin tone	Menschen & Gesten	 old woman: medium skin tone  
png/1F475-1F3FE.png	old woman: medium-dark skin tone	Menschen & Gesten	 old woman: medium-dark skin tone  
png/1F475-1F3FF.png	old woman: dark skin tone	Menschen & Gesten	 old woman: dark skin tone  
png/1F64D.png	missmutige Person	Menschen & Gesten	frustriert Gesicht missmutig Person runzeln stirnrunzelnd unzufrieden verärgert person frowning annoyed, disappointed, disgruntled, disturbed, frown, frowning, frustrated, gesture, irritated, person, upset negative, angry, head, face
png/1F64D-1F3FB.png	person frowning: light skin tone	Menschen & Gesten	 person frowning: light skin tone  
png/1F64D-1F3FC.png	person frowning: medium-light skin tone	Menschen & Gesten	 person frowning: medium-light skin tone  
png/1F64D-1F3FD.png	person frowning: medium skin tone	Menschen & Gesten	 person frowning: medium skin tone  
png/1F64D-1F3FE.png	person frowning: medium-dark skin tone	Menschen & Gesten	 person frowning: medium-dark skin tone  
png/1F64D-1F3FF.png	person frowning: dark skin tone	Menschen & Gesten	 person frowning: dark skin tone  
png/1F64D-200D-2642-FE0F.png	missmutiger Mann	Menschen & Gesten	frustriert Gesicht Mann missmutig runzeln stirnrunzelnd unzufrieden verärgert man frowning annoyed, disappointed, disgruntled, disturbed, frown, frowning, frustrated, gesture, irritated, man, upset 
png/1F64D-1F3FB-200D-2642-FE0F.png	man frowning: light skin tone	Menschen & Gesten	 man frowning: light skin tone  
png/1F64D-1F3FC-200D-2642-FE0F.png	man frowning: medium-light skin tone	Menschen & Gesten	 man frowning: medium-light skin tone  
png/1F64D-1F3FD-200D-2642-FE0F.png	man frowning: medium skin tone	Menschen & Gesten	 man frowning: medium skin tone  
png/1F64D-1F3FE-200D-2642-FE0F.png	man frowning: medium-dark skin tone	Menschen & Gesten	 man frowning: medium-dark skin tone  
png/1F64D-1F3FF-200D-2642-FE0F.png	man frowning: dark skin tone	Menschen & Gesten	 man frowning: dark skin tone  
png/1F64D-200D-2640-FE0F.png	missmutige Frau	Menschen & Gesten	Frau frustriert Gesicht missmutig runzeln stirnrunzelnd unzufrieden verärgert woman frowning annoyed, disappointed, disgruntled, disturbed, frown, frowning, frustrated, gesture, irritated, upset, woman 
png/1F64D-1F3FB-200D-2640-FE0F.png	woman frowning: light skin tone	Menschen & Gesten	 woman frowning: light skin tone  
png/1F64D-1F3FC-200D-2640-FE0F.png	woman frowning: medium-light skin tone	Menschen & Gesten	 woman frowning: medium-light skin tone  
png/1F64D-1F3FD-200D-2640-FE0F.png	woman frowning: medium skin tone	Menschen & Gesten	 woman frowning: medium skin tone  
png/1F64D-1F3FE-200D-2640-FE0F.png	woman frowning: medium-dark skin tone	Menschen & Gesten	 woman frowning: medium-dark skin tone  
png/1F64D-1F3FF-200D-2640-FE0F.png	woman frowning: dark skin tone	Menschen & Gesten	 woman frowning: dark skin tone  
png/1F64E.png	schmollende Person	Menschen & Gesten	eingeschnappt enttäuscht jammerd jammern Person schmollen schmollend verärgert person pouting disappointed, downtrodden, frown, grimace, person, pouting, scowl, sulk, upset, whine sad, negative, head, face
png/1F64E-1F3FB.png	person pouting: light skin tone	Menschen & Gesten	 person pouting: light skin tone  
png/1F64E-1F3FC.png	person pouting: medium-light skin tone	Menschen & Gesten	 person pouting: medium-light skin tone  
png/1F64E-1F3FD.png	person pouting: medium skin tone	Menschen & Gesten	 person pouting: medium skin tone  
png/1F64E-1F3FE.png	person pouting: medium-dark skin tone	Menschen & Gesten	 person pouting: medium-dark skin tone  
png/1F64E-1F3FF.png	person pouting: dark skin tone	Menschen & Gesten	 person pouting: dark skin tone  
png/1F64E-200D-2642-FE0F.png	schmollender Mann	Menschen & Gesten	eingeschnappt enttäuscht jammerd jammern Mann schmollen schmollend verärgert man pouting disappointed, downtrodden, frown, grimace, man, pouting, scowl, sulk, upset, whine 
png/1F64E-1F3FB-200D-2642-FE0F.png	man pouting: light skin tone	Menschen & Gesten	 man pouting: light skin tone  
png/1F64E-1F3FC-200D-2642-FE0F.png	man pouting: medium-light skin tone	Menschen & Gesten	 man pouting: medium-light skin tone  
png/1F64E-1F3FD-200D-2642-FE0F.png	man pouting: medium skin tone	Menschen & Gesten	 man pouting: medium skin tone  
png/1F64E-1F3FE-200D-2642-FE0F.png	man pouting: medium-dark skin tone	Menschen & Gesten	 man pouting: medium-dark skin tone  
png/1F64E-1F3FF-200D-2642-FE0F.png	man pouting: dark skin tone	Menschen & Gesten	 man pouting: dark skin tone  
png/1F64E-200D-2640-FE0F.png	schmollende Frau	Menschen & Gesten	eingeschnappt enttäuscht Frau jammerd jammern schmollen schmollend verärgert woman pouting disappointed, downtrodden, frown, grimace, pouting, scowl, sulk, upset, whine, woman 
png/1F64E-1F3FB-200D-2640-FE0F.png	woman pouting: light skin tone	Menschen & Gesten	 woman pouting: light skin tone  
png/1F64E-1F3FC-200D-2640-FE0F.png	woman pouting: medium-light skin tone	Menschen & Gesten	 woman pouting: medium-light skin tone  
png/1F64E-1F3FD-200D-2640-FE0F.png	woman pouting: medium skin tone	Menschen & Gesten	 woman pouting: medium skin tone  
png/1F64E-1F3FE-200D-2640-FE0F.png	woman pouting: medium-dark skin tone	Menschen & Gesten	 woman pouting: medium-dark skin tone  
png/1F64E-1F3FF-200D-2640-FE0F.png	woman pouting: dark skin tone	Menschen & Gesten	 woman pouting: dark skin tone  
png/1F645.png	Person mit überkreuzten Armen	Menschen & Gesten	Arme Gesicht NEIN nicht Person überkreuzt verbieten verboten person gesturing NO forbidden, gesture, hand, no, not, person, prohibit human, head, face
png/1F645-1F3FB.png	person gesturing NO: light skin tone	Menschen & Gesten	 person gesturing NO: light skin tone  
png/1F645-1F3FC.png	person gesturing NO: medium-light skin tone	Menschen & Gesten	 person gesturing NO: medium-light skin tone  
png/1F645-1F3FD.png	person gesturing NO: medium skin tone	Menschen & Gesten	 person gesturing NO: medium skin tone  
png/1F645-1F3FE.png	person gesturing NO: medium-dark skin tone	Menschen & Gesten	 person gesturing NO: medium-dark skin tone  
png/1F645-1F3FF.png	person gesturing NO: dark skin tone	Menschen & Gesten	 person gesturing NO: dark skin tone  
png/1F645-200D-2642-FE0F.png	Mann mit überkreuzten Armen	Menschen & Gesten	Arme Gesicht Mann NEIN nicht überkreuzt verbieten verboten man gesturing NO forbidden, gesture, hand, man, no, not, prohibit 
png/1F645-1F3FB-200D-2642-FE0F.png	man gesturing NO: light skin tone	Menschen & Gesten	 man gesturing NO: light skin tone  
png/1F645-1F3FC-200D-2642-FE0F.png	man gesturing NO: medium-light skin tone	Menschen & Gesten	 man gesturing NO: medium-light skin tone  
png/1F645-1F3FD-200D-2642-FE0F.png	man gesturing NO: medium skin tone	Menschen & Gesten	 man gesturing NO: medium skin tone  
png/1F645-1F3FE-200D-2642-FE0F.png	man gesturing NO: medium-dark skin tone	Menschen & Gesten	 man gesturing NO: medium-dark skin tone  
png/1F645-1F3FF-200D-2642-FE0F.png	man gesturing NO: dark skin tone	Menschen & Gesten	 man gesturing NO: dark skin tone  
png/1F645-200D-2640-FE0F.png	Frau mit überkreuzten Armen	Menschen & Gesten	Arme Frau Frau mit überkreuzten Armen Gesicht woman gesturing NO forbidden, gesture, hand, no, not, prohibit, woman 
png/1F645-1F3FB-200D-2640-FE0F.png	woman gesturing NO: light skin tone	Menschen & Gesten	 woman gesturing NO: light skin tone  
png/1F645-1F3FC-200D-2640-FE0F.png	woman gesturing NO: medium-light skin tone	Menschen & Gesten	 woman gesturing NO: medium-light skin tone  
png/1F645-1F3FD-200D-2640-FE0F.png	woman gesturing NO: medium skin tone	Menschen & Gesten	 woman gesturing NO: medium skin tone  
png/1F645-1F3FE-200D-2640-FE0F.png	woman gesturing NO: medium-dark skin tone	Menschen & Gesten	 woman gesturing NO: medium-dark skin tone  
png/1F645-1F3FF-200D-2640-FE0F.png	woman gesturing NO: dark skin tone	Menschen & Gesten	 woman gesturing NO: dark skin tone  
png/1F646.png	Person mit Händen auf dem Kopf	Menschen & Gesten	Geste Hände oje OK omg Person über Kopf Übung person gesturing OK exercise, gesture, gesturing, hand, ok, omg, person human, head, face
png/1F646-1F3FB.png	person gesturing OK: light skin tone	Menschen & Gesten	 person gesturing OK: light skin tone  
png/1F646-1F3FC.png	person gesturing OK: medium-light skin tone	Menschen & Gesten	 person gesturing OK: medium-light skin tone  
png/1F646-1F3FD.png	person gesturing OK: medium skin tone	Menschen & Gesten	 person gesturing OK: medium skin tone  
png/1F646-1F3FE.png	person gesturing OK: medium-dark skin tone	Menschen & Gesten	 person gesturing OK: medium-dark skin tone  
png/1F646-1F3FF.png	person gesturing OK: dark skin tone	Menschen & Gesten	 person gesturing OK: dark skin tone  
png/1F646-200D-2642-FE0F.png	Mann mit Händen auf dem Kopf	Menschen & Gesten	Geste Hände Mann oje OK omg über Kopf Übung man gesturing OK exercise, gesture, gesturing, hand, man, ok, omg 
png/1F646-1F3FB-200D-2642-FE0F.png	man gesturing OK: light skin tone	Menschen & Gesten	 man gesturing OK: light skin tone  
png/1F646-1F3FC-200D-2642-FE0F.png	man gesturing OK: medium-light skin tone	Menschen & Gesten	 man gesturing OK: medium-light skin tone  
png/1F646-1F3FD-200D-2642-FE0F.png	man gesturing OK: medium skin tone	Menschen & Gesten	 man gesturing OK: medium skin tone  
png/1F646-1F3FE-200D-2642-FE0F.png	man gesturing OK: medium-dark skin tone	Menschen & Gesten	 man gesturing OK: medium-dark skin tone  
png/1F646-1F3FF-200D-2642-FE0F.png	man gesturing OK: dark skin tone	Menschen & Gesten	 man gesturing OK: dark skin tone  
png/1F646-200D-2640-FE0F.png	Frau mit Händen auf dem Kopf	Menschen & Gesten	Frau Geste Hände oje OK omg über Kopf Übung woman gesturing OK exercise, gesture, gesturing, hand, ok, omg, woman 
png/1F646-1F3FB-200D-2640-FE0F.png	woman gesturing OK: light skin tone	Menschen & Gesten	 woman gesturing OK: light skin tone  
png/1F646-1F3FC-200D-2640-FE0F.png	woman gesturing OK: medium-light skin tone	Menschen & Gesten	 woman gesturing OK: medium-light skin tone  
png/1F646-1F3FD-200D-2640-FE0F.png	woman gesturing OK: medium skin tone	Menschen & Gesten	 woman gesturing OK: medium skin tone  
png/1F646-1F3FE-200D-2640-FE0F.png	woman gesturing OK: medium-dark skin tone	Menschen & Gesten	 woman gesturing OK: medium-dark skin tone  
png/1F646-1F3FF-200D-2640-FE0F.png	woman gesturing OK: dark skin tone	Menschen & Gesten	 woman gesturing OK: dark skin tone  
png/1F481.png	Infoschalter-Mitarbeiter(in)	Menschen & Gesten	abgekippt beleidigen Gerüchte Geste Hand Klatsch klatschen Person Sarkasmus sarkastisch Tratsch tratschen person tipping hand fetch, flick, flip, gossip, hand, person, sarcasm, sarcastic, sassy, seriously, tipping, whatever human, head, face
png/1F481-1F3FB.png	person tipping hand: light skin tone	Menschen & Gesten	 person tipping hand: light skin tone  
png/1F481-1F3FC.png	person tipping hand: medium-light skin tone	Menschen & Gesten	 person tipping hand: medium-light skin tone  
png/1F481-1F3FD.png	person tipping hand: medium skin tone	Menschen & Gesten	 person tipping hand: medium skin tone  
png/1F481-1F3FE.png	person tipping hand: medium-dark skin tone	Menschen & Gesten	 person tipping hand: medium-dark skin tone  
png/1F481-1F3FF.png	person tipping hand: dark skin tone	Menschen & Gesten	 person tipping hand: dark skin tone  
png/1F481-200D-2642-FE0F.png	Infoschalter-Mitarbeiter	Menschen & Gesten	abgekippt beleidigen Gerüchte Geste Hand Klatsch klatschen Mann Sarkasmus sarkastisch Tratsch tratschen man tipping hand fetch, flick, flip, gossip, hand, man, sarcasm, sarcastic, sassy, seriously, tipping, whatever 
png/1F481-1F3FB-200D-2642-FE0F.png	man tipping hand: light skin tone	Menschen & Gesten	 man tipping hand: light skin tone  
png/1F481-1F3FC-200D-2642-FE0F.png	man tipping hand: medium-light skin tone	Menschen & Gesten	 man tipping hand: medium-light skin tone  
png/1F481-1F3FD-200D-2642-FE0F.png	man tipping hand: medium skin tone	Menschen & Gesten	 man tipping hand: medium skin tone  
png/1F481-1F3FE-200D-2642-FE0F.png	man tipping hand: medium-dark skin tone	Menschen & Gesten	 man tipping hand: medium-dark skin tone  
png/1F481-1F3FF-200D-2642-FE0F.png	man tipping hand: dark skin tone	Menschen & Gesten	 man tipping hand: dark skin tone  
png/1F481-200D-2640-FE0F.png	Infoschalter-Mitarbeiterin	Menschen & Gesten	Auskunft Frau Informationen Infoschalter-Mitarbeiterin woman tipping hand fetch, flick, flip, gossip, hand, sarcasm, sarcastic, sassy, seriously, tipping, whatever, woman 
png/1F481-1F3FB-200D-2640-FE0F.png	woman tipping hand: light skin tone	Menschen & Gesten	 woman tipping hand: light skin tone  
png/1F481-1F3FC-200D-2640-FE0F.png	woman tipping hand: medium-light skin tone	Menschen & Gesten	 woman tipping hand: medium-light skin tone  
png/1F481-1F3FD-200D-2640-FE0F.png	woman tipping hand: medium skin tone	Menschen & Gesten	 woman tipping hand: medium skin tone  
png/1F481-1F3FE-200D-2640-FE0F.png	woman tipping hand: medium-dark skin tone	Menschen & Gesten	 woman tipping hand: medium-dark skin tone  
png/1F481-1F3FF-200D-2640-FE0F.png	woman tipping hand: dark skin tone	Menschen & Gesten	 woman tipping hand: dark skin tone  
png/1F64B.png	Person mit erhobenem Arm	Menschen & Gesten	aufzeigen drankommen drannehmen Frage Geste Hand heben hier ich Person sich melden wissen person raising hand gesture, hand, here, know, me, person, pick, question, raise, raising human, head, face
png/1F64B-1F3FB.png	person raising hand: light skin tone	Menschen & Gesten	 person raising hand: light skin tone  
png/1F64B-1F3FC.png	person raising hand: medium-light skin tone	Menschen & Gesten	 person raising hand: medium-light skin tone  
png/1F64B-1F3FD.png	person raising hand: medium skin tone	Menschen & Gesten	 person raising hand: medium skin tone  
png/1F64B-1F3FE.png	person raising hand: medium-dark skin tone	Menschen & Gesten	 person raising hand: medium-dark skin tone  
png/1F64B-1F3FF.png	person raising hand: dark skin tone	Menschen & Gesten	 person raising hand: dark skin tone  
png/1F64B-200D-2642-FE0F.png	Mann mit erhobenem Arm	Menschen & Gesten	aufzeigen drankommen drannehmen Frage Geste Hand heben hier ich Mann sich melden wissen man raising hand gesture, hand, here, know, man, me, pick, question, raise, raising 
png/1F64B-1F3FB-200D-2642-FE0F.png	man raising hand: light skin tone	Menschen & Gesten	 man raising hand: light skin tone  
png/1F64B-1F3FC-200D-2642-FE0F.png	man raising hand: medium-light skin tone	Menschen & Gesten	 man raising hand: medium-light skin tone  
png/1F64B-1F3FD-200D-2642-FE0F.png	man raising hand: medium skin tone	Menschen & Gesten	 man raising hand: medium skin tone  
png/1F64B-1F3FE-200D-2642-FE0F.png	man raising hand: medium-dark skin tone	Menschen & Gesten	 man raising hand: medium-dark skin tone  
png/1F64B-1F3FF-200D-2642-FE0F.png	man raising hand: dark skin tone	Menschen & Gesten	 man raising hand: dark skin tone  
png/1F64B-200D-2640-FE0F.png	Frau mit erhobenem Arm	Menschen & Gesten	aufzeigen drankommen drannehmen Frage Frau Geste Hand heben hier ich sich melden wissen woman raising hand gesture, hand, here, know, me, pick, question, raise, raising, woman 
png/1F64B-1F3FB-200D-2640-FE0F.png	woman raising hand: light skin tone	Menschen & Gesten	 woman raising hand: light skin tone  
png/1F64B-1F3FC-200D-2640-FE0F.png	woman raising hand: medium-light skin tone	Menschen & Gesten	 woman raising hand: medium-light skin tone  
png/1F64B-1F3FD-200D-2640-FE0F.png	woman raising hand: medium skin tone	Menschen & Gesten	 woman raising hand: medium skin tone  
png/1F64B-1F3FE-200D-2640-FE0F.png	woman raising hand: medium-dark skin tone	Menschen & Gesten	 woman raising hand: medium-dark skin tone  
png/1F64B-1F3FF-200D-2640-FE0F.png	woman raising hand: dark skin tone	Menschen & Gesten	 woman raising hand: dark skin tone  
png/1F9CF.png	gehörlose Person	Menschen & Gesten	Barrierefreiheit gehörlos hören Ohr Person schwerhörig taub deaf person accessibility, deaf, ear, gesture, hear, person 
png/1F9CF-1F3FB.png	deaf person: light skin tone	Menschen & Gesten	 deaf person: light skin tone  
png/1F9CF-1F3FC.png	deaf person: medium-light skin tone	Menschen & Gesten	 deaf person: medium-light skin tone  
png/1F9CF-1F3FD.png	deaf person: medium skin tone	Menschen & Gesten	 deaf person: medium skin tone  
png/1F9CF-1F3FE.png	deaf person: medium-dark skin tone	Menschen & Gesten	 deaf person: medium-dark skin tone  
png/1F9CF-1F3FF.png	deaf person: dark skin tone	Menschen & Gesten	 deaf person: dark skin tone  
png/1F9CF-200D-2642-FE0F.png	gehörloser Mann	Menschen & Gesten	gehörlos gehörloser Mann Mann taub deaf man accessibility, deaf, ear, gesture, hear, man 
png/1F9CF-1F3FB-200D-2642-FE0F.png	deaf man: light skin tone	Menschen & Gesten	 deaf man: light skin tone  
png/1F9CF-1F3FC-200D-2642-FE0F.png	deaf man: medium-light skin tone	Menschen & Gesten	 deaf man: medium-light skin tone  
png/1F9CF-1F3FD-200D-2642-FE0F.png	deaf man: medium skin tone	Menschen & Gesten	 deaf man: medium skin tone  
png/1F9CF-1F3FE-200D-2642-FE0F.png	deaf man: medium-dark skin tone	Menschen & Gesten	 deaf man: medium-dark skin tone  
png/1F9CF-1F3FF-200D-2642-FE0F.png	deaf man: dark skin tone	Menschen & Gesten	 deaf man: dark skin tone  
png/1F9CF-200D-2640-FE0F.png	gehörlose Frau	Menschen & Gesten	Frau gehörlos gehörlose Frau taub deaf woman accessibility, deaf, ear, gesture, hear, woman 
png/1F9CF-1F3FB-200D-2640-FE0F.png	deaf woman: light skin tone	Menschen & Gesten	 deaf woman: light skin tone  
png/1F9CF-1F3FC-200D-2640-FE0F.png	deaf woman: medium-light skin tone	Menschen & Gesten	 deaf woman: medium-light skin tone  
png/1F9CF-1F3FD-200D-2640-FE0F.png	deaf woman: medium skin tone	Menschen & Gesten	 deaf woman: medium skin tone  
png/1F9CF-1F3FE-200D-2640-FE0F.png	deaf woman: medium-dark skin tone	Menschen & Gesten	 deaf woman: medium-dark skin tone  
png/1F9CF-1F3FF-200D-2640-FE0F.png	deaf woman: dark skin tone	Menschen & Gesten	 deaf woman: dark skin tone  
png/1F647.png	sich verbeugende Person	Menschen & Gesten	Bedauern bitten Demut Entschuldigung Geste Kniefall Meditation meditieren Person sorry unterwerfen verbeugen Verzeihung person bowing apology, ask, beg, bow, bowing, favor, forgive, gesture, meditate, meditation, person, pity, regret, sorry human, head, face
png/1F647-1F3FB.png	person bowing: light skin tone	Menschen & Gesten	 person bowing: light skin tone  
png/1F647-1F3FC.png	person bowing: medium-light skin tone	Menschen & Gesten	 person bowing: medium-light skin tone  
png/1F647-1F3FD.png	person bowing: medium skin tone	Menschen & Gesten	 person bowing: medium skin tone  
png/1F647-1F3FE.png	person bowing: medium-dark skin tone	Menschen & Gesten	 person bowing: medium-dark skin tone  
png/1F647-1F3FF.png	person bowing: dark skin tone	Menschen & Gesten	 person bowing: dark skin tone  
png/1F647-200D-2642-FE0F.png	sich verbeugender Mann	Menschen & Gesten	Demut Mann sich verbeugender Mann verbeugen man bowing apology, ask, beg, bow, bowing, favor, forgive, gesture, man, meditate, meditation, pity, regret, sorry 
png/1F647-1F3FB-200D-2642-FE0F.png	man bowing: light skin tone	Menschen & Gesten	 man bowing: light skin tone  
png/1F647-1F3FC-200D-2642-FE0F.png	man bowing: medium-light skin tone	Menschen & Gesten	 man bowing: medium-light skin tone  
png/1F647-1F3FD-200D-2642-FE0F.png	man bowing: medium skin tone	Menschen & Gesten	 man bowing: medium skin tone  
png/1F647-1F3FE-200D-2642-FE0F.png	man bowing: medium-dark skin tone	Menschen & Gesten	 man bowing: medium-dark skin tone  
png/1F647-1F3FF-200D-2642-FE0F.png	man bowing: dark skin tone	Menschen & Gesten	 man bowing: dark skin tone  
png/1F647-200D-2640-FE0F.png	sich verbeugende Frau	Menschen & Gesten	Bedauern bitten Demut Entschuldigung Frau Geste Kniefall Meditation meditieren sorry unterwerfen verbeugen Verzeihung woman bowing apology, ask, beg, bow, bowing, favor, forgive, gesture, meditate, meditation, pity, regret, sorry, woman 
png/1F647-1F3FB-200D-2640-FE0F.png	woman bowing: light skin tone	Menschen & Gesten	 woman bowing: light skin tone  
png/1F647-1F3FC-200D-2640-FE0F.png	woman bowing: medium-light skin tone	Menschen & Gesten	 woman bowing: medium-light skin tone  
png/1F647-1F3FD-200D-2640-FE0F.png	woman bowing: medium skin tone	Menschen & Gesten	 woman bowing: medium skin tone  
png/1F647-1F3FE-200D-2640-FE0F.png	woman bowing: medium-dark skin tone	Menschen & Gesten	 woman bowing: medium-dark skin tone  
png/1F647-1F3FF-200D-2640-FE0F.png	woman bowing: dark skin tone	Menschen & Gesten	 woman bowing: dark skin tone  
png/1F926.png	sich an den Kopf fassende Person	Menschen & Gesten	fassen frustriert genervt Gesicht Kopf oh nein OMG Person unfassbar unglaublich verzweifelt person facepalming again, bewilder, disbelief, exasperation, facepalm, no, not, oh, omg, person, shock, smh facepalm, human, head, face
png/1F926-1F3FB.png	person facepalming: light skin tone	Menschen & Gesten	 person facepalming: light skin tone  
png/1F926-1F3FC.png	person facepalming: medium-light skin tone	Menschen & Gesten	 person facepalming: medium-light skin tone  
png/1F926-1F3FD.png	person facepalming: medium skin tone	Menschen & Gesten	 person facepalming: medium skin tone  
png/1F926-1F3FE.png	person facepalming: medium-dark skin tone	Menschen & Gesten	 person facepalming: medium-dark skin tone  
png/1F926-1F3FF.png	person facepalming: dark skin tone	Menschen & Gesten	 person facepalming: dark skin tone  
png/1F926-200D-2642-FE0F.png	sich an den Kopf fassender Mann	Menschen & Gesten	fassen frustriert genervt Gesicht Kopf Mann oh nein OMG unfassbar unglaublich verzweifelt man facepalming again, bewilder, disbelief, exasperation, facepalm, man, no, not, oh, omg, shock, smh facepalm, head, face
png/1F926-1F3FB-200D-2642-FE0F.png	man facepalming: light skin tone	Menschen & Gesten	 man facepalming: light skin tone  
png/1F926-1F3FC-200D-2642-FE0F.png	man facepalming: medium-light skin tone	Menschen & Gesten	 man facepalming: medium-light skin tone  
png/1F926-1F3FD-200D-2642-FE0F.png	man facepalming: medium skin tone	Menschen & Gesten	 man facepalming: medium skin tone  
png/1F926-1F3FE-200D-2642-FE0F.png	man facepalming: medium-dark skin tone	Menschen & Gesten	 man facepalming: medium-dark skin tone  
png/1F926-1F3FF-200D-2642-FE0F.png	man facepalming: dark skin tone	Menschen & Gesten	 man facepalming: dark skin tone  
png/1F926-200D-2640-FE0F.png	sich an den Kopf fassende Frau	Menschen & Gesten	fassen Frau frustriert genervt Gesicht Kopf oh nein OMG unfassbar unglaublich verzweifelt woman facepalming again, bewilder, disbelief, exasperation, facepalm, no, not, oh, omg, shock, smh, woman facepalm, head, face
png/1F926-1F3FB-200D-2640-FE0F.png	woman facepalming: light skin tone	Menschen & Gesten	 woman facepalming: light skin tone  
png/1F926-1F3FC-200D-2640-FE0F.png	woman facepalming: medium-light skin tone	Menschen & Gesten	 woman facepalming: medium-light skin tone  
png/1F926-1F3FD-200D-2640-FE0F.png	woman facepalming: medium skin tone	Menschen & Gesten	 woman facepalming: medium skin tone  
png/1F926-1F3FE-200D-2640-FE0F.png	woman facepalming: medium-dark skin tone	Menschen & Gesten	 woman facepalming: medium-dark skin tone  
png/1F926-1F3FF-200D-2640-FE0F.png	woman facepalming: dark skin tone	Menschen & Gesten	 woman facepalming: dark skin tone  
png/1F937.png	schulterzuckende Person	Menschen & Gesten	egal gleichgültig keine Ahnung Person Schultern zucken schulterzuckend weiß nicht Zweifel person shrugging doubt, dunno, guess, idk, ignorance, indifference, knows, maybe, person, shrug, shrugging, whatever, who human, head, face
png/1F937-1F3FB.png	person shrugging: light skin tone	Menschen & Gesten	 person shrugging: light skin tone  
png/1F937-1F3FC.png	person shrugging: medium-light skin tone	Menschen & Gesten	 person shrugging: medium-light skin tone  
png/1F937-1F3FD.png	person shrugging: medium skin tone	Menschen & Gesten	 person shrugging: medium skin tone  
png/1F937-1F3FE.png	person shrugging: medium-dark skin tone	Menschen & Gesten	 person shrugging: medium-dark skin tone  
png/1F937-1F3FF.png	person shrugging: dark skin tone	Menschen & Gesten	 person shrugging: dark skin tone  
png/1F937-200D-2642-FE0F.png	schulterzuckender Mann	Menschen & Gesten	egal gleichgültig keine Ahnung Mann Schultern zucken schulterzuckend weiß nicht Zweifel man shrugging doubt, dunno, guess, idk, ignorance, indifference, knows, man, maybe, shrug, shrugging, whatever, who 
png/1F937-1F3FB-200D-2642-FE0F.png	man shrugging: light skin tone	Menschen & Gesten	 man shrugging: light skin tone  
png/1F937-1F3FC-200D-2642-FE0F.png	man shrugging: medium-light skin tone	Menschen & Gesten	 man shrugging: medium-light skin tone  
png/1F937-1F3FD-200D-2642-FE0F.png	man shrugging: medium skin tone	Menschen & Gesten	 man shrugging: medium skin tone  
png/1F937-1F3FE-200D-2642-FE0F.png	man shrugging: medium-dark skin tone	Menschen & Gesten	 man shrugging: medium-dark skin tone  
png/1F937-1F3FF-200D-2642-FE0F.png	man shrugging: dark skin tone	Menschen & Gesten	 man shrugging: dark skin tone  
png/1F937-200D-2640-FE0F.png	schulterzuckende Frau	Menschen & Gesten	egal Frau gleichgültig keine Ahnung Schultern zucken schulterzuckend weiß nicht Zweifel woman shrugging doubt, dunno, guess, idk, ignorance, indifference, knows, maybe, shrug, shrugging, whatever, who, woman 
png/1F937-1F3FB-200D-2640-FE0F.png	woman shrugging: light skin tone	Menschen & Gesten	 woman shrugging: light skin tone  
png/1F937-1F3FC-200D-2640-FE0F.png	woman shrugging: medium-light skin tone	Menschen & Gesten	 woman shrugging: medium-light skin tone  
png/1F937-1F3FD-200D-2640-FE0F.png	woman shrugging: medium skin tone	Menschen & Gesten	 woman shrugging: medium skin tone  
png/1F937-1F3FE-200D-2640-FE0F.png	woman shrugging: medium-dark skin tone	Menschen & Gesten	 woman shrugging: medium-dark skin tone  
png/1F937-1F3FF-200D-2640-FE0F.png	woman shrugging: dark skin tone	Menschen & Gesten	 woman shrugging: dark skin tone  
png/1F9D1-200D-2695-FE0F.png	Arzt/Ärztin	Menschen & Gesten	Arzt/Ärztin Arztkittel Doktor(in) health worker doctor, health, healthcare, nurse, therapist, worker 
png/1F9D1-1F3FB-200D-2695-FE0F.png	health worker: light skin tone	Menschen & Gesten	 health worker: light skin tone  
png/1F9D1-1F3FC-200D-2695-FE0F.png	health worker: medium-light skin tone	Menschen & Gesten	 health worker: medium-light skin tone  
png/1F9D1-1F3FD-200D-2695-FE0F.png	health worker: medium skin tone	Menschen & Gesten	 health worker: medium skin tone  
png/1F9D1-1F3FE-200D-2695-FE0F.png	health worker: medium-dark skin tone	Menschen & Gesten	 health worker: medium-dark skin tone  
png/1F9D1-1F3FF-200D-2695-FE0F.png	health worker: dark skin tone	Menschen & Gesten	 health worker: dark skin tone  
png/1F468-200D-2695-FE0F.png	Arzt	Menschen & Gesten	Arzt Arztkittel Doktor Krankenpfleger Pfleger man health worker doctor, health, healthcare, man, nurse, therapist, worker doctor, healthcare, man, nurse, therapist, stethoscope, doctor smock
png/1F468-1F3FB-200D-2695-FE0F.png	man health worker: light skin tone	Menschen & Gesten	 man health worker: light skin tone  
png/1F468-1F3FC-200D-2695-FE0F.png	man health worker: medium-light skin tone	Menschen & Gesten	 man health worker: medium-light skin tone  
png/1F468-1F3FD-200D-2695-FE0F.png	man health worker: medium skin tone	Menschen & Gesten	 man health worker: medium skin tone  
png/1F468-1F3FE-200D-2695-FE0F.png	man health worker: medium-dark skin tone	Menschen & Gesten	 man health worker: medium-dark skin tone  
png/1F468-1F3FF-200D-2695-FE0F.png	man health worker: dark skin tone	Menschen & Gesten	 man health worker: dark skin tone  
png/1F469-200D-2695-FE0F.png	Ärztin	Menschen & Gesten	Ärztin Arztkittel Doktor Krankenschwester Pflegerin woman health worker doctor, health, healthcare, nurse, therapist, woman, worker doctor, healthcare, woman, nurse, therapist, stethoscope, doctor smock
png/1F469-1F3FB-200D-2695-FE0F.png	woman health worker: light skin tone	Menschen & Gesten	 woman health worker: light skin tone  
png/1F469-1F3FC-200D-2695-FE0F.png	woman health worker: medium-light skin tone	Menschen & Gesten	 woman health worker: medium-light skin tone  
png/1F469-1F3FD-200D-2695-FE0F.png	woman health worker: medium skin tone	Menschen & Gesten	 woman health worker: medium skin tone  
png/1F469-1F3FE-200D-2695-FE0F.png	woman health worker: medium-dark skin tone	Menschen & Gesten	 woman health worker: medium-dark skin tone  
png/1F469-1F3FF-200D-2695-FE0F.png	woman health worker: dark skin tone	Menschen & Gesten	 woman health worker: dark skin tone  
png/1F9D1-200D-1F393.png	Student(in)	Menschen & Gesten	Absolvent(in) Doktorhut Student(in) Uni student graduate 
png/1F9D1-1F3FB-200D-1F393.png	student: light skin tone	Menschen & Gesten	 student: light skin tone  
png/1F9D1-1F3FC-200D-1F393.png	student: medium-light skin tone	Menschen & Gesten	 student: medium-light skin tone  
png/1F9D1-1F3FD-200D-1F393.png	student: medium skin tone	Menschen & Gesten	 student: medium skin tone  
png/1F9D1-1F3FE-200D-1F393.png	student: medium-dark skin tone	Menschen & Gesten	 student: medium-dark skin tone  
png/1F9D1-1F3FF-200D-1F393.png	student: dark skin tone	Menschen & Gesten	 student: dark skin tone  
png/1F468-200D-1F393.png	Student	Menschen & Gesten	Absolvent Diplom Doktorhut Student Uni man student graduate, man, student graduate, man, student, black robe, collegian, undergraduate, graduation
png/1F468-1F3FB-200D-1F393.png	man student: light skin tone	Menschen & Gesten	 man student: light skin tone  
png/1F468-1F3FC-200D-1F393.png	man student: medium-light skin tone	Menschen & Gesten	 man student: medium-light skin tone  
png/1F468-1F3FD-200D-1F393.png	man student: medium skin tone	Menschen & Gesten	 man student: medium skin tone  
png/1F468-1F3FE-200D-1F393.png	man student: medium-dark skin tone	Menschen & Gesten	 man student: medium-dark skin tone  
png/1F468-1F3FF-200D-1F393.png	man student: dark skin tone	Menschen & Gesten	 man student: dark skin tone  
png/1F469-200D-1F393.png	Studentin	Menschen & Gesten	Abschluss Absolventin Diplom Doktorhut Studentin Uni woman student graduate, student, woman graduate, woman, student, black robe, collegian, undergraduate, graduation
png/1F469-1F3FB-200D-1F393.png	woman student: light skin tone	Menschen & Gesten	 woman student: light skin tone  
png/1F469-1F3FC-200D-1F393.png	woman student: medium-light skin tone	Menschen & Gesten	 woman student: medium-light skin tone  
png/1F469-1F3FD-200D-1F393.png	woman student: medium skin tone	Menschen & Gesten	 woman student: medium skin tone  
png/1F469-1F3FE-200D-1F393.png	woman student: medium-dark skin tone	Menschen & Gesten	 woman student: medium-dark skin tone  
png/1F469-1F3FF-200D-1F393.png	woman student: dark skin tone	Menschen & Gesten	 woman student: dark skin tone  
png/1F9D1-200D-1F3EB.png	Lehrer(in)	Menschen & Gesten	Dozent(in) Lehrer(in) Professor(in) teacher instructor, lecturer, professor 
png/1F9D1-1F3FB-200D-1F3EB.png	teacher: light skin tone	Menschen & Gesten	 teacher: light skin tone  
png/1F9D1-1F3FC-200D-1F3EB.png	teacher: medium-light skin tone	Menschen & Gesten	 teacher: medium-light skin tone  
png/1F9D1-1F3FD-200D-1F3EB.png	teacher: medium skin tone	Menschen & Gesten	 teacher: medium skin tone  
png/1F9D1-1F3FE-200D-1F3EB.png	teacher: medium-dark skin tone	Menschen & Gesten	 teacher: medium-dark skin tone  
png/1F9D1-1F3FF-200D-1F3EB.png	teacher: dark skin tone	Menschen & Gesten	 teacher: dark skin tone  
png/1F468-200D-1F3EB.png	Lehrer	Menschen & Gesten	Dozent Lehrer Mann Professor Tafel man teacher instructor, lecturer, man, professor, teacher instructor, man, professor, teacher, lecturer, educator, chalkboard
png/1F468-1F3FB-200D-1F3EB.png	man teacher: light skin tone	Menschen & Gesten	 man teacher: light skin tone  
png/1F468-1F3FC-200D-1F3EB.png	man teacher: medium-light skin tone	Menschen & Gesten	 man teacher: medium-light skin tone  
png/1F468-1F3FD-200D-1F3EB.png	man teacher: medium skin tone	Menschen & Gesten	 man teacher: medium skin tone  
png/1F468-1F3FE-200D-1F3EB.png	man teacher: medium-dark skin tone	Menschen & Gesten	 man teacher: medium-dark skin tone  
png/1F468-1F3FF-200D-1F3EB.png	man teacher: dark skin tone	Menschen & Gesten	 man teacher: dark skin tone  
png/1F469-200D-1F3EB.png	Lehrerin	Menschen & Gesten	Dozentin Frau Lehrerin Professorin woman teacher instructor, lecturer, professor, teacher, woman instructor, woman, professor, teacher, lecturer, educator, chalkboard
png/1F469-1F3FB-200D-1F3EB.png	woman teacher: light skin tone	Menschen & Gesten	 woman teacher: light skin tone  
png/1F469-1F3FC-200D-1F3EB.png	woman teacher: medium-light skin tone	Menschen & Gesten	 woman teacher: medium-light skin tone  
png/1F469-1F3FD-200D-1F3EB.png	woman teacher: medium skin tone	Menschen & Gesten	 woman teacher: medium skin tone  
png/1F469-1F3FE-200D-1F3EB.png	woman teacher: medium-dark skin tone	Menschen & Gesten	 woman teacher: medium-dark skin tone  
png/1F469-1F3FF-200D-1F3EB.png	woman teacher: dark skin tone	Menschen & Gesten	 woman teacher: dark skin tone  
png/1F9D1-200D-2696-FE0F.png	Richter(in)	Menschen & Gesten	Richter(in) Waage judge justice, law, scales 
png/1F9D1-1F3FB-200D-2696-FE0F.png	judge: light skin tone	Menschen & Gesten	 judge: light skin tone  
png/1F9D1-1F3FC-200D-2696-FE0F.png	judge: medium-light skin tone	Menschen & Gesten	 judge: medium-light skin tone  
png/1F9D1-1F3FD-200D-2696-FE0F.png	judge: medium skin tone	Menschen & Gesten	 judge: medium skin tone  
png/1F9D1-1F3FE-200D-2696-FE0F.png	judge: medium-dark skin tone	Menschen & Gesten	 judge: medium-dark skin tone  
png/1F9D1-1F3FF-200D-2696-FE0F.png	judge: dark skin tone	Menschen & Gesten	 judge: dark skin tone  
png/1F468-200D-2696-FE0F.png	Richter	Menschen & Gesten	Gerechtigkeit Mann Recht Richter man judge judge, justice, law, man, scales justice, man, scales, judge hammer, gavel, black robe, law, order
png/1F468-1F3FB-200D-2696-FE0F.png	man judge: light skin tone	Menschen & Gesten	 man judge: light skin tone  
png/1F468-1F3FC-200D-2696-FE0F.png	man judge: medium-light skin tone	Menschen & Gesten	 man judge: medium-light skin tone  
png/1F468-1F3FD-200D-2696-FE0F.png	man judge: medium skin tone	Menschen & Gesten	 man judge: medium skin tone  
png/1F468-1F3FE-200D-2696-FE0F.png	man judge: medium-dark skin tone	Menschen & Gesten	 man judge: medium-dark skin tone  
png/1F468-1F3FF-200D-2696-FE0F.png	man judge: dark skin tone	Menschen & Gesten	 man judge: dark skin tone  
png/1F469-200D-2696-FE0F.png	Richterin	Menschen & Gesten	Frau Gerechtigkeit Recht Richterin woman judge judge, justice, law, scales, woman justice, woman, scales, judge hammer, gavel, black robe, law, order
png/1F469-1F3FB-200D-2696-FE0F.png	woman judge: light skin tone	Menschen & Gesten	 woman judge: light skin tone  
png/1F469-1F3FC-200D-2696-FE0F.png	woman judge: medium-light skin tone	Menschen & Gesten	 woman judge: medium-light skin tone  
png/1F469-1F3FD-200D-2696-FE0F.png	woman judge: medium skin tone	Menschen & Gesten	 woman judge: medium skin tone  
png/1F469-1F3FE-200D-2696-FE0F.png	woman judge: medium-dark skin tone	Menschen & Gesten	 woman judge: medium-dark skin tone  
png/1F469-1F3FF-200D-2696-FE0F.png	woman judge: dark skin tone	Menschen & Gesten	 woman judge: dark skin tone  
png/1F9D1-200D-1F33E.png	Bauer/Bäuerin	Menschen & Gesten	Bauer/Bäuerin Farmer(in) Gärtner(in) Landwirt(in) farmer gardener, rancher 
png/1F9D1-1F3FB-200D-1F33E.png	farmer: light skin tone	Menschen & Gesten	 farmer: light skin tone  
png/1F9D1-1F3FC-200D-1F33E.png	farmer: medium-light skin tone	Menschen & Gesten	 farmer: medium-light skin tone  
png/1F9D1-1F3FD-200D-1F33E.png	farmer: medium skin tone	Menschen & Gesten	 farmer: medium skin tone  
png/1F9D1-1F3FE-200D-1F33E.png	farmer: medium-dark skin tone	Menschen & Gesten	 farmer: medium-dark skin tone  
png/1F9D1-1F3FF-200D-1F33E.png	farmer: dark skin tone	Menschen & Gesten	 farmer: dark skin tone  
png/1F468-200D-1F33E.png	Bauer	Menschen & Gesten	Ähre Bauer Farmer Gärtner Landwirt Rancher man farmer farmer, gardener, man, rancher farmer, gardener, man, rancher, pitchfork, strawhat
png/1F468-1F3FB-200D-1F33E.png	man farmer: light skin tone	Menschen & Gesten	 man farmer: light skin tone  
png/1F468-1F3FC-200D-1F33E.png	man farmer: medium-light skin tone	Menschen & Gesten	 man farmer: medium-light skin tone  
png/1F468-1F3FD-200D-1F33E.png	man farmer: medium skin tone	Menschen & Gesten	 man farmer: medium skin tone  
png/1F468-1F3FE-200D-1F33E.png	man farmer: medium-dark skin tone	Menschen & Gesten	 man farmer: medium-dark skin tone  
png/1F468-1F3FF-200D-1F33E.png	man farmer: dark skin tone	Menschen & Gesten	 man farmer: dark skin tone  
png/1F469-200D-1F33E.png	Bäuerin	Menschen & Gesten	Ähre Bäuerin Farmerin Gärtnerin Landwirtin woman farmer farmer, gardener, rancher, woman farmer, gardener, woman, rancher, pitchfork, braids
png/1F469-1F3FB-200D-1F33E.png	woman farmer: light skin tone	Menschen & Gesten	 woman farmer: light skin tone  
png/1F469-1F3FC-200D-1F33E.png	woman farmer: medium-light skin tone	Menschen & Gesten	 woman farmer: medium-light skin tone  
png/1F469-1F3FD-200D-1F33E.png	woman farmer: medium skin tone	Menschen & Gesten	 woman farmer: medium skin tone  
png/1F469-1F3FE-200D-1F33E.png	woman farmer: medium-dark skin tone	Menschen & Gesten	 woman farmer: medium-dark skin tone  
png/1F469-1F3FF-200D-1F33E.png	woman farmer: dark skin tone	Menschen & Gesten	 woman farmer: dark skin tone  
png/1F9D1-200D-1F373.png	Koch/Köchin	Menschen & Gesten	Koch/Köchin Kochen cook chef 
png/1F9D1-1F3FB-200D-1F373.png	cook: light skin tone	Menschen & Gesten	 cook: light skin tone  
png/1F9D1-1F3FC-200D-1F373.png	cook: medium-light skin tone	Menschen & Gesten	 cook: medium-light skin tone  
png/1F9D1-1F3FD-200D-1F373.png	cook: medium skin tone	Menschen & Gesten	 cook: medium skin tone  
png/1F9D1-1F3FE-200D-1F373.png	cook: medium-dark skin tone	Menschen & Gesten	 cook: medium-dark skin tone  
png/1F9D1-1F3FF-200D-1F373.png	cook: dark skin tone	Menschen & Gesten	 cook: dark skin tone  
png/1F468-200D-1F373.png	Koch	Menschen & Gesten	Koch Kochen Restaurant man cook chef, cook, man chef, cook, man, toque, chef's hat, food, cooking
png/1F468-1F3FB-200D-1F373.png	man cook: light skin tone	Menschen & Gesten	 man cook: light skin tone  
png/1F468-1F3FC-200D-1F373.png	man cook: medium-light skin tone	Menschen & Gesten	 man cook: medium-light skin tone  
png/1F468-1F3FD-200D-1F373.png	man cook: medium skin tone	Menschen & Gesten	 man cook: medium skin tone  
png/1F468-1F3FE-200D-1F373.png	man cook: medium-dark skin tone	Menschen & Gesten	 man cook: medium-dark skin tone  
png/1F468-1F3FF-200D-1F373.png	man cook: dark skin tone	Menschen & Gesten	 man cook: dark skin tone  
png/1F469-200D-1F373.png	Köchin	Menschen & Gesten	kochen Köchin woman cook chef, cook, woman chef, cook, woman, toque, chef's hat, food, cooking
png/1F469-1F3FB-200D-1F373.png	woman cook: light skin tone	Menschen & Gesten	 woman cook: light skin tone  
png/1F469-1F3FC-200D-1F373.png	woman cook: medium-light skin tone	Menschen & Gesten	 woman cook: medium-light skin tone  
png/1F469-1F3FD-200D-1F373.png	woman cook: medium skin tone	Menschen & Gesten	 woman cook: medium skin tone  
png/1F469-1F3FE-200D-1F373.png	woman cook: medium-dark skin tone	Menschen & Gesten	 woman cook: medium-dark skin tone  
png/1F469-1F3FF-200D-1F373.png	woman cook: dark skin tone	Menschen & Gesten	 woman cook: dark skin tone  
png/1F9D1-200D-1F527.png	Mechaniker(in)	Menschen & Gesten	Elektriker(in) Klempner(in) Mechaniker(in) mechanic electrician, plumber, tradesperson 
png/1F9D1-1F3FB-200D-1F527.png	mechanic: light skin tone	Menschen & Gesten	 mechanic: light skin tone  
png/1F9D1-1F3FC-200D-1F527.png	mechanic: medium-light skin tone	Menschen & Gesten	 mechanic: medium-light skin tone  
png/1F9D1-1F3FD-200D-1F527.png	mechanic: medium skin tone	Menschen & Gesten	 mechanic: medium skin tone  
png/1F9D1-1F3FE-200D-1F527.png	mechanic: medium-dark skin tone	Menschen & Gesten	 mechanic: medium-dark skin tone  
png/1F9D1-1F3FF-200D-1F527.png	mechanic: dark skin tone	Menschen & Gesten	 mechanic: dark skin tone  
png/1F468-200D-1F527.png	Mechaniker	Menschen & Gesten	Elektriker Handwerker Klempner Mann Mechaniker man mechanic electrician, man, mechanic, plumber, tradesperson electrician, man, mechanic, plumber, tradesperson, wrench, overalls, blue hat, auto mechanic
png/1F468-1F3FB-200D-1F527.png	man mechanic: light skin tone	Menschen & Gesten	 man mechanic: light skin tone  
png/1F468-1F3FC-200D-1F527.png	man mechanic: medium-light skin tone	Menschen & Gesten	 man mechanic: medium-light skin tone  
png/1F468-1F3FD-200D-1F527.png	man mechanic: medium skin tone	Menschen & Gesten	 man mechanic: medium skin tone  
png/1F468-1F3FE-200D-1F527.png	man mechanic: medium-dark skin tone	Menschen & Gesten	 man mechanic: medium-dark skin tone  
png/1F468-1F3FF-200D-1F527.png	man mechanic: dark skin tone	Menschen & Gesten	 man mechanic: dark skin tone  
png/1F469-200D-1F527.png	Mechanikerin	Menschen & Gesten	Elektrikerin Frau Handwerkerin Klempnerin Mechanikerin woman mechanic electrician, mechanic, plumber, tradesperson, woman electrician, woman, mechanic, plumber, tradesperson, wrench, overalls, blue hat, auto mechanic
png/1F469-1F3FB-200D-1F527.png	woman mechanic: light skin tone	Menschen & Gesten	 woman mechanic: light skin tone  
png/1F469-1F3FC-200D-1F527.png	woman mechanic: medium-light skin tone	Menschen & Gesten	 woman mechanic: medium-light skin tone  
png/1F469-1F3FD-200D-1F527.png	woman mechanic: medium skin tone	Menschen & Gesten	 woman mechanic: medium skin tone  
png/1F469-1F3FE-200D-1F527.png	woman mechanic: medium-dark skin tone	Menschen & Gesten	 woman mechanic: medium-dark skin tone  
png/1F469-1F3FF-200D-1F527.png	woman mechanic: dark skin tone	Menschen & Gesten	 woman mechanic: dark skin tone  
png/1F9D1-200D-1F3ED.png	Fabrikarbeiter(in)	Menschen & Gesten	Arbeiter(in) Fabrik Fabrikarbeiter(in) industriell Montage factory worker assembly, factory, industrial, worker 
png/1F9D1-1F3FB-200D-1F3ED.png	factory worker: light skin tone	Menschen & Gesten	 factory worker: light skin tone  
png/1F9D1-1F3FC-200D-1F3ED.png	factory worker: medium-light skin tone	Menschen & Gesten	 factory worker: medium-light skin tone  
png/1F9D1-1F3FD-200D-1F3ED.png	factory worker: medium skin tone	Menschen & Gesten	 factory worker: medium skin tone  
png/1F9D1-1F3FE-200D-1F3ED.png	factory worker: medium-dark skin tone	Menschen & Gesten	 factory worker: medium-dark skin tone  
png/1F9D1-1F3FF-200D-1F3ED.png	factory worker: dark skin tone	Menschen & Gesten	 factory worker: dark skin tone  
png/1F468-200D-1F3ED.png	Fabrikarbeiter	Menschen & Gesten	Fabrik Fabrikarbeiter Helm man factory worker assembly, factory, industrial, man, worker assembly, factory, industrial, man, worker, welder, welding, welding helmet
png/1F468-1F3FB-200D-1F3ED.png	man factory worker: light skin tone	Menschen & Gesten	 man factory worker: light skin tone  
png/1F468-1F3FC-200D-1F3ED.png	man factory worker: medium-light skin tone	Menschen & Gesten	 man factory worker: medium-light skin tone  
png/1F468-1F3FD-200D-1F3ED.png	man factory worker: medium skin tone	Menschen & Gesten	 man factory worker: medium skin tone  
png/1F468-1F3FE-200D-1F3ED.png	man factory worker: medium-dark skin tone	Menschen & Gesten	 man factory worker: medium-dark skin tone  
png/1F468-1F3FF-200D-1F3ED.png	man factory worker: dark skin tone	Menschen & Gesten	 man factory worker: dark skin tone  
png/1F469-200D-1F3ED.png	Fabrikarbeiterin	Menschen & Gesten	Fabrik Fabrikarbeiterin Frau Helm woman factory worker assembly, factory, industrial, woman, worker assembly, factory, industrial, woman, worker, welder, welding, welding helmet
png/1F469-1F3FB-200D-1F3ED.png	woman factory worker: light skin tone	Menschen & Gesten	 woman factory worker: light skin tone  
png/1F469-1F3FC-200D-1F3ED.png	woman factory worker: medium-light skin tone	Menschen & Gesten	 woman factory worker: medium-light skin tone  
png/1F469-1F3FD-200D-1F3ED.png	woman factory worker: medium skin tone	Menschen & Gesten	 woman factory worker: medium skin tone  
png/1F469-1F3FE-200D-1F3ED.png	woman factory worker: medium-dark skin tone	Menschen & Gesten	 woman factory worker: medium-dark skin tone  
png/1F469-1F3FF-200D-1F3ED.png	woman factory worker: dark skin tone	Menschen & Gesten	 woman factory worker: dark skin tone  
png/1F9D1-200D-1F4BC.png	Büroangestellte(r)	Menschen & Gesten	Architekt(in) Büroangestellte(r) Business Manager(in) Schlips und Kragen office worker architect, business, manager, office, white-collar, worker 
png/1F9D1-1F3FB-200D-1F4BC.png	office worker: light skin tone	Menschen & Gesten	 office worker: light skin tone  
png/1F9D1-1F3FC-200D-1F4BC.png	office worker: medium-light skin tone	Menschen & Gesten	 office worker: medium-light skin tone  
png/1F9D1-1F3FD-200D-1F4BC.png	office worker: medium skin tone	Menschen & Gesten	 office worker: medium skin tone  
png/1F9D1-1F3FE-200D-1F4BC.png	office worker: medium-dark skin tone	Menschen & Gesten	 office worker: medium-dark skin tone  
png/1F9D1-1F3FF-200D-1F4BC.png	office worker: dark skin tone	Menschen & Gesten	 office worker: dark skin tone  
png/1F468-200D-1F4BC.png	Büroangestellter	Menschen & Gesten	Angestellter Büro Büroangestellter Manager Mann man office worker architect, business, man, manager, office, white-collar, worker architect, business, man, manager, office, white-collar, papers, copy
png/1F468-1F3FB-200D-1F4BC.png	man office worker: light skin tone	Menschen & Gesten	 man office worker: light skin tone  
png/1F468-1F3FC-200D-1F4BC.png	man office worker: medium-light skin tone	Menschen & Gesten	 man office worker: medium-light skin tone  
png/1F468-1F3FD-200D-1F4BC.png	man office worker: medium skin tone	Menschen & Gesten	 man office worker: medium skin tone  
png/1F468-1F3FE-200D-1F4BC.png	man office worker: medium-dark skin tone	Menschen & Gesten	 man office worker: medium-dark skin tone  
png/1F468-1F3FF-200D-1F4BC.png	man office worker: dark skin tone	Menschen & Gesten	 man office worker: dark skin tone  
png/1F469-200D-1F4BC.png	Büroangestellte	Menschen & Gesten	Angestellte Büro Büroangestellte Frau Managerin Mangerin woman office worker architect, business, manager, office, white-collar, woman, worker architect, business, woman, manager, office, white-collar, papers, copy
png/1F469-1F3FB-200D-1F4BC.png	woman office worker: light skin tone	Menschen & Gesten	 woman office worker: light skin tone  
png/1F469-1F3FC-200D-1F4BC.png	woman office worker: medium-light skin tone	Menschen & Gesten	 woman office worker: medium-light skin tone  
png/1F469-1F3FD-200D-1F4BC.png	woman office worker: medium skin tone	Menschen & Gesten	 woman office worker: medium skin tone  
png/1F469-1F3FE-200D-1F4BC.png	woman office worker: medium-dark skin tone	Menschen & Gesten	 woman office worker: medium-dark skin tone  
png/1F469-1F3FF-200D-1F4BC.png	woman office worker: dark skin tone	Menschen & Gesten	 woman office worker: dark skin tone  
png/1F9D1-200D-1F52C.png	Wissenschaftler(in)	Menschen & Gesten	Forscher(in) Labor Wissenschaftler(in) scientist biologist, chemist, engineer, mathematician, physicist 
png/1F9D1-1F3FB-200D-1F52C.png	scientist: light skin tone	Menschen & Gesten	 scientist: light skin tone  
png/1F9D1-1F3FC-200D-1F52C.png	scientist: medium-light skin tone	Menschen & Gesten	 scientist: medium-light skin tone  
png/1F9D1-1F3FD-200D-1F52C.png	scientist: medium skin tone	Menschen & Gesten	 scientist: medium skin tone  
png/1F9D1-1F3FE-200D-1F52C.png	scientist: medium-dark skin tone	Menschen & Gesten	 scientist: medium-dark skin tone  
png/1F9D1-1F3FF-200D-1F52C.png	scientist: dark skin tone	Menschen & Gesten	 scientist: dark skin tone  
png/1F468-200D-1F52C.png	Wissenschaftler	Menschen & Gesten	Chemie Forscher Labor Wissenschaftler man scientist biologist, chemist, engineer, man, mathematician, physicist, scientist biologist, chemist, engineer, man, mathematician, physicist, scientist, experiment, laboratory, lab, erlenmeyer flask, safety glasses
png/1F468-1F3FB-200D-1F52C.png	man scientist: light skin tone	Menschen & Gesten	 man scientist: light skin tone  
png/1F468-1F3FC-200D-1F52C.png	man scientist: medium-light skin tone	Menschen & Gesten	 man scientist: medium-light skin tone  
png/1F468-1F3FD-200D-1F52C.png	man scientist: medium skin tone	Menschen & Gesten	 man scientist: medium skin tone  
png/1F468-1F3FE-200D-1F52C.png	man scientist: medium-dark skin tone	Menschen & Gesten	 man scientist: medium-dark skin tone  
png/1F468-1F3FF-200D-1F52C.png	man scientist: dark skin tone	Menschen & Gesten	 man scientist: dark skin tone  
png/1F469-200D-1F52C.png	Wissenschaftlerin	Menschen & Gesten	Forscherin Frau Labor Wissenschaftlerin woman scientist biologist, chemist, engineer, mathematician, physicist, scientist, woman biologist, chemist, engineer, woman, mathematician, physicist, scientist, experiment, laboratory, lab, erlenmeyer flask, safety glasses
png/1F469-1F3FB-200D-1F52C.png	woman scientist: light skin tone	Menschen & Gesten	 woman scientist: light skin tone  
png/1F469-1F3FC-200D-1F52C.png	woman scientist: medium-light skin tone	Menschen & Gesten	 woman scientist: medium-light skin tone  
png/1F469-1F3FD-200D-1F52C.png	woman scientist: medium skin tone	Menschen & Gesten	 woman scientist: medium skin tone  
png/1F469-1F3FE-200D-1F52C.png	woman scientist: medium-dark skin tone	Menschen & Gesten	 woman scientist: medium-dark skin tone  
png/1F469-1F3FF-200D-1F52C.png	woman scientist: dark skin tone	Menschen & Gesten	 woman scientist: dark skin tone  
png/1F9D1-200D-1F4BB.png	IT-Experte/IT-Expertin	Menschen & Gesten	Bildschirm Computer Entwickler(in) IT-Experte/IT-Expertin technologist coder, computer, developer, inventor, software 
png/1F9D1-1F3FB-200D-1F4BB.png	technologist: light skin tone	Menschen & Gesten	 technologist: light skin tone  
png/1F9D1-1F3FC-200D-1F4BB.png	technologist: medium-light skin tone	Menschen & Gesten	 technologist: medium-light skin tone  
png/1F9D1-1F3FD-200D-1F4BB.png	technologist: medium skin tone	Menschen & Gesten	 technologist: medium skin tone  
png/1F9D1-1F3FE-200D-1F4BB.png	technologist: medium-dark skin tone	Menschen & Gesten	 technologist: medium-dark skin tone  
png/1F9D1-1F3FF-200D-1F4BB.png	technologist: dark skin tone	Menschen & Gesten	 technologist: dark skin tone  
png/1F468-200D-1F4BB.png	IT-Experte	Menschen & Gesten	Arbeit Bildschirm Büro Computer Entwickler IT-Experte Mann Office man technologist coder, computer, developer, inventor, man, software, technologist coder, developer, inventor, man, software, technologist, tablet, graphs, glasses, smart, clever, coding, code
png/1F468-1F3FB-200D-1F4BB.png	man technologist: light skin tone	Menschen & Gesten	 man technologist: light skin tone  
png/1F468-1F3FC-200D-1F4BB.png	man technologist: medium-light skin tone	Menschen & Gesten	 man technologist: medium-light skin tone  
png/1F468-1F3FD-200D-1F4BB.png	man technologist: medium skin tone	Menschen & Gesten	 man technologist: medium skin tone  
png/1F468-1F3FE-200D-1F4BB.png	man technologist: medium-dark skin tone	Menschen & Gesten	 man technologist: medium-dark skin tone  
png/1F468-1F3FF-200D-1F4BB.png	man technologist: dark skin tone	Menschen & Gesten	 man technologist: dark skin tone  
png/1F469-200D-1F4BB.png	IT-Expertin	Menschen & Gesten	Arbeit Bildschirm Büro Computer Entwickler Entwicklerin Frau IT-Expertin Laptop Office woman technologist coder, computer, developer, inventor, software, technologist, woman coder, developer, inventor, woman, software, technologist, tablet, graphs, glasses, smart, clever, coding, code
png/1F469-1F3FB-200D-1F4BB.png	woman technologist: light skin tone	Menschen & Gesten	 woman technologist: light skin tone  
png/1F469-1F3FC-200D-1F4BB.png	woman technologist: medium-light skin tone	Menschen & Gesten	 woman technologist: medium-light skin tone  
png/1F469-1F3FD-200D-1F4BB.png	woman technologist: medium skin tone	Menschen & Gesten	 woman technologist: medium skin tone  
png/1F469-1F3FE-200D-1F4BB.png	woman technologist: medium-dark skin tone	Menschen & Gesten	 woman technologist: medium-dark skin tone  
png/1F469-1F3FF-200D-1F4BB.png	woman technologist: dark skin tone	Menschen & Gesten	 woman technologist: dark skin tone  
png/1F9D1-200D-1F3A4.png	Sänger(in)	Menschen & Gesten	Entertainer(in) Rock Sänger(in) Star singer actor, entertainer, rock, rockstar, star 
png/1F9D1-1F3FB-200D-1F3A4.png	singer: light skin tone	Menschen & Gesten	 singer: light skin tone  
png/1F9D1-1F3FC-200D-1F3A4.png	singer: medium-light skin tone	Menschen & Gesten	 singer: medium-light skin tone  
png/1F9D1-1F3FD-200D-1F3A4.png	singer: medium skin tone	Menschen & Gesten	 singer: medium skin tone  
png/1F9D1-1F3FE-200D-1F3A4.png	singer: medium-dark skin tone	Menschen & Gesten	 singer: medium-dark skin tone  
png/1F9D1-1F3FF-200D-1F3A4.png	singer: dark skin tone	Menschen & Gesten	 singer: dark skin tone  
png/1F468-200D-1F3A4.png	Sänger	Menschen & Gesten	Mann Mikrofon Popstar Sänger Schauspieler man singer actor, entertainer, man, rock, rockstar, singer, star actor, entertainer, man, rock, singer, star, microphone, musician
png/1F468-1F3FB-200D-1F3A4.png	man singer: light skin tone	Menschen & Gesten	 man singer: light skin tone  
png/1F468-1F3FC-200D-1F3A4.png	man singer: medium-light skin tone	Menschen & Gesten	 man singer: medium-light skin tone  
png/1F468-1F3FD-200D-1F3A4.png	man singer: medium skin tone	Menschen & Gesten	 man singer: medium skin tone  
png/1F468-1F3FE-200D-1F3A4.png	man singer: medium-dark skin tone	Menschen & Gesten	 man singer: medium-dark skin tone  
png/1F468-1F3FF-200D-1F3A4.png	man singer: dark skin tone	Menschen & Gesten	 man singer: dark skin tone  
png/1F469-200D-1F3A4.png	Sängerin	Menschen & Gesten	Frau Mikrofon Popstar Sängerin Schauspielerin woman singer actor, entertainer, rock, rockstar, singer, star, woman actor, entertainer, woman, rock, singer, star, microphone, musician, glamour, glamorous, dress, wavy hair
png/1F469-1F3FB-200D-1F3A4.png	woman singer: light skin tone	Menschen & Gesten	 woman singer: light skin tone  
png/1F469-1F3FC-200D-1F3A4.png	woman singer: medium-light skin tone	Menschen & Gesten	 woman singer: medium-light skin tone  
png/1F469-1F3FD-200D-1F3A4.png	woman singer: medium skin tone	Menschen & Gesten	 woman singer: medium skin tone  
png/1F469-1F3FE-200D-1F3A4.png	woman singer: medium-dark skin tone	Menschen & Gesten	 woman singer: medium-dark skin tone  
png/1F469-1F3FF-200D-1F3A4.png	woman singer: dark skin tone	Menschen & Gesten	 woman singer: dark skin tone  
png/1F9D1-200D-1F3A8.png	Künstler(in)	Menschen & Gesten	Farbpalette Künstler(in) Maler(in) artist palette 
png/1F9D1-1F3FB-200D-1F3A8.png	artist: light skin tone	Menschen & Gesten	 artist: light skin tone  
png/1F9D1-1F3FC-200D-1F3A8.png	artist: medium-light skin tone	Menschen & Gesten	 artist: medium-light skin tone  
png/1F9D1-1F3FD-200D-1F3A8.png	artist: medium skin tone	Menschen & Gesten	 artist: medium skin tone  
png/1F9D1-1F3FE-200D-1F3A8.png	artist: medium-dark skin tone	Menschen & Gesten	 artist: medium-dark skin tone  
png/1F9D1-1F3FF-200D-1F3A8.png	artist: dark skin tone	Menschen & Gesten	 artist: dark skin tone  
png/1F468-200D-1F3A8.png	Künstler	Menschen & Gesten	Farbpalette Künstler Maler Mann man artist artist, man, palette artist, man, palette, brush, beret, french hat, colors, painter, art, drawing, painting, illustrator, illustrating, creative, creativity
png/1F468-1F3FB-200D-1F3A8.png	man artist: light skin tone	Menschen & Gesten	 man artist: light skin tone  
png/1F468-1F3FC-200D-1F3A8.png	man artist: medium-light skin tone	Menschen & Gesten	 man artist: medium-light skin tone  
png/1F468-1F3FD-200D-1F3A8.png	man artist: medium skin tone	Menschen & Gesten	 man artist: medium skin tone  
png/1F468-1F3FE-200D-1F3A8.png	man artist: medium-dark skin tone	Menschen & Gesten	 man artist: medium-dark skin tone  
png/1F468-1F3FF-200D-1F3A8.png	man artist: dark skin tone	Menschen & Gesten	 man artist: dark skin tone  
png/1F469-200D-1F3A8.png	Künstlerin	Menschen & Gesten	Farbpalette Frau Künstlerin Malerin woman artist artist, palette, woman artist, woman, palette, brush, beret, french hat, colors, painter, art, drawing, painting, illustrator, illustrating, creative, creativity
png/1F469-1F3FB-200D-1F3A8.png	woman artist: light skin tone	Menschen & Gesten	 woman artist: light skin tone  
png/1F469-1F3FC-200D-1F3A8.png	woman artist: medium-light skin tone	Menschen & Gesten	 woman artist: medium-light skin tone  
png/1F469-1F3FD-200D-1F3A8.png	woman artist: medium skin tone	Menschen & Gesten	 woman artist: medium skin tone  
png/1F469-1F3FE-200D-1F3A8.png	woman artist: medium-dark skin tone	Menschen & Gesten	 woman artist: medium-dark skin tone  
png/1F469-1F3FF-200D-1F3A8.png	woman artist: dark skin tone	Menschen & Gesten	 woman artist: dark skin tone  
png/1F9D1-200D-2708-FE0F.png	Pilot(in)	Menschen & Gesten	Flugzeug Pilot(in) pilot plane 
png/1F9D1-1F3FB-200D-2708-FE0F.png	pilot: light skin tone	Menschen & Gesten	 pilot: light skin tone  
png/1F9D1-1F3FC-200D-2708-FE0F.png	pilot: medium-light skin tone	Menschen & Gesten	 pilot: medium-light skin tone  
png/1F9D1-1F3FD-200D-2708-FE0F.png	pilot: medium skin tone	Menschen & Gesten	 pilot: medium skin tone  
png/1F9D1-1F3FE-200D-2708-FE0F.png	pilot: medium-dark skin tone	Menschen & Gesten	 pilot: medium-dark skin tone  
png/1F9D1-1F3FF-200D-2708-FE0F.png	pilot: dark skin tone	Menschen & Gesten	 pilot: dark skin tone  
png/1F468-200D-2708-FE0F.png	Pilot	Menschen & Gesten	Flugzeug Mann Pilot man pilot man, pilot, plane man, pilot, plane, flying, control stick
png/1F468-1F3FB-200D-2708-FE0F.png	man pilot: light skin tone	Menschen & Gesten	 man pilot: light skin tone  
png/1F468-1F3FC-200D-2708-FE0F.png	man pilot: medium-light skin tone	Menschen & Gesten	 man pilot: medium-light skin tone  
png/1F468-1F3FD-200D-2708-FE0F.png	man pilot: medium skin tone	Menschen & Gesten	 man pilot: medium skin tone  
png/1F468-1F3FE-200D-2708-FE0F.png	man pilot: medium-dark skin tone	Menschen & Gesten	 man pilot: medium-dark skin tone  
png/1F468-1F3FF-200D-2708-FE0F.png	man pilot: dark skin tone	Menschen & Gesten	 man pilot: dark skin tone  
png/1F469-200D-2708-FE0F.png	Pilotin	Menschen & Gesten	Flieger Flugzeug Frau Pilotin woman pilot pilot, plane, woman woman, pilot, plane, flying, control stick
png/1F469-1F3FB-200D-2708-FE0F.png	woman pilot: light skin tone	Menschen & Gesten	 woman pilot: light skin tone  
png/1F469-1F3FC-200D-2708-FE0F.png	woman pilot: medium-light skin tone	Menschen & Gesten	 woman pilot: medium-light skin tone  
png/1F469-1F3FD-200D-2708-FE0F.png	woman pilot: medium skin tone	Menschen & Gesten	 woman pilot: medium skin tone  
png/1F469-1F3FE-200D-2708-FE0F.png	woman pilot: medium-dark skin tone	Menschen & Gesten	 woman pilot: medium-dark skin tone  
png/1F469-1F3FF-200D-2708-FE0F.png	woman pilot: dark skin tone	Menschen & Gesten	 woman pilot: dark skin tone  
png/1F9D1-200D-1F680.png	Astronaut(in)	Menschen & Gesten	Astronaut(in) Raumfahrt Weltraum astronaut rocket, space 
png/1F9D1-1F3FB-200D-1F680.png	astronaut: light skin tone	Menschen & Gesten	 astronaut: light skin tone  
png/1F9D1-1F3FC-200D-1F680.png	astronaut: medium-light skin tone	Menschen & Gesten	 astronaut: medium-light skin tone  
png/1F9D1-1F3FD-200D-1F680.png	astronaut: medium skin tone	Menschen & Gesten	 astronaut: medium skin tone  
png/1F9D1-1F3FE-200D-1F680.png	astronaut: medium-dark skin tone	Menschen & Gesten	 astronaut: medium-dark skin tone  
png/1F9D1-1F3FF-200D-1F680.png	astronaut: dark skin tone	Menschen & Gesten	 astronaut: dark skin tone  
png/1F468-200D-1F680.png	Astronaut	Menschen & Gesten	Astronaut Mann Raumfahrt Weltraum man astronaut astronaut, man, rocket, space astronaut, man, rocket, spacesuit, space, universe, spaceship
png/1F468-1F3FB-200D-1F680.png	man astronaut: light skin tone	Menschen & Gesten	 man astronaut: light skin tone  
png/1F468-1F3FC-200D-1F680.png	man astronaut: medium-light skin tone	Menschen & Gesten	 man astronaut: medium-light skin tone  
png/1F468-1F3FD-200D-1F680.png	man astronaut: medium skin tone	Menschen & Gesten	 man astronaut: medium skin tone  
png/1F468-1F3FE-200D-1F680.png	man astronaut: medium-dark skin tone	Menschen & Gesten	 man astronaut: medium-dark skin tone  
png/1F468-1F3FF-200D-1F680.png	man astronaut: dark skin tone	Menschen & Gesten	 man astronaut: dark skin tone  
png/1F469-200D-1F680.png	Astronautin	Menschen & Gesten	Astronautin Frau Raumfahrt Weltraum woman astronaut astronaut, rocket, space, woman astronaut, woman, rocket, spacesuit, space, universe, spaceship
png/1F469-1F3FB-200D-1F680.png	woman astronaut: light skin tone	Menschen & Gesten	 woman astronaut: light skin tone  
png/1F469-1F3FC-200D-1F680.png	woman astronaut: medium-light skin tone	Menschen & Gesten	 woman astronaut: medium-light skin tone  
png/1F469-1F3FD-200D-1F680.png	woman astronaut: medium skin tone	Menschen & Gesten	 woman astronaut: medium skin tone  
png/1F469-1F3FE-200D-1F680.png	woman astronaut: medium-dark skin tone	Menschen & Gesten	 woman astronaut: medium-dark skin tone  
png/1F469-1F3FF-200D-1F680.png	woman astronaut: dark skin tone	Menschen & Gesten	 woman astronaut: dark skin tone  
png/1F9D1-200D-1F692.png	Feuerwehrmann/-frau	Menschen & Gesten	Feuerwehrhelm Feuerwehrmann/-frau firefighter fire, firetruck 
png/1F9D1-1F3FB-200D-1F692.png	firefighter: light skin tone	Menschen & Gesten	 firefighter: light skin tone  
png/1F9D1-1F3FC-200D-1F692.png	firefighter: medium-light skin tone	Menschen & Gesten	 firefighter: medium-light skin tone  
png/1F9D1-1F3FD-200D-1F692.png	firefighter: medium skin tone	Menschen & Gesten	 firefighter: medium skin tone  
png/1F9D1-1F3FE-200D-1F692.png	firefighter: medium-dark skin tone	Menschen & Gesten	 firefighter: medium-dark skin tone  
png/1F9D1-1F3FF-200D-1F692.png	firefighter: dark skin tone	Menschen & Gesten	 firefighter: dark skin tone  
png/1F468-200D-1F692.png	Feuerwehrmann	Menschen & Gesten	Feuerwehr Feuerwehrhelm Feuerwehrmann Mann man firefighter fire, firefighter, firetruck, man firefighter, firetruck, man, water hose, save, rescue, red helmet
png/1F468-1F3FB-200D-1F692.png	man firefighter: light skin tone	Menschen & Gesten	 man firefighter: light skin tone  
png/1F468-1F3FC-200D-1F692.png	man firefighter: medium-light skin tone	Menschen & Gesten	 man firefighter: medium-light skin tone  
png/1F468-1F3FD-200D-1F692.png	man firefighter: medium skin tone	Menschen & Gesten	 man firefighter: medium skin tone  
png/1F468-1F3FE-200D-1F692.png	man firefighter: medium-dark skin tone	Menschen & Gesten	 man firefighter: medium-dark skin tone  
png/1F468-1F3FF-200D-1F692.png	man firefighter: dark skin tone	Menschen & Gesten	 man firefighter: dark skin tone  
png/1F469-200D-1F692.png	Feuerwehrfrau	Menschen & Gesten	Feuerwehrfrau Feuerwehrhelm Frau woman firefighter fire, firefighter, firetruck, woman firefighter, firetruck, woman, water hose, save, rescue, red helmet
png/1F469-1F3FB-200D-1F692.png	woman firefighter: light skin tone	Menschen & Gesten	 woman firefighter: light skin tone  
png/1F469-1F3FC-200D-1F692.png	woman firefighter: medium-light skin tone	Menschen & Gesten	 woman firefighter: medium-light skin tone  
png/1F469-1F3FD-200D-1F692.png	woman firefighter: medium skin tone	Menschen & Gesten	 woman firefighter: medium skin tone  
png/1F469-1F3FE-200D-1F692.png	woman firefighter: medium-dark skin tone	Menschen & Gesten	 woman firefighter: medium-dark skin tone  
png/1F469-1F3FF-200D-1F692.png	woman firefighter: dark skin tone	Menschen & Gesten	 woman firefighter: dark skin tone  
png/1F46E.png	Polizist(in)	Menschen & Gesten	Beruf festnehmen Gesetzeshüter Gesicht Person Polizei Polizist Polizist(in) Polizistin Uniform verhaften police officer apprehend, arrest, citation, cop, law, officer, over, police, pulled, undercover cop, officer, police, law, justice, blue, badge
png/1F46E-1F3FB.png	police officer: light skin tone	Menschen & Gesten	 police officer: light skin tone  
png/1F46E-1F3FC.png	police officer: medium-light skin tone	Menschen & Gesten	 police officer: medium-light skin tone  
png/1F46E-1F3FD.png	police officer: medium skin tone	Menschen & Gesten	 police officer: medium skin tone  
png/1F46E-1F3FE.png	police officer: medium-dark skin tone	Menschen & Gesten	 police officer: medium-dark skin tone  
png/1F46E-1F3FF.png	police officer: dark skin tone	Menschen & Gesten	 police officer: dark skin tone  
png/1F46E-200D-2642-FE0F.png	Polizist	Menschen & Gesten	Mann Polizei Polizist man police officer apprehend, arrest, citation, cop, law, man, officer, over, police, pulled, undercover 
png/1F46E-1F3FB-200D-2642-FE0F.png	man police officer: light skin tone	Menschen & Gesten	 man police officer: light skin tone  
png/1F46E-1F3FC-200D-2642-FE0F.png	man police officer: medium-light skin tone	Menschen & Gesten	 man police officer: medium-light skin tone  
png/1F46E-1F3FD-200D-2642-FE0F.png	man police officer: medium skin tone	Menschen & Gesten	 man police officer: medium skin tone  
png/1F46E-1F3FE-200D-2642-FE0F.png	man police officer: medium-dark skin tone	Menschen & Gesten	 man police officer: medium-dark skin tone  
png/1F46E-1F3FF-200D-2642-FE0F.png	man police officer: dark skin tone	Menschen & Gesten	 man police officer: dark skin tone  
png/1F46E-200D-2640-FE0F.png	Polizistin	Menschen & Gesten	Beruf festnehmen Frau Gesetzeshüterin Person Polizei Polizistin Uniform verhaften woman police officer apprehend, arrest, citation, cop, law, officer, over, police, pulled, undercover, woman 
png/1F46E-1F3FB-200D-2640-FE0F.png	woman police officer: light skin tone	Menschen & Gesten	 woman police officer: light skin tone  
png/1F46E-1F3FC-200D-2640-FE0F.png	woman police officer: medium-light skin tone	Menschen & Gesten	 woman police officer: medium-light skin tone  
png/1F46E-1F3FD-200D-2640-FE0F.png	woman police officer: medium skin tone	Menschen & Gesten	 woman police officer: medium skin tone  
png/1F46E-1F3FE-200D-2640-FE0F.png	woman police officer: medium-dark skin tone	Menschen & Gesten	 woman police officer: medium-dark skin tone  
png/1F46E-1F3FF-200D-2640-FE0F.png	woman police officer: dark skin tone	Menschen & Gesten	 woman police officer: dark skin tone  
png/1F575.png	Detektiv(in)	Menschen & Gesten	Detektiv Detektiv(in) Lupe Sherlock Spion detective sleuth, spy sleuth, spy, sherlock, investigator, magnifier, magnifying glass, cloak, coat
png/1F575-1F3FB.png	detective: light skin tone	Menschen & Gesten	 detective: light skin tone  
png/1F575-1F3FC.png	detective: medium-light skin tone	Menschen & Gesten	 detective: medium-light skin tone  
png/1F575-1F3FD.png	detective: medium skin tone	Menschen & Gesten	 detective: medium skin tone  
png/1F575-1F3FE.png	detective: medium-dark skin tone	Menschen & Gesten	 detective: medium-dark skin tone  
png/1F575-1F3FF.png	detective: dark skin tone	Menschen & Gesten	 detective: dark skin tone  
png/1F575-FE0F-200D-2642-FE0F.png	Detektiv	Menschen & Gesten	Detektiv Mann Spion man detective detective, man, sleuth, spy 
png/1F575-1F3FB-200D-2642-FE0F.png	man detective: light skin tone	Menschen & Gesten	 man detective: light skin tone  
png/1F575-1F3FC-200D-2642-FE0F.png	man detective: medium-light skin tone	Menschen & Gesten	 man detective: medium-light skin tone  
png/1F575-1F3FD-200D-2642-FE0F.png	man detective: medium skin tone	Menschen & Gesten	 man detective: medium skin tone  
png/1F575-1F3FE-200D-2642-FE0F.png	man detective: medium-dark skin tone	Menschen & Gesten	 man detective: medium-dark skin tone  
png/1F575-1F3FF-200D-2642-FE0F.png	man detective: dark skin tone	Menschen & Gesten	 man detective: dark skin tone  
png/1F575-FE0F-200D-2640-FE0F.png	Detektivin	Menschen & Gesten	Detektivin Frau Spionage Spionin woman detective detective, sleuth, spy, woman 
png/1F575-1F3FB-200D-2640-FE0F.png	woman detective: light skin tone	Menschen & Gesten	 woman detective: light skin tone  
png/1F575-1F3FC-200D-2640-FE0F.png	woman detective: medium-light skin tone	Menschen & Gesten	 woman detective: medium-light skin tone  
png/1F575-1F3FD-200D-2640-FE0F.png	woman detective: medium skin tone	Menschen & Gesten	 woman detective: medium skin tone  
png/1F575-1F3FE-200D-2640-FE0F.png	woman detective: medium-dark skin tone	Menschen & Gesten	 woman detective: medium-dark skin tone  
png/1F575-1F3FF-200D-2640-FE0F.png	woman detective: dark skin tone	Menschen & Gesten	 woman detective: dark skin tone  
png/1F482.png	Wache	Menschen & Gesten	Bärenfellmütze Buckingham Palace Gesicht London Wache Wachfrau Wachmann Wachsoldat Wachsoldatin Wächter guard buckingham, helmet, london, palace guard, britain, great britain, queen, england, london, royal guard, furry hat guard, protection
png/1F482-1F3FB.png	guard: light skin tone	Menschen & Gesten	 guard: light skin tone  
png/1F482-1F3FC.png	guard: medium-light skin tone	Menschen & Gesten	 guard: medium-light skin tone  
png/1F482-1F3FD.png	guard: medium skin tone	Menschen & Gesten	 guard: medium skin tone  
png/1F482-1F3FE.png	guard: medium-dark skin tone	Menschen & Gesten	 guard: medium-dark skin tone  
png/1F482-1F3FF.png	guard: dark skin tone	Menschen & Gesten	 guard: dark skin tone  
png/1F482-200D-2642-FE0F.png	Wachsoldat	Menschen & Gesten	Buckingham Palace Wache Wachsoldat man guard buckingham, guard, helmet, london, man, palace 
png/1F482-1F3FB-200D-2642-FE0F.png	man guard: light skin tone	Menschen & Gesten	 man guard: light skin tone  
png/1F482-1F3FC-200D-2642-FE0F.png	man guard: medium-light skin tone	Menschen & Gesten	 man guard: medium-light skin tone  
png/1F482-1F3FD-200D-2642-FE0F.png	man guard: medium skin tone	Menschen & Gesten	 man guard: medium skin tone  
png/1F482-1F3FE-200D-2642-FE0F.png	man guard: medium-dark skin tone	Menschen & Gesten	 man guard: medium-dark skin tone  
png/1F482-1F3FF-200D-2642-FE0F.png	man guard: dark skin tone	Menschen & Gesten	 man guard: dark skin tone  
png/1F482-200D-2640-FE0F.png	Wachsoldatin	Menschen & Gesten	Buckingham Buckingham Palace Guard Helm London Palast Wache Wachsoldatin Wächter woman guard buckingham, guard, helmet, london, palace, woman 
png/1F482-1F3FB-200D-2640-FE0F.png	woman guard: light skin tone	Menschen & Gesten	 woman guard: light skin tone  
png/1F482-1F3FC-200D-2640-FE0F.png	woman guard: medium-light skin tone	Menschen & Gesten	 woman guard: medium-light skin tone  
png/1F482-1F3FD-200D-2640-FE0F.png	woman guard: medium skin tone	Menschen & Gesten	 woman guard: medium skin tone  
png/1F482-1F3FE-200D-2640-FE0F.png	woman guard: medium-dark skin tone	Menschen & Gesten	 woman guard: medium-dark skin tone  
png/1F482-1F3FF-200D-2640-FE0F.png	woman guard: dark skin tone	Menschen & Gesten	 woman guard: dark skin tone  
png/1F977.png	Ninja	Menschen & Gesten	Ausdauer Geheimmission Kämpfer Killer Krieger Kunoichi Mörder Ninja Person Shinobi Soldat vermummt ninja assassin, fight, fighter, hidden, person, secret, skills, sly, soldier, stealth, war 
png/1F977-1F3FB.png	ninja: light skin tone	Menschen & Gesten	 ninja: light skin tone  
png/1F977-1F3FC.png	ninja: medium-light skin tone	Menschen & Gesten	 ninja: medium-light skin tone  
png/1F977-1F3FD.png	ninja: medium skin tone	Menschen & Gesten	 ninja: medium skin tone  
png/1F977-1F3FE.png	ninja: medium-dark skin tone	Menschen & Gesten	 ninja: medium-dark skin tone  
png/1F977-1F3FF.png	ninja: dark skin tone	Menschen & Gesten	 ninja: dark skin tone  
png/1F477.png	Bauarbeiter(in)	Menschen & Gesten	Arbeit Bau Bauarbeiter Bauarbeiter(in) Bauarbeiterin Beruf Gesicht Helm Person Schutzhelm umbauen construction worker build, construction, fix, hardhat, hat, man, person, rebuild, remodel, repair, work, worker construction, hat, worker, striped west, helmet
png/1F477-1F3FB.png	construction worker: light skin tone	Menschen & Gesten	 construction worker: light skin tone  
png/1F477-1F3FC.png	construction worker: medium-light skin tone	Menschen & Gesten	 construction worker: medium-light skin tone  
png/1F477-1F3FD.png	construction worker: medium skin tone	Menschen & Gesten	 construction worker: medium skin tone  
png/1F477-1F3FE.png	construction worker: medium-dark skin tone	Menschen & Gesten	 construction worker: medium-dark skin tone  
png/1F477-1F3FF.png	construction worker: dark skin tone	Menschen & Gesten	 construction worker: dark skin tone  
png/1F477-200D-2642-FE0F.png	Bauarbeiter	Menschen & Gesten	Bauarbeiter Baustelle Helm man construction worker build, construction, fix, hardhat, hat, man, rebuild, remodel, repair, work, worker 
png/1F477-1F3FB-200D-2642-FE0F.png	man construction worker: light skin tone	Menschen & Gesten	 man construction worker: light skin tone  
png/1F477-1F3FC-200D-2642-FE0F.png	man construction worker: medium-light skin tone	Menschen & Gesten	 man construction worker: medium-light skin tone  
png/1F477-1F3FD-200D-2642-FE0F.png	man construction worker: medium skin tone	Menschen & Gesten	 man construction worker: medium skin tone  
png/1F477-1F3FE-200D-2642-FE0F.png	man construction worker: medium-dark skin tone	Menschen & Gesten	 man construction worker: medium-dark skin tone  
png/1F477-1F3FF-200D-2642-FE0F.png	man construction worker: dark skin tone	Menschen & Gesten	 man construction worker: dark skin tone  
png/1F477-200D-2640-FE0F.png	Bauarbeiterin	Menschen & Gesten	Bauarbeiter Bauarbeiterin Baustelle Frau Helm Mann woman construction worker build, construction, fix, hardhat, hat, man, rebuild, remodel, repair, woman, work, worker 
png/1F477-1F3FB-200D-2640-FE0F.png	woman construction worker: light skin tone	Menschen & Gesten	 woman construction worker: light skin tone  
png/1F477-1F3FC-200D-2640-FE0F.png	woman construction worker: medium-light skin tone	Menschen & Gesten	 woman construction worker: medium-light skin tone  
png/1F477-1F3FD-200D-2640-FE0F.png	woman construction worker: medium skin tone	Menschen & Gesten	 woman construction worker: medium skin tone  
png/1F477-1F3FE-200D-2640-FE0F.png	woman construction worker: medium-dark skin tone	Menschen & Gesten	 woman construction worker: medium-dark skin tone  
png/1F477-1F3FF-200D-2640-FE0F.png	woman construction worker: dark skin tone	Menschen & Gesten	 woman construction worker: dark skin tone  
png/1FAC5.png	Person mit Krone	Menschen & Gesten	adelig König Königin königlich königliche Hoheit Krönung Monarch Monarchin Person Person mit Krone Prinz Prinzessin person with crown crown, monarch, noble, person, regal, royal, royalty 
png/1FAC5-1F3FB.png	person with crown: light skin tone	Menschen & Gesten	 person with crown: light skin tone  
png/1FAC5-1F3FC.png	person with crown: medium-light skin tone	Menschen & Gesten	 person with crown: medium-light skin tone  
png/1FAC5-1F3FD.png	person with crown: medium skin tone	Menschen & Gesten	 person with crown: medium skin tone  
png/1FAC5-1F3FE.png	person with crown: medium-dark skin tone	Menschen & Gesten	 person with crown: medium-dark skin tone  
png/1FAC5-1F3FF.png	person with crown: dark skin tone	Menschen & Gesten	 person with crown: dark skin tone  
png/1F934.png	Prinz	Menschen & Gesten	Krone Prinz prince crown, fairy, fairytale, fantasy, king, royal, royalty, tale prince, charming, crown, fairy tale, fantasy, pink
png/1F934-1F3FB.png	prince: light skin tone	Menschen & Gesten	 prince: light skin tone  
png/1F934-1F3FC.png	prince: medium-light skin tone	Menschen & Gesten	 prince: medium-light skin tone  
png/1F934-1F3FD.png	prince: medium skin tone	Menschen & Gesten	 prince: medium skin tone  
png/1F934-1F3FE.png	prince: medium-dark skin tone	Menschen & Gesten	 prince: medium-dark skin tone  
png/1F934-1F3FF.png	prince: dark skin tone	Menschen & Gesten	 prince: dark skin tone  
png/1F478.png	Prinzessin	Menschen & Gesten	Gesicht Krone Märchen Prinzessin princess crown, fairy, fairytale, fantasy, queen, royal, royalty, tale fairy tale, fantasy, crown, pink dress, princess crown
png/1F478-1F3FB.png	princess: light skin tone	Menschen & Gesten	 princess: light skin tone  
png/1F478-1F3FC.png	princess: medium-light skin tone	Menschen & Gesten	 princess: medium-light skin tone  
png/1F478-1F3FD.png	princess: medium skin tone	Menschen & Gesten	 princess: medium skin tone  
png/1F478-1F3FE.png	princess: medium-dark skin tone	Menschen & Gesten	 princess: medium-dark skin tone  
png/1F478-1F3FF.png	princess: dark skin tone	Menschen & Gesten	 princess: dark skin tone  
png/1F473.png	Person mit Turban	Menschen & Gesten	Bart Dreitagebart Person Person mit Turban Turban person wearing turban person, turban, wearing man, beard, turban, religion
png/1F473-1F3FB.png	person wearing turban: light skin tone	Menschen & Gesten	 person wearing turban: light skin tone  
png/1F473-1F3FC.png	person wearing turban: medium-light skin tone	Menschen & Gesten	 person wearing turban: medium-light skin tone  
png/1F473-1F3FD.png	person wearing turban: medium skin tone	Menschen & Gesten	 person wearing turban: medium skin tone  
png/1F473-1F3FE.png	person wearing turban: medium-dark skin tone	Menschen & Gesten	 person wearing turban: medium-dark skin tone  
png/1F473-1F3FF.png	person wearing turban: dark skin tone	Menschen & Gesten	 person wearing turban: dark skin tone  
png/1F473-200D-2642-FE0F.png	Mann mit Turban	Menschen & Gesten	Gesicht Mann Mann mit Turban Turban man wearing turban man, turban, wearing 
png/1F473-1F3FB-200D-2642-FE0F.png	man wearing turban: light skin tone	Menschen & Gesten	 man wearing turban: light skin tone  
png/1F473-1F3FC-200D-2642-FE0F.png	man wearing turban: medium-light skin tone	Menschen & Gesten	 man wearing turban: medium-light skin tone  
png/1F473-1F3FD-200D-2642-FE0F.png	man wearing turban: medium skin tone	Menschen & Gesten	 man wearing turban: medium skin tone  
png/1F473-1F3FE-200D-2642-FE0F.png	man wearing turban: medium-dark skin tone	Menschen & Gesten	 man wearing turban: medium-dark skin tone  
png/1F473-1F3FF-200D-2642-FE0F.png	man wearing turban: dark skin tone	Menschen & Gesten	 man wearing turban: dark skin tone  
png/1F473-200D-2640-FE0F.png	Frau mit Turban	Menschen & Gesten	Frau Frau mit Turban Gesicht Turban woman wearing turban turban, wearing, woman 
png/1F473-1F3FB-200D-2640-FE0F.png	woman wearing turban: light skin tone	Menschen & Gesten	 woman wearing turban: light skin tone  
png/1F473-1F3FC-200D-2640-FE0F.png	woman wearing turban: medium-light skin tone	Menschen & Gesten	 woman wearing turban: medium-light skin tone  
png/1F473-1F3FD-200D-2640-FE0F.png	woman wearing turban: medium skin tone	Menschen & Gesten	 woman wearing turban: medium skin tone  
png/1F473-1F3FE-200D-2640-FE0F.png	woman wearing turban: medium-dark skin tone	Menschen & Gesten	 woman wearing turban: medium-dark skin tone  
png/1F473-1F3FF-200D-2640-FE0F.png	woman wearing turban: dark skin tone	Menschen & Gesten	 woman wearing turban: dark skin tone  
png/1F472.png	Mann mit chinesischem Hut	Menschen & Gesten	China chinesisch Gesicht Hut Kappe Mütze Person person with skullcap cap, chinese, gua, guapi, hat, mao, person, pi, skullcap 
png/1F472-1F3FB.png	person with skullcap: light skin tone	Menschen & Gesten	 person with skullcap: light skin tone  
png/1F472-1F3FC.png	person with skullcap: medium-light skin tone	Menschen & Gesten	 person with skullcap: medium-light skin tone  
png/1F472-1F3FD.png	person with skullcap: medium skin tone	Menschen & Gesten	 person with skullcap: medium skin tone  
png/1F472-1F3FE.png	person with skullcap: medium-dark skin tone	Menschen & Gesten	 person with skullcap: medium-dark skin tone  
png/1F472-1F3FF.png	person with skullcap: dark skin tone	Menschen & Gesten	 person with skullcap: dark skin tone  
png/1F9D5.png	Frau mit Kopftuch	Menschen & Gesten	Frau Frau mit Kopftuch Hidschab Hijab Kopftuch Mantilla Person Tichel Tuch woman with headscarf bandana, head, headscarf, hijab, kerchief, mantilla, tichel, woman headscarf, hijab, mantilla, religion, religious, muslim
png/1F9D5-1F3FB.png	woman with headscarf: light skin tone	Menschen & Gesten	 woman with headscarf: light skin tone  
png/1F9D5-1F3FC.png	woman with headscarf: medium-light skin tone	Menschen & Gesten	 woman with headscarf: medium-light skin tone  
png/1F9D5-1F3FD.png	woman with headscarf: medium skin tone	Menschen & Gesten	 woman with headscarf: medium skin tone  
png/1F9D5-1F3FE.png	woman with headscarf: medium-dark skin tone	Menschen & Gesten	 woman with headscarf: medium-dark skin tone  
png/1F9D5-1F3FF.png	woman with headscarf: dark skin tone	Menschen & Gesten	 woman with headscarf: dark skin tone  
png/1F935.png	Person im Smoking	Menschen & Gesten	Anzug Bräutigam formell Mann Person Person im Smoking Smoking vornehm person in tuxedo formal, person, tuxedo, wedding 
png/1F935-1F3FB.png	person in tuxedo: light skin tone	Menschen & Gesten	 person in tuxedo: light skin tone  
png/1F935-1F3FC.png	person in tuxedo: medium-light skin tone	Menschen & Gesten	 person in tuxedo: medium-light skin tone  
png/1F935-1F3FD.png	person in tuxedo: medium skin tone	Menschen & Gesten	 person in tuxedo: medium skin tone  
png/1F935-1F3FE.png	person in tuxedo: medium-dark skin tone	Menschen & Gesten	 person in tuxedo: medium-dark skin tone  
png/1F935-1F3FF.png	person in tuxedo: dark skin tone	Menschen & Gesten	 person in tuxedo: dark skin tone  
png/1F935-200D-2642-FE0F.png	Mann im Smoking	Menschen & Gesten	Mann Mann im Smoking Smoking man in tuxedo formal, groom, man, tuxedo, wedding 
png/1F935-1F3FB-200D-2642-FE0F.png	man in tuxedo: light skin tone	Menschen & Gesten	 man in tuxedo: light skin tone  
png/1F935-1F3FC-200D-2642-FE0F.png	man in tuxedo: medium-light skin tone	Menschen & Gesten	 man in tuxedo: medium-light skin tone  
png/1F935-1F3FD-200D-2642-FE0F.png	man in tuxedo: medium skin tone	Menschen & Gesten	 man in tuxedo: medium skin tone  
png/1F935-1F3FE-200D-2642-FE0F.png	man in tuxedo: medium-dark skin tone	Menschen & Gesten	 man in tuxedo: medium-dark skin tone  
png/1F935-1F3FF-200D-2642-FE0F.png	man in tuxedo: dark skin tone	Menschen & Gesten	 man in tuxedo: dark skin tone  
png/1F935-200D-2640-FE0F.png	Frau im Smoking	Menschen & Gesten	Frau Frau im Smoking Smoking woman in tuxedo formal, tuxedo, wedding, woman 
png/1F935-1F3FB-200D-2640-FE0F.png	woman in tuxedo: light skin tone	Menschen & Gesten	 woman in tuxedo: light skin tone  
png/1F935-1F3FC-200D-2640-FE0F.png	woman in tuxedo: medium-light skin tone	Menschen & Gesten	 woman in tuxedo: medium-light skin tone  
png/1F935-1F3FD-200D-2640-FE0F.png	woman in tuxedo: medium skin tone	Menschen & Gesten	 woman in tuxedo: medium skin tone  
png/1F935-1F3FE-200D-2640-FE0F.png	woman in tuxedo: medium-dark skin tone	Menschen & Gesten	 woman in tuxedo: medium-dark skin tone  
png/1F935-1F3FF-200D-2640-FE0F.png	woman in tuxedo: dark skin tone	Menschen & Gesten	 woman in tuxedo: dark skin tone  
png/1F470.png	Person mit Schleier	Menschen & Gesten	Braut Braut mit Schleier Gesicht Hochzeit Person Person mit Schleier Schleier person with veil person, veil, wedding 
png/1F470-1F3FB.png	person with veil: light skin tone	Menschen & Gesten	 person with veil: light skin tone  
png/1F470-1F3FC.png	person with veil: medium-light skin tone	Menschen & Gesten	 person with veil: medium-light skin tone  
png/1F470-1F3FD.png	person with veil: medium skin tone	Menschen & Gesten	 person with veil: medium skin tone  
png/1F470-1F3FE.png	person with veil: medium-dark skin tone	Menschen & Gesten	 person with veil: medium-dark skin tone  
png/1F470-1F3FF.png	person with veil: dark skin tone	Menschen & Gesten	 person with veil: dark skin tone  
png/1F470-200D-2642-FE0F.png	Mann mit Schleier	Menschen & Gesten	Mann Mann mit Schleier Schleier man with veil man, veil, wedding 
png/1F470-1F3FB-200D-2642-FE0F.png	man with veil: light skin tone	Menschen & Gesten	 man with veil: light skin tone  
png/1F470-1F3FC-200D-2642-FE0F.png	man with veil: medium-light skin tone	Menschen & Gesten	 man with veil: medium-light skin tone  
png/1F470-1F3FD-200D-2642-FE0F.png	man with veil: medium skin tone	Menschen & Gesten	 man with veil: medium skin tone  
png/1F470-1F3FE-200D-2642-FE0F.png	man with veil: medium-dark skin tone	Menschen & Gesten	 man with veil: medium-dark skin tone  
png/1F470-1F3FF-200D-2642-FE0F.png	man with veil: dark skin tone	Menschen & Gesten	 man with veil: dark skin tone  
png/1F470-200D-2640-FE0F.png	Frau mit Schleier	Menschen & Gesten	Frau Frau mit Schleier Schleier woman with veil bride, veil, wedding, woman bride, veil, wedding, woman, female, marriage, married, love, wedding dress
png/1F470-1F3FB-200D-2640-FE0F.png	woman with veil: light skin tone	Menschen & Gesten	 woman with veil: light skin tone  
png/1F470-1F3FC-200D-2640-FE0F.png	woman with veil: medium-light skin tone	Menschen & Gesten	 woman with veil: medium-light skin tone  
png/1F470-1F3FD-200D-2640-FE0F.png	woman with veil: medium skin tone	Menschen & Gesten	 woman with veil: medium skin tone  
png/1F470-1F3FE-200D-2640-FE0F.png	woman with veil: medium-dark skin tone	Menschen & Gesten	 woman with veil: medium-dark skin tone  
png/1F470-1F3FF-200D-2640-FE0F.png	woman with veil: dark skin tone	Menschen & Gesten	 woman with veil: dark skin tone  
png/1F930.png	schwangere Frau	Menschen & Gesten	Frau schwanger schwangere Frau pregnant woman pregnant, woman pregnant, woman, child, birth, love, mother, motherhood, trust, baby
png/1F930-1F3FB.png	pregnant woman: light skin tone	Menschen & Gesten	 pregnant woman: light skin tone  
png/1F930-1F3FC.png	pregnant woman: medium-light skin tone	Menschen & Gesten	 pregnant woman: medium-light skin tone  
png/1F930-1F3FD.png	pregnant woman: medium skin tone	Menschen & Gesten	 pregnant woman: medium skin tone  
png/1F930-1F3FE.png	pregnant woman: medium-dark skin tone	Menschen & Gesten	 pregnant woman: medium-dark skin tone  
png/1F930-1F3FF.png	pregnant woman: dark skin tone	Menschen & Gesten	 pregnant woman: dark skin tone  
png/1FAC3.png	schwangerer Mann	Menschen & Gesten	aufgebläht Bauch dick Person schwanger schwangerer Mann überfressen zu viel gegessen pregnant man belly, bloated, full, man, overeat, pregnant 
png/1FAC3-1F3FB.png	pregnant man: light skin tone	Menschen & Gesten	 pregnant man: light skin tone  
png/1FAC3-1F3FC.png	pregnant man: medium-light skin tone	Menschen & Gesten	 pregnant man: medium-light skin tone  
png/1FAC3-1F3FD.png	pregnant man: medium skin tone	Menschen & Gesten	 pregnant man: medium skin tone  
png/1FAC3-1F3FE.png	pregnant man: medium-dark skin tone	Menschen & Gesten	 pregnant man: medium-dark skin tone  
png/1FAC3-1F3FF.png	pregnant man: dark skin tone	Menschen & Gesten	 pregnant man: dark skin tone  
png/1FAC4.png	schwangere Person	Menschen & Gesten	aufgebläht Bauch dick dicker Bauch Person schwanger schwangere Person Schwangerschaft überfressen zu viel gegessen pregnant person belly, bloated, full, overeat, person, pregnant, stuffed 
png/1FAC4-1F3FB.png	pregnant person: light skin tone	Menschen & Gesten	 pregnant person: light skin tone  
png/1FAC4-1F3FC.png	pregnant person: medium-light skin tone	Menschen & Gesten	 pregnant person: medium-light skin tone  
png/1FAC4-1F3FD.png	pregnant person: medium skin tone	Menschen & Gesten	 pregnant person: medium skin tone  
png/1FAC4-1F3FE.png	pregnant person: medium-dark skin tone	Menschen & Gesten	 pregnant person: medium-dark skin tone  
png/1FAC4-1F3FF.png	pregnant person: dark skin tone	Menschen & Gesten	 pregnant person: dark skin tone  
png/1F931.png	Stillen	Menschen & Gesten	Baby Brust Frau Person stillen Stillen breast-feeding baby, breast, feeding, mom, mother, nursing, woman baby, breast, nursing, love, trust, mother, motherhood
png/1F931-1F3FB.png	breast-feeding: light skin tone	Menschen & Gesten	 breast-feeding: light skin tone  
png/1F931-1F3FC.png	breast-feeding: medium-light skin tone	Menschen & Gesten	 breast-feeding: medium-light skin tone  
png/1F931-1F3FD.png	breast-feeding: medium skin tone	Menschen & Gesten	 breast-feeding: medium skin tone  
png/1F931-1F3FE.png	breast-feeding: medium-dark skin tone	Menschen & Gesten	 breast-feeding: medium-dark skin tone  
png/1F931-1F3FF.png	breast-feeding: dark skin tone	Menschen & Gesten	 breast-feeding: dark skin tone  
png/1F469-200D-1F37C.png	Frau, die Baby die Flasche gibt	Menschen & Gesten	Baby Eltern Flasche geben Flasche gebende Frau Frau füttern Mama Milch Mutter Neugeborenes Person Säugling woman feeding baby baby, feed, feeding, mom, mother, nanny, newborn, nursing, woman 
png/1F469-1F3FB-200D-1F37C.png	woman feeding baby: light skin tone	Menschen & Gesten	 woman feeding baby: light skin tone  
png/1F469-1F3FC-200D-1F37C.png	woman feeding baby: medium-light skin tone	Menschen & Gesten	 woman feeding baby: medium-light skin tone  
png/1F469-1F3FD-200D-1F37C.png	woman feeding baby: medium skin tone	Menschen & Gesten	 woman feeding baby: medium skin tone  
png/1F469-1F3FE-200D-1F37C.png	woman feeding baby: medium-dark skin tone	Menschen & Gesten	 woman feeding baby: medium-dark skin tone  
png/1F469-1F3FF-200D-1F37C.png	woman feeding baby: dark skin tone	Menschen & Gesten	 woman feeding baby: dark skin tone  
png/1F468-200D-1F37C.png	Mann, der Baby die Flasche gibt	Menschen & Gesten	Baby Flasche geben Flasche gebender Mann füttern Mann man feeding baby baby, dad, father, feed, feeding, man, nanny, newborn, nursing 
png/1F468-1F3FB-200D-1F37C.png	man feeding baby: light skin tone	Menschen & Gesten	 man feeding baby: light skin tone  
png/1F468-1F3FC-200D-1F37C.png	man feeding baby: medium-light skin tone	Menschen & Gesten	 man feeding baby: medium-light skin tone  
png/1F468-1F3FD-200D-1F37C.png	man feeding baby: medium skin tone	Menschen & Gesten	 man feeding baby: medium skin tone  
png/1F468-1F3FE-200D-1F37C.png	man feeding baby: medium-dark skin tone	Menschen & Gesten	 man feeding baby: medium-dark skin tone  
png/1F468-1F3FF-200D-1F37C.png	man feeding baby: dark skin tone	Menschen & Gesten	 man feeding baby: dark skin tone  
png/1F9D1-200D-1F37C.png	Person, die Baby die Flasche gibt	Menschen & Gesten	Baby Flasche geben Flasche gebende Person Person person feeding baby baby, feed, feeding, nanny, newborn, nursing, parent 
png/1F9D1-1F3FB-200D-1F37C.png	person feeding baby: light skin tone	Menschen & Gesten	 person feeding baby: light skin tone  
png/1F9D1-1F3FC-200D-1F37C.png	person feeding baby: medium-light skin tone	Menschen & Gesten	 person feeding baby: medium-light skin tone  
png/1F9D1-1F3FD-200D-1F37C.png	person feeding baby: medium skin tone	Menschen & Gesten	 person feeding baby: medium skin tone  
png/1F9D1-1F3FE-200D-1F37C.png	person feeding baby: medium-dark skin tone	Menschen & Gesten	 person feeding baby: medium-dark skin tone  
png/1F9D1-1F3FF-200D-1F37C.png	person feeding baby: dark skin tone	Menschen & Gesten	 person feeding baby: dark skin tone  
png/1F47C.png	Putte	Menschen & Gesten	Engel Gesicht Kind Märchen Putte baby angel angel, baby, church, face, fairy, fairytale, fantasy, tale 
png/1F47C-1F3FB.png	baby angel: light skin tone	Menschen & Gesten	 baby angel: light skin tone  
png/1F47C-1F3FC.png	baby angel: medium-light skin tone	Menschen & Gesten	 baby angel: medium-light skin tone  
png/1F47C-1F3FD.png	baby angel: medium skin tone	Menschen & Gesten	 baby angel: medium skin tone  
png/1F47C-1F3FE.png	baby angel: medium-dark skin tone	Menschen & Gesten	 baby angel: medium-dark skin tone  
png/1F47C-1F3FF.png	baby angel: dark skin tone	Menschen & Gesten	 baby angel: dark skin tone  
png/1F385.png	Weihnachtsmann	Menschen & Gesten	Weihnachten Weihnachtsmann Santa Claus celebration, christmas, claus, fairy, fantasy, father, holiday, merry, santa, tale, xmas christmas, holiday, jolly, happy, saint nicholas, santa claus, xmas, celebration
png/1F385-1F3FB.png	Santa Claus: light skin tone	Menschen & Gesten	 Santa Claus: light skin tone  
png/1F385-1F3FC.png	Santa Claus: medium-light skin tone	Menschen & Gesten	 Santa Claus: medium-light skin tone  
png/1F385-1F3FD.png	Santa Claus: medium skin tone	Menschen & Gesten	 Santa Claus: medium skin tone  
png/1F385-1F3FE.png	Santa Claus: medium-dark skin tone	Menschen & Gesten	 Santa Claus: medium-dark skin tone  
png/1F385-1F3FF.png	Santa Claus: dark skin tone	Menschen & Gesten	 Santa Claus: dark skin tone  
png/1F936.png	Weihnachtsfrau	Menschen & Gesten	Weihnachten Weihnachtsfrau Mrs. Claus celebration, christmas, claus, fairy, fantasy, holiday, merry, mother, mrs, santa, tale, xmas christmas, holiday, jolly, happy, mrs. clause, xmas, celebration
png/1F936-1F3FB.png	Mrs. Claus: light skin tone	Menschen & Gesten	 Mrs. Claus: light skin tone  
png/1F936-1F3FC.png	Mrs. Claus: medium-light skin tone	Menschen & Gesten	 Mrs. Claus: medium-light skin tone  
png/1F936-1F3FD.png	Mrs. Claus: medium skin tone	Menschen & Gesten	 Mrs. Claus: medium skin tone  
png/1F936-1F3FE.png	Mrs. Claus: medium-dark skin tone	Menschen & Gesten	 Mrs. Claus: medium-dark skin tone  
png/1F936-1F3FF.png	Mrs. Claus: dark skin tone	Menschen & Gesten	 Mrs. Claus: dark skin tone  
png/1F9D1-200D-1F384.png	Weihnachtsperson	Menschen & Gesten	Gesicht Gesicht mit Hut Person Santa Claus Weihnachten Weihnachtsfrau Weihnachtshut Weihnachtsmann Weihnachtsmütze Weihnachtsperson Mx Claus celebration, christmas, claus, fairy, fantasy, holiday, merry, mx, santa, tale, xmas 
png/1F9D1-1F3FB-200D-1F384.png	Mx Claus: light skin tone	Menschen & Gesten	 Mx Claus: light skin tone  
png/1F9D1-1F3FC-200D-1F384.png	Mx Claus: medium-light skin tone	Menschen & Gesten	 Mx Claus: medium-light skin tone  
png/1F9D1-1F3FD-200D-1F384.png	Mx Claus: medium skin tone	Menschen & Gesten	 Mx Claus: medium skin tone  
png/1F9D1-1F3FE-200D-1F384.png	Mx Claus: medium-dark skin tone	Menschen & Gesten	 Mx Claus: medium-dark skin tone  
png/1F9D1-1F3FF-200D-1F384.png	Mx Claus: dark skin tone	Menschen & Gesten	 Mx Claus: dark skin tone  
png/1F9B8.png	Superheld(in)	Menschen & Gesten	Held Person Superheld Superheld(in) Superheldin Superkraft Superkräfte Superman Übermensch Umhang superhero good, hero, superpower 
png/1F9B8-1F3FB.png	superhero: light skin tone	Menschen & Gesten	 superhero: light skin tone  
png/1F9B8-1F3FC.png	superhero: medium-light skin tone	Menschen & Gesten	 superhero: medium-light skin tone  
png/1F9B8-1F3FD.png	superhero: medium skin tone	Menschen & Gesten	 superhero: medium skin tone  
png/1F9B8-1F3FE.png	superhero: medium-dark skin tone	Menschen & Gesten	 superhero: medium-dark skin tone  
png/1F9B8-1F3FF.png	superhero: dark skin tone	Menschen & Gesten	 superhero: dark skin tone  
png/1F9B8-200D-2642-FE0F.png	Superheld	Menschen & Gesten	Held Superheld man superhero good, hero, man, superhero, superpower 
png/1F9B8-1F3FB-200D-2642-FE0F.png	man superhero: light skin tone	Menschen & Gesten	 man superhero: light skin tone  
png/1F9B8-1F3FC-200D-2642-FE0F.png	man superhero: medium-light skin tone	Menschen & Gesten	 man superhero: medium-light skin tone  
png/1F9B8-1F3FD-200D-2642-FE0F.png	man superhero: medium skin tone	Menschen & Gesten	 man superhero: medium skin tone  
png/1F9B8-1F3FE-200D-2642-FE0F.png	man superhero: medium-dark skin tone	Menschen & Gesten	 man superhero: medium-dark skin tone  
png/1F9B8-1F3FF-200D-2642-FE0F.png	man superhero: dark skin tone	Menschen & Gesten	 man superhero: dark skin tone  
png/1F9B8-200D-2640-FE0F.png	Heldin	Menschen & Gesten	Heldin Superheldin woman superhero good, hero, heroine, superhero, superpower, woman 
png/1F9B8-1F3FB-200D-2640-FE0F.png	woman superhero: light skin tone	Menschen & Gesten	 woman superhero: light skin tone  
png/1F9B8-1F3FC-200D-2640-FE0F.png	woman superhero: medium-light skin tone	Menschen & Gesten	 woman superhero: medium-light skin tone  
png/1F9B8-1F3FD-200D-2640-FE0F.png	woman superhero: medium skin tone	Menschen & Gesten	 woman superhero: medium skin tone  
png/1F9B8-1F3FE-200D-2640-FE0F.png	woman superhero: medium-dark skin tone	Menschen & Gesten	 woman superhero: medium-dark skin tone  
png/1F9B8-1F3FF-200D-2640-FE0F.png	woman superhero: dark skin tone	Menschen & Gesten	 woman superhero: dark skin tone  
png/1F9B9.png	Bösewicht	Menschen & Gesten	böse Bösewicht Bösewichtin Krimineller Person Schurke Schurkin Superkräfte Superschurke Superschurkin Verbrecher supervillain bad, criminal, evil, superpower, villain 
png/1F9B9-1F3FB.png	supervillain: light skin tone	Menschen & Gesten	 supervillain: light skin tone  
png/1F9B9-1F3FC.png	supervillain: medium-light skin tone	Menschen & Gesten	 supervillain: medium-light skin tone  
png/1F9B9-1F3FD.png	supervillain: medium skin tone	Menschen & Gesten	 supervillain: medium skin tone  
png/1F9B9-1F3FE.png	supervillain: medium-dark skin tone	Menschen & Gesten	 supervillain: medium-dark skin tone  
png/1F9B9-1F3FF.png	supervillain: dark skin tone	Menschen & Gesten	 supervillain: dark skin tone  
png/1F9B9-200D-2642-FE0F.png	männlicher Bösewicht	Menschen & Gesten	böse Bösewicht männlicher Bösewicht man supervillain bad, criminal, evil, man, superpower, supervillain, villain 
png/1F9B9-1F3FB-200D-2642-FE0F.png	man supervillain: light skin tone	Menschen & Gesten	 man supervillain: light skin tone  
png/1F9B9-1F3FC-200D-2642-FE0F.png	man supervillain: medium-light skin tone	Menschen & Gesten	 man supervillain: medium-light skin tone  
png/1F9B9-1F3FD-200D-2642-FE0F.png	man supervillain: medium skin tone	Menschen & Gesten	 man supervillain: medium skin tone  
png/1F9B9-1F3FE-200D-2642-FE0F.png	man supervillain: medium-dark skin tone	Menschen & Gesten	 man supervillain: medium-dark skin tone  
png/1F9B9-1F3FF-200D-2642-FE0F.png	man supervillain: dark skin tone	Menschen & Gesten	 man supervillain: dark skin tone  
png/1F9B9-200D-2640-FE0F.png	weiblicher Bösewicht	Menschen & Gesten	böse Bösewicht weiblicher Bösewicht woman supervillain bad, criminal, evil, superpower, supervillain, villain, woman 
png/1F9B9-1F3FB-200D-2640-FE0F.png	woman supervillain: light skin tone	Menschen & Gesten	 woman supervillain: light skin tone  
png/1F9B9-1F3FC-200D-2640-FE0F.png	woman supervillain: medium-light skin tone	Menschen & Gesten	 woman supervillain: medium-light skin tone  
png/1F9B9-1F3FD-200D-2640-FE0F.png	woman supervillain: medium skin tone	Menschen & Gesten	 woman supervillain: medium skin tone  
png/1F9B9-1F3FE-200D-2640-FE0F.png	woman supervillain: medium-dark skin tone	Menschen & Gesten	 woman supervillain: medium-dark skin tone  
png/1F9B9-1F3FF-200D-2640-FE0F.png	woman supervillain: dark skin tone	Menschen & Gesten	 woman supervillain: dark skin tone  
png/1F9D9.png	Magier(in)	Menschen & Gesten	Hexe Hexenmeister Magier Magier(in) Magiker Person Zauberer Zauberin zaubern Zauberspruch Zauberstab mage fantasy, magic, play, sorcerer, sorceress, sorcery, spell, summon, witch, wizard sorcerer, sorceress, witch, wizard, magician, wand, sage
png/1F9D9-1F3FB.png	mage: light skin tone	Menschen & Gesten	 mage: light skin tone  
png/1F9D9-1F3FC.png	mage: medium-light skin tone	Menschen & Gesten	 mage: medium-light skin tone  
png/1F9D9-1F3FD.png	mage: medium skin tone	Menschen & Gesten	 mage: medium skin tone  
png/1F9D9-1F3FE.png	mage: medium-dark skin tone	Menschen & Gesten	 mage: medium-dark skin tone  
png/1F9D9-1F3FF.png	mage: dark skin tone	Menschen & Gesten	 mage: dark skin tone  
png/1F9D9-200D-2642-FE0F.png	Magier	Menschen & Gesten	Hexenmeister Magier Zauberer man mage fantasy, mage, magic, man, play, sorcerer, sorceress, sorcery, spell, summon, witch, wizard 
png/1F9D9-1F3FB-200D-2642-FE0F.png	man mage: light skin tone	Menschen & Gesten	 man mage: light skin tone  
png/1F9D9-1F3FC-200D-2642-FE0F.png	man mage: medium-light skin tone	Menschen & Gesten	 man mage: medium-light skin tone  
png/1F9D9-1F3FD-200D-2642-FE0F.png	man mage: medium skin tone	Menschen & Gesten	 man mage: medium skin tone  
png/1F9D9-1F3FE-200D-2642-FE0F.png	man mage: medium-dark skin tone	Menschen & Gesten	 man mage: medium-dark skin tone  
png/1F9D9-1F3FF-200D-2642-FE0F.png	man mage: dark skin tone	Menschen & Gesten	 man mage: dark skin tone  
png/1F9D9-200D-2640-FE0F.png	Magierin	Menschen & Gesten	Hexe Magierin Zauberin woman mage fantasy, mage, magic, play, sorcerer, sorceress, sorcery, spell, summon, witch, wizard, woman 
png/1F9D9-1F3FB-200D-2640-FE0F.png	woman mage: light skin tone	Menschen & Gesten	 woman mage: light skin tone  
png/1F9D9-1F3FC-200D-2640-FE0F.png	woman mage: medium-light skin tone	Menschen & Gesten	 woman mage: medium-light skin tone  
png/1F9D9-1F3FD-200D-2640-FE0F.png	woman mage: medium skin tone	Menschen & Gesten	 woman mage: medium skin tone  
png/1F9D9-1F3FE-200D-2640-FE0F.png	woman mage: medium-dark skin tone	Menschen & Gesten	 woman mage: medium-dark skin tone  
png/1F9D9-1F3FF-200D-2640-FE0F.png	woman mage: dark skin tone	Menschen & Gesten	 woman mage: dark skin tone  
png/1F9DA.png	Märchenfee	Menschen & Gesten	Elf Elfe Fantasy Fee Flügel geflügelt Märchen Märchenfee mystisch Person Wesen fairy fairytale, fantasy, myth, person, pixie, tale, wings 
png/1F9DA-1F3FB.png	fairy: light skin tone	Menschen & Gesten	 fairy: light skin tone  
png/1F9DA-1F3FC.png	fairy: medium-light skin tone	Menschen & Gesten	 fairy: medium-light skin tone  
png/1F9DA-1F3FD.png	fairy: medium skin tone	Menschen & Gesten	 fairy: medium skin tone  
png/1F9DA-1F3FE.png	fairy: medium-dark skin tone	Menschen & Gesten	 fairy: medium-dark skin tone  
png/1F9DA-1F3FF.png	fairy: dark skin tone	Menschen & Gesten	 fairy: dark skin tone  
png/1F9DA-200D-2642-FE0F.png	männliche Fee	Menschen & Gesten	männliche Fee Oberon Puck Zauberer man fairy fairy, fairytale, fantasy, man, myth, oberon, person, pixie, puck, tale, wings 
png/1F9DA-1F3FB-200D-2642-FE0F.png	man fairy: light skin tone	Menschen & Gesten	 man fairy: light skin tone  
png/1F9DA-1F3FC-200D-2642-FE0F.png	man fairy: medium-light skin tone	Menschen & Gesten	 man fairy: medium-light skin tone  
png/1F9DA-1F3FD-200D-2642-FE0F.png	man fairy: medium skin tone	Menschen & Gesten	 man fairy: medium skin tone  
png/1F9DA-1F3FE-200D-2642-FE0F.png	man fairy: medium-dark skin tone	Menschen & Gesten	 man fairy: medium-dark skin tone  
png/1F9DA-1F3FF-200D-2642-FE0F.png	man fairy: dark skin tone	Menschen & Gesten	 man fairy: dark skin tone  
png/1F9DA-200D-2640-FE0F.png	Fee	Menschen & Gesten	Fee Titania woman fairy fairy, fairytale, fantasy, myth, person, pixie, tale, titania, wings, woman 
png/1F9DA-1F3FB-200D-2640-FE0F.png	woman fairy: light skin tone	Menschen & Gesten	 woman fairy: light skin tone  
png/1F9DA-1F3FC-200D-2640-FE0F.png	woman fairy: medium-light skin tone	Menschen & Gesten	 woman fairy: medium-light skin tone  
png/1F9DA-1F3FD-200D-2640-FE0F.png	woman fairy: medium skin tone	Menschen & Gesten	 woman fairy: medium skin tone  
png/1F9DA-1F3FE-200D-2640-FE0F.png	woman fairy: medium-dark skin tone	Menschen & Gesten	 woman fairy: medium-dark skin tone  
png/1F9DA-1F3FF-200D-2640-FE0F.png	woman fairy: dark skin tone	Menschen & Gesten	 woman fairy: dark skin tone  
png/1F9DB.png	Vampir	Menschen & Gesten	Blutsauger Dracula Halloween Person Reißzähne untot Untoter Vampir Zähne vampire blood, dracula, fangs, halloween, scary, supernatural, teeth, undead 
png/1F9DB-1F3FB.png	vampire: light skin tone	Menschen & Gesten	 vampire: light skin tone  
png/1F9DB-1F3FC.png	vampire: medium-light skin tone	Menschen & Gesten	 vampire: medium-light skin tone  
png/1F9DB-1F3FD.png	vampire: medium skin tone	Menschen & Gesten	 vampire: medium skin tone  
png/1F9DB-1F3FE.png	vampire: medium-dark skin tone	Menschen & Gesten	 vampire: medium-dark skin tone  
png/1F9DB-1F3FF.png	vampire: dark skin tone	Menschen & Gesten	 vampire: dark skin tone  
png/1F9DB-200D-2642-FE0F.png	männlicher Vampir	Menschen & Gesten	Dracula männlicher Vampir Untoter man vampire blood, fangs, halloween, man, scary, supernatural, teeth, undead, vampire 
png/1F9DB-1F3FB-200D-2642-FE0F.png	man vampire: light skin tone	Menschen & Gesten	 man vampire: light skin tone  
png/1F9DB-1F3FC-200D-2642-FE0F.png	man vampire: medium-light skin tone	Menschen & Gesten	 man vampire: medium-light skin tone  
png/1F9DB-1F3FD-200D-2642-FE0F.png	man vampire: medium skin tone	Menschen & Gesten	 man vampire: medium skin tone  
png/1F9DB-1F3FE-200D-2642-FE0F.png	man vampire: medium-dark skin tone	Menschen & Gesten	 man vampire: medium-dark skin tone  
png/1F9DB-1F3FF-200D-2642-FE0F.png	man vampire: dark skin tone	Menschen & Gesten	 man vampire: dark skin tone  
png/1F9DB-200D-2640-FE0F.png	weiblicher Vampir	Menschen & Gesten	Untoter weiblicher Vampir woman vampire blood, fangs, halloween, scary, supernatural, teeth, undead, vampire, woman 
png/1F9DB-1F3FB-200D-2640-FE0F.png	woman vampire: light skin tone	Menschen & Gesten	 woman vampire: light skin tone  
png/1F9DB-1F3FC-200D-2640-FE0F.png	woman vampire: medium-light skin tone	Menschen & Gesten	 woman vampire: medium-light skin tone  
png/1F9DB-1F3FD-200D-2640-FE0F.png	woman vampire: medium skin tone	Menschen & Gesten	 woman vampire: medium skin tone  
png/1F9DB-1F3FE-200D-2640-FE0F.png	woman vampire: medium-dark skin tone	Menschen & Gesten	 woman vampire: medium-dark skin tone  
png/1F9DB-1F3FF-200D-2640-FE0F.png	woman vampire: dark skin tone	Menschen & Gesten	 woman vampire: dark skin tone  
png/1F9DC.png	Wassermensch	Menschen & Gesten	Märchen Meerjungfrau Meermann Nixe Person Sirene Wasserfrau Wassermann Wassermensch merperson creature, fairytale, folklore, ocean, sea, siren, trident 
png/1F9DC-1F3FB.png	merperson: light skin tone	Menschen & Gesten	 merperson: light skin tone  
png/1F9DC-1F3FC.png	merperson: medium-light skin tone	Menschen & Gesten	 merperson: medium-light skin tone  
png/1F9DC-1F3FD.png	merperson: medium skin tone	Menschen & Gesten	 merperson: medium skin tone  
png/1F9DC-1F3FE.png	merperson: medium-dark skin tone	Menschen & Gesten	 merperson: medium-dark skin tone  
png/1F9DC-1F3FF.png	merperson: dark skin tone	Menschen & Gesten	 merperson: dark skin tone  
png/1F9DC-200D-2642-FE0F.png	Wassermann	Menschen & Gesten	Triton Wassermann merman creature, fairytale, folklore, neptune, ocean, poseidon, sea, siren, trident, triton 
png/1F9DC-1F3FB-200D-2642-FE0F.png	merman: light skin tone	Menschen & Gesten	 merman: light skin tone  
png/1F9DC-1F3FC-200D-2642-FE0F.png	merman: medium-light skin tone	Menschen & Gesten	 merman: medium-light skin tone  
png/1F9DC-1F3FD-200D-2642-FE0F.png	merman: medium skin tone	Menschen & Gesten	 merman: medium skin tone  
png/1F9DC-1F3FE-200D-2642-FE0F.png	merman: medium-dark skin tone	Menschen & Gesten	 merman: medium-dark skin tone  
png/1F9DC-1F3FF-200D-2642-FE0F.png	merman: dark skin tone	Menschen & Gesten	 merman: dark skin tone  
png/1F9DC-200D-2640-FE0F.png	Meerjungfrau	Menschen & Gesten	Meerjungfrau Nixe Wasserfrau mermaid creature, fairytale, folklore, merwoman, ocean, sea, siren, trident 
png/1F9DC-1F3FB-200D-2640-FE0F.png	mermaid: light skin tone	Menschen & Gesten	 mermaid: light skin tone  
png/1F9DC-1F3FC-200D-2640-FE0F.png	mermaid: medium-light skin tone	Menschen & Gesten	 mermaid: medium-light skin tone  
png/1F9DC-1F3FD-200D-2640-FE0F.png	mermaid: medium skin tone	Menschen & Gesten	 mermaid: medium skin tone  
png/1F9DC-1F3FE-200D-2640-FE0F.png	mermaid: medium-dark skin tone	Menschen & Gesten	 mermaid: medium-dark skin tone  
png/1F9DC-1F3FF-200D-2640-FE0F.png	mermaid: dark skin tone	Menschen & Gesten	 mermaid: dark skin tone  
png/1F9DD.png	Elf(e)	Menschen & Gesten	Elbe Elben Elbin Elf Elf(e) Elfe Fantasy Herr der Ringe Magie magisch Person elf elves, enchantment, fantasy, folklore, magic, magical, myth magical, mystic, bow, arrow, pointy ears
png/1F9DD-1F3FB.png	elf: light skin tone	Menschen & Gesten	 elf: light skin tone  
png/1F9DD-1F3FC.png	elf: medium-light skin tone	Menschen & Gesten	 elf: medium-light skin tone  
png/1F9DD-1F3FD.png	elf: medium skin tone	Menschen & Gesten	 elf: medium skin tone  
png/1F9DD-1F3FE.png	elf: medium-dark skin tone	Menschen & Gesten	 elf: medium-dark skin tone  
png/1F9DD-1F3FF.png	elf: dark skin tone	Menschen & Gesten	 elf: dark skin tone  
png/1F9DD-200D-2642-FE0F.png	Elf	Menschen & Gesten	Alb Elbe Elf magisch man elf elf, elves, enchantment, fantasy, folklore, magic, magical, man, myth 
png/1F9DD-1F3FB-200D-2642-FE0F.png	man elf: light skin tone	Menschen & Gesten	 man elf: light skin tone  
png/1F9DD-1F3FC-200D-2642-FE0F.png	man elf: medium-light skin tone	Menschen & Gesten	 man elf: medium-light skin tone  
png/1F9DD-1F3FD-200D-2642-FE0F.png	man elf: medium skin tone	Menschen & Gesten	 man elf: medium skin tone  
png/1F9DD-1F3FE-200D-2642-FE0F.png	man elf: medium-dark skin tone	Menschen & Gesten	 man elf: medium-dark skin tone  
png/1F9DD-1F3FF-200D-2642-FE0F.png	man elf: dark skin tone	Menschen & Gesten	 man elf: dark skin tone  
png/1F9DD-200D-2640-FE0F.png	Elfe	Menschen & Gesten	Elbin Elfe magisch woman elf elf, elves, enchantment, fantasy, folklore, magic, magical, myth, woman 
png/1F9DD-1F3FB-200D-2640-FE0F.png	woman elf: light skin tone	Menschen & Gesten	 woman elf: light skin tone  
png/1F9DD-1F3FC-200D-2640-FE0F.png	woman elf: medium-light skin tone	Menschen & Gesten	 woman elf: medium-light skin tone  
png/1F9DD-1F3FD-200D-2640-FE0F.png	woman elf: medium skin tone	Menschen & Gesten	 woman elf: medium skin tone  
png/1F9DD-1F3FE-200D-2640-FE0F.png	woman elf: medium-dark skin tone	Menschen & Gesten	 woman elf: medium-dark skin tone  
png/1F9DD-1F3FF-200D-2640-FE0F.png	woman elf: dark skin tone	Menschen & Gesten	 woman elf: dark skin tone  
png/1F9DE.png	Flaschengeist	Menschen & Gesten	Aladdin Aladin Dschinn Flaschengeist Lampe Person Wunderlampe Wünsche genie djinn, fantasy, jinn, lamp, myth, rub, wishes djinn, magic lamp, wish, magic
png/1F9DE-200D-2642-FE0F.png	männlicher Flaschengeist	Menschen & Gesten	Dschinn männlicher Flaschengeist man genie djinn, fantasy, genie, jinn, lamp, man, myth, rub, wishes 
png/1F9DE-200D-2640-FE0F.png	weiblicher Flaschengeist	Menschen & Gesten	Dschinn weiblicher Flaschengeist woman genie djinn, fantasy, genie, jinn, lamp, myth, rub, wishes, woman 
png/1F9DF.png	Zombie	Menschen & Gesten	Apokalypse Halloween Horror Person untot Untoter Walking Dead wandelnder Toter Zombie zombie apocalypse, dead, halloween, horror, scary, undead, walking undead, walking dead, brain, decayed
png/1F9DF-200D-2642-FE0F.png	männlicher Zombie	Menschen & Gesten	männlicher Zombie Untoter wandelnder Toter man zombie apocalypse, dead, halloween, horror, man, scary, undead, walking, zombie 
png/1F9DF-200D-2640-FE0F.png	weiblicher Zombie	Menschen & Gesten	Untote wandelnde Tote weiblicher Zombie woman zombie apocalypse, dead, halloween, horror, scary, undead, walking, woman, zombie 
png/1F9CC.png	Troll	Menschen & Gesten	Fantasy gruslig Kobold Märchen Monster Ork Troll Ungeheuer troll fairy, fantasy, monster, tale, trolling 
png/1FAC8.png	haariges Wesen	Menschen & Gesten	Bigfoot Fabelwesen Gigant haarig Kryptid Riese Sasquatch Wald wilder Mann Woodwose Yeti hairy creature bigfoot, cryptid, forest, giant, hairy, sasquatch, woodwose, yeti chewbacca, star wars, wookiee
png/1F486.png	Person, die eine Kopfmassage bekommt	Menschen & Gesten	Behandlung die eine Kopfmassage bekommt entspannen Kopfmassage Kopfschmerzen Massage Migräne Person Person, die eine Kopfmassage bekommt Salon Spa Therapie person getting massage face, getting, headache, massage, person, relax, relaxing, salon, soothe, spa, tension, therapy, treatment human, person
png/1F486-1F3FB.png	person getting massage: light skin tone	Menschen & Gesten	 person getting massage: light skin tone  
png/1F486-1F3FC.png	person getting massage: medium-light skin tone	Menschen & Gesten	 person getting massage: medium-light skin tone  
png/1F486-1F3FD.png	person getting massage: medium skin tone	Menschen & Gesten	 person getting massage: medium skin tone  
png/1F486-1F3FE.png	person getting massage: medium-dark skin tone	Menschen & Gesten	 person getting massage: medium-dark skin tone  
png/1F486-1F3FF.png	person getting massage: dark skin tone	Menschen & Gesten	 person getting massage: dark skin tone  
png/1F486-200D-2642-FE0F.png	Mann, der eine Kopfmassage bekommt	Menschen & Gesten	der eine Kopfmassage bekommt entspannen Kopfmassage Kopfschmerzen Mann Mann, der eine Kopfmassage bekommt Massage Salon man getting massage face, getting, headache, man, massage, relax, relaxing, salon, soothe, spa, tension, therapy, treatment 
png/1F486-1F3FB-200D-2642-FE0F.png	man getting massage: light skin tone	Menschen & Gesten	 man getting massage: light skin tone  
png/1F486-1F3FC-200D-2642-FE0F.png	man getting massage: medium-light skin tone	Menschen & Gesten	 man getting massage: medium-light skin tone  
png/1F486-1F3FD-200D-2642-FE0F.png	man getting massage: medium skin tone	Menschen & Gesten	 man getting massage: medium skin tone  
png/1F486-1F3FE-200D-2642-FE0F.png	man getting massage: medium-dark skin tone	Menschen & Gesten	 man getting massage: medium-dark skin tone  
png/1F486-1F3FF-200D-2642-FE0F.png	man getting massage: dark skin tone	Menschen & Gesten	 man getting massage: dark skin tone  
png/1F486-200D-2640-FE0F.png	Frau, die eine Kopfmassage bekommt	Menschen & Gesten	Behandlung entspannen entspannend Frau Gesicht Kopf Kopfmassage Kopfschmerzen Kopfweh lindern Massage relaxen Salon Spa Therapie Verspannung woman getting massage face, getting, headache, massage, relax, relaxing, salon, soothe, spa, tension, therapy, treatment, woman 
png/1F486-1F3FB-200D-2640-FE0F.png	woman getting massage: light skin tone	Menschen & Gesten	 woman getting massage: light skin tone  
png/1F486-1F3FC-200D-2640-FE0F.png	woman getting massage: medium-light skin tone	Menschen & Gesten	 woman getting massage: medium-light skin tone  
png/1F486-1F3FD-200D-2640-FE0F.png	woman getting massage: medium skin tone	Menschen & Gesten	 woman getting massage: medium skin tone  
png/1F486-1F3FE-200D-2640-FE0F.png	woman getting massage: medium-dark skin tone	Menschen & Gesten	 woman getting massage: medium-dark skin tone  
png/1F486-1F3FF-200D-2640-FE0F.png	woman getting massage: dark skin tone	Menschen & Gesten	 woman getting massage: dark skin tone  
png/1F487.png	Person beim Haareschneiden	Menschen & Gesten	Friseur Friseurin Friseuse Frisör Frisörin Frisur Haare Haarschnitt Person Person beim Haareschneiden Schere person getting haircut barber, beauty, chop, cosmetology, cut, groom, hair, haircut, parlor, person, shears, style human, person
png/1F487-1F3FB.png	person getting haircut: light skin tone	Menschen & Gesten	 person getting haircut: light skin tone  
png/1F487-1F3FC.png	person getting haircut: medium-light skin tone	Menschen & Gesten	 person getting haircut: medium-light skin tone  
png/1F487-1F3FD.png	person getting haircut: medium skin tone	Menschen & Gesten	 person getting haircut: medium skin tone  
png/1F487-1F3FE.png	person getting haircut: medium-dark skin tone	Menschen & Gesten	 person getting haircut: medium-dark skin tone  
png/1F487-1F3FF.png	person getting haircut: dark skin tone	Menschen & Gesten	 person getting haircut: dark skin tone  
png/1F487-200D-2642-FE0F.png	Mann beim Haareschneiden	Menschen & Gesten	Friseur Frisur Haarschnitt Mann Mann beim Haareschneiden Salon Schere man getting haircut barber, beauty, chop, cosmetology, cut, groom, hair, haircut, man, parlor, person, shears, style 
png/1F487-1F3FB-200D-2642-FE0F.png	man getting haircut: light skin tone	Menschen & Gesten	 man getting haircut: light skin tone  
png/1F487-1F3FC-200D-2642-FE0F.png	man getting haircut: medium-light skin tone	Menschen & Gesten	 man getting haircut: medium-light skin tone  
png/1F487-1F3FD-200D-2642-FE0F.png	man getting haircut: medium skin tone	Menschen & Gesten	 man getting haircut: medium skin tone  
png/1F487-1F3FE-200D-2642-FE0F.png	man getting haircut: medium-dark skin tone	Menschen & Gesten	 man getting haircut: medium-dark skin tone  
png/1F487-1F3FF-200D-2642-FE0F.png	man getting haircut: dark skin tone	Menschen & Gesten	 man getting haircut: dark skin tone  
png/1F487-200D-2640-FE0F.png	Frau beim Haareschneiden	Menschen & Gesten	Frau Frau beim Haareschneiden Friseur Haarschnitt Schere woman getting haircut barber, beauty, chop, cosmetology, cut, groom, hair, haircut, parlor, person, shears, style, woman 
png/1F487-1F3FB-200D-2640-FE0F.png	woman getting haircut: light skin tone	Menschen & Gesten	 woman getting haircut: light skin tone  
png/1F487-1F3FC-200D-2640-FE0F.png	woman getting haircut: medium-light skin tone	Menschen & Gesten	 woman getting haircut: medium-light skin tone  
png/1F487-1F3FD-200D-2640-FE0F.png	woman getting haircut: medium skin tone	Menschen & Gesten	 woman getting haircut: medium skin tone  
png/1F487-1F3FE-200D-2640-FE0F.png	woman getting haircut: medium-dark skin tone	Menschen & Gesten	 woman getting haircut: medium-dark skin tone  
png/1F487-1F3FF-200D-2640-FE0F.png	woman getting haircut: dark skin tone	Menschen & Gesten	 woman getting haircut: dark skin tone  
png/1F6B6.png	Fußgänger(in)	Menschen & Gesten	Fußgänger Fußgänger(in) Fußgängerin gehen gehend Person schlendern schlurfen wandern person walking amble, gait, hike, man, pace, pedestrian, person, stride, stroll, walk, walking human, person
png/1F6B6-1F3FB.png	person walking: light skin tone	Menschen & Gesten	 person walking: light skin tone  
png/1F6B6-1F3FC.png	person walking: medium-light skin tone	Menschen & Gesten	 person walking: medium-light skin tone  
png/1F6B6-1F3FD.png	person walking: medium skin tone	Menschen & Gesten	 person walking: medium skin tone  
png/1F6B6-1F3FE.png	person walking: medium-dark skin tone	Menschen & Gesten	 person walking: medium-dark skin tone  
png/1F6B6-1F3FF.png	person walking: dark skin tone	Menschen & Gesten	 person walking: dark skin tone  
png/1F6B6-200D-2642-FE0F.png	Fußgänger	Menschen & Gesten	Fußgänger gehen Mann Spaziergang man walking amble, gait, hike, man, pace, pedestrian, stride, stroll, walk, walking human, person
png/1F6B6-1F3FB-200D-2642-FE0F.png	man walking: light skin tone	Menschen & Gesten	 man walking: light skin tone  
png/1F6B6-1F3FC-200D-2642-FE0F.png	man walking: medium-light skin tone	Menschen & Gesten	 man walking: medium-light skin tone  
png/1F6B6-1F3FD-200D-2642-FE0F.png	man walking: medium skin tone	Menschen & Gesten	 man walking: medium skin tone  
png/1F6B6-1F3FE-200D-2642-FE0F.png	man walking: medium-dark skin tone	Menschen & Gesten	 man walking: medium-dark skin tone  
png/1F6B6-1F3FF-200D-2642-FE0F.png	man walking: dark skin tone	Menschen & Gesten	 man walking: dark skin tone  
png/1F6B6-200D-2640-FE0F.png	Fußgängerin	Menschen & Gesten	Frau Fußgängerin gehen Gehen Schlendern Spazieren Spaziergang woman walking amble, gait, hike, man, pace, pedestrian, stride, stroll, walk, walking, woman human, person
png/1F6B6-1F3FB-200D-2640-FE0F.png	woman walking: light skin tone	Menschen & Gesten	 woman walking: light skin tone  
png/1F6B6-1F3FC-200D-2640-FE0F.png	woman walking: medium-light skin tone	Menschen & Gesten	 woman walking: medium-light skin tone  
png/1F6B6-1F3FD-200D-2640-FE0F.png	woman walking: medium skin tone	Menschen & Gesten	 woman walking: medium skin tone  
png/1F6B6-1F3FE-200D-2640-FE0F.png	woman walking: medium-dark skin tone	Menschen & Gesten	 woman walking: medium-dark skin tone  
png/1F6B6-1F3FF-200D-2640-FE0F.png	woman walking: dark skin tone	Menschen & Gesten	 woman walking: dark skin tone  
png/1F6B6-200D-27A1-FE0F.png	person walking: facing right	Menschen & Gesten	 person walking: facing right amble, facing, gait, hike, man, pace, pedestrian, person, right, stride, stroll, walk, walking human, person
png/1F6B6-1F3FB-200D-27A1-FE0F.png	person walking: light skin tone, facing right	Menschen & Gesten	 person walking: light skin tone, facing right  
png/1F6B6-1F3FC-200D-27A1-FE0F.png	person walking: medium-light skin tone, facing right	Menschen & Gesten	 person walking: medium-light skin tone, facing right  
png/1F6B6-1F3FD-200D-27A1-FE0F.png	person walking: medium skin tone, facing right	Menschen & Gesten	 person walking: medium skin tone, facing right  
png/1F6B6-1F3FE-200D-27A1-FE0F.png	person walking: medium-dark skin tone, facing right	Menschen & Gesten	 person walking: medium-dark skin tone, facing right  
png/1F6B6-1F3FF-200D-27A1-FE0F.png	person walking: dark skin tone, facing right	Menschen & Gesten	 person walking: dark skin tone, facing right  
png/1F6B6-200D-2640-FE0F-200D-27A1-FE0F.png	woman walking: facing right	Menschen & Gesten	 woman walking: facing right amble, facing, gait, hike, man, pace, pedestrian, right, stride, stroll, walk, walking, woman human, person
png/1F6B6-1F3FB-200D-2640-FE0F-200D-27A1-FE0F.png	woman walking: light skin tone, facing right	Menschen & Gesten	 woman walking: light skin tone, facing right  
png/1F6B6-1F3FC-200D-2640-FE0F-200D-27A1-FE0F.png	woman walking: medium-light skin tone, facing right	Menschen & Gesten	 woman walking: medium-light skin tone, facing right  
png/1F6B6-1F3FD-200D-2640-FE0F-200D-27A1-FE0F.png	woman walking: medium skin tone, facing right	Menschen & Gesten	 woman walking: medium skin tone, facing right  
png/1F6B6-1F3FE-200D-2640-FE0F-200D-27A1-FE0F.png	woman walking: medium-dark skin tone, facing right	Menschen & Gesten	 woman walking: medium-dark skin tone, facing right  
png/1F6B6-1F3FF-200D-2640-FE0F-200D-27A1-FE0F.png	woman walking: dark skin tone, facing right	Menschen & Gesten	 woman walking: dark skin tone, facing right  
png/1F6B6-200D-2642-FE0F-200D-27A1-FE0F.png	man walking: facing right	Menschen & Gesten	 man walking: facing right amble, facing, gait, hike, man, pace, pedestrian, right, stride, stroll, walk, walking human, person
png/1F6B6-1F3FB-200D-2642-FE0F-200D-27A1-FE0F.png	man walking: light skin tone, facing right	Menschen & Gesten	 man walking: light skin tone, facing right  
png/1F6B6-1F3FC-200D-2642-FE0F-200D-27A1-FE0F.png	man walking: medium-light skin tone, facing right	Menschen & Gesten	 man walking: medium-light skin tone, facing right  
png/1F6B6-1F3FD-200D-2642-FE0F-200D-27A1-FE0F.png	man walking: medium skin tone, facing right	Menschen & Gesten	 man walking: medium skin tone, facing right  
png/1F6B6-1F3FE-200D-2642-FE0F-200D-27A1-FE0F.png	man walking: medium-dark skin tone, facing right	Menschen & Gesten	 man walking: medium-dark skin tone, facing right  
png/1F6B6-1F3FF-200D-2642-FE0F-200D-27A1-FE0F.png	man walking: dark skin tone, facing right	Menschen & Gesten	 man walking: dark skin tone, facing right  
png/1F9CD.png	stehende Person	Menschen & Gesten	Mensch Person Stand stehen stehende Person person standing person, stand, standing 
png/1F9CD-1F3FB.png	person standing: light skin tone	Menschen & Gesten	 person standing: light skin tone  
png/1F9CD-1F3FC.png	person standing: medium-light skin tone	Menschen & Gesten	 person standing: medium-light skin tone  
png/1F9CD-1F3FD.png	person standing: medium skin tone	Menschen & Gesten	 person standing: medium skin tone  
png/1F9CD-1F3FE.png	person standing: medium-dark skin tone	Menschen & Gesten	 person standing: medium-dark skin tone  
png/1F9CD-1F3FF.png	person standing: dark skin tone	Menschen & Gesten	 person standing: dark skin tone  
png/1F9CD-200D-2642-FE0F.png	stehender Mann	Menschen & Gesten	Mann stehen stehender Mann man standing man, stand, standing 
png/1F9CD-1F3FB-200D-2642-FE0F.png	man standing: light skin tone	Menschen & Gesten	 man standing: light skin tone  
png/1F9CD-1F3FC-200D-2642-FE0F.png	man standing: medium-light skin tone	Menschen & Gesten	 man standing: medium-light skin tone  
png/1F9CD-1F3FD-200D-2642-FE0F.png	man standing: medium skin tone	Menschen & Gesten	 man standing: medium skin tone  
png/1F9CD-1F3FE-200D-2642-FE0F.png	man standing: medium-dark skin tone	Menschen & Gesten	 man standing: medium-dark skin tone  
png/1F9CD-1F3FF-200D-2642-FE0F.png	man standing: dark skin tone	Menschen & Gesten	 man standing: dark skin tone  
png/1F9CD-200D-2640-FE0F.png	stehende Frau	Menschen & Gesten	Frau stehen stehende Frau woman standing stand, standing, woman 
png/1F9CD-1F3FB-200D-2640-FE0F.png	woman standing: light skin tone	Menschen & Gesten	 woman standing: light skin tone  
png/1F9CD-1F3FC-200D-2640-FE0F.png	woman standing: medium-light skin tone	Menschen & Gesten	 woman standing: medium-light skin tone  
png/1F9CD-1F3FD-200D-2640-FE0F.png	woman standing: medium skin tone	Menschen & Gesten	 woman standing: medium skin tone  
png/1F9CD-1F3FE-200D-2640-FE0F.png	woman standing: medium-dark skin tone	Menschen & Gesten	 woman standing: medium-dark skin tone  
png/1F9CD-1F3FF-200D-2640-FE0F.png	woman standing: dark skin tone	Menschen & Gesten	 woman standing: dark skin tone  
png/1F9CE.png	kniende Person	Menschen & Gesten	Fersensitz knien kniend kniende Person Meditation meditieren Mensch Person Seiza Zazen person kneeling kneel, kneeling, knees, person 
png/1F9CE-1F3FB.png	person kneeling: light skin tone	Menschen & Gesten	 person kneeling: light skin tone  
png/1F9CE-1F3FC.png	person kneeling: medium-light skin tone	Menschen & Gesten	 person kneeling: medium-light skin tone  
png/1F9CE-1F3FD.png	person kneeling: medium skin tone	Menschen & Gesten	 person kneeling: medium skin tone  
png/1F9CE-1F3FE.png	person kneeling: medium-dark skin tone	Menschen & Gesten	 person kneeling: medium-dark skin tone  
png/1F9CE-1F3FF.png	person kneeling: dark skin tone	Menschen & Gesten	 person kneeling: dark skin tone  
png/1F9CE-200D-2642-FE0F.png	kniender Mann	Menschen & Gesten	kniend kniender Mann Mann man kneeling kneel, kneeling, knees, man 
png/1F9CE-1F3FB-200D-2642-FE0F.png	man kneeling: light skin tone	Menschen & Gesten	 man kneeling: light skin tone  
png/1F9CE-1F3FC-200D-2642-FE0F.png	man kneeling: medium-light skin tone	Menschen & Gesten	 man kneeling: medium-light skin tone  
png/1F9CE-1F3FD-200D-2642-FE0F.png	man kneeling: medium skin tone	Menschen & Gesten	 man kneeling: medium skin tone  
png/1F9CE-1F3FE-200D-2642-FE0F.png	man kneeling: medium-dark skin tone	Menschen & Gesten	 man kneeling: medium-dark skin tone  
png/1F9CE-1F3FF-200D-2642-FE0F.png	man kneeling: dark skin tone	Menschen & Gesten	 man kneeling: dark skin tone  
png/1F9CE-200D-2640-FE0F.png	kniende Frau	Menschen & Gesten	Frau kniend kniende Frau woman kneeling kneel, kneeling, knees, woman 
png/1F9CE-1F3FB-200D-2640-FE0F.png	woman kneeling: light skin tone	Menschen & Gesten	 woman kneeling: light skin tone  
png/1F9CE-1F3FC-200D-2640-FE0F.png	woman kneeling: medium-light skin tone	Menschen & Gesten	 woman kneeling: medium-light skin tone  
png/1F9CE-1F3FD-200D-2640-FE0F.png	woman kneeling: medium skin tone	Menschen & Gesten	 woman kneeling: medium skin tone  
png/1F9CE-1F3FE-200D-2640-FE0F.png	woman kneeling: medium-dark skin tone	Menschen & Gesten	 woman kneeling: medium-dark skin tone  
png/1F9CE-1F3FF-200D-2640-FE0F.png	woman kneeling: dark skin tone	Menschen & Gesten	 woman kneeling: dark skin tone  
png/1F9CE-200D-27A1-FE0F.png	person kneeling: facing right	Menschen & Gesten	 person kneeling: facing right facing, kneel, kneeling, knees, person, right 
png/1F9CE-1F3FB-200D-27A1-FE0F.png	person kneeling: light skin tone, facing right	Menschen & Gesten	 person kneeling: light skin tone, facing right  
png/1F9CE-1F3FC-200D-27A1-FE0F.png	person kneeling: medium-light skin tone, facing right	Menschen & Gesten	 person kneeling: medium-light skin tone, facing right  
png/1F9CE-1F3FD-200D-27A1-FE0F.png	person kneeling: medium skin tone, facing right	Menschen & Gesten	 person kneeling: medium skin tone, facing right  
png/1F9CE-1F3FE-200D-27A1-FE0F.png	person kneeling: medium-dark skin tone, facing right	Menschen & Gesten	 person kneeling: medium-dark skin tone, facing right  
png/1F9CE-1F3FF-200D-27A1-FE0F.png	person kneeling: dark skin tone, facing right	Menschen & Gesten	 person kneeling: dark skin tone, facing right  
png/1F9CE-200D-2640-FE0F-200D-27A1-FE0F.png	woman kneeling: facing right	Menschen & Gesten	 woman kneeling: facing right facing, kneel, kneeling, knees, right, woman 
png/1F9CE-1F3FB-200D-2640-FE0F-200D-27A1-FE0F.png	woman kneeling: light skin tone, facing right	Menschen & Gesten	 woman kneeling: light skin tone, facing right  
png/1F9CE-1F3FC-200D-2640-FE0F-200D-27A1-FE0F.png	woman kneeling: medium-light skin tone, facing right	Menschen & Gesten	 woman kneeling: medium-light skin tone, facing right  
png/1F9CE-1F3FD-200D-2640-FE0F-200D-27A1-FE0F.png	woman kneeling: medium skin tone, facing right	Menschen & Gesten	 woman kneeling: medium skin tone, facing right  
png/1F9CE-1F3FE-200D-2640-FE0F-200D-27A1-FE0F.png	woman kneeling: medium-dark skin tone, facing right	Menschen & Gesten	 woman kneeling: medium-dark skin tone, facing right  
png/1F9CE-1F3FF-200D-2640-FE0F-200D-27A1-FE0F.png	woman kneeling: dark skin tone, facing right	Menschen & Gesten	 woman kneeling: dark skin tone, facing right  
png/1F9CE-200D-2642-FE0F-200D-27A1-FE0F.png	man kneeling: facing right	Menschen & Gesten	 man kneeling: facing right facing, kneel, kneeling, knees, man, right 
png/1F9CE-1F3FB-200D-2642-FE0F-200D-27A1-FE0F.png	man kneeling: light skin tone, facing right	Menschen & Gesten	 man kneeling: light skin tone, facing right  
png/1F9CE-1F3FC-200D-2642-FE0F-200D-27A1-FE0F.png	man kneeling: medium-light skin tone, facing right	Menschen & Gesten	 man kneeling: medium-light skin tone, facing right  
png/1F9CE-1F3FD-200D-2642-FE0F-200D-27A1-FE0F.png	man kneeling: medium skin tone, facing right	Menschen & Gesten	 man kneeling: medium skin tone, facing right  
png/1F9CE-1F3FE-200D-2642-FE0F-200D-27A1-FE0F.png	man kneeling: medium-dark skin tone, facing right	Menschen & Gesten	 man kneeling: medium-dark skin tone, facing right  
png/1F9CE-1F3FF-200D-2642-FE0F-200D-27A1-FE0F.png	man kneeling: dark skin tone, facing right	Menschen & Gesten	 man kneeling: dark skin tone, facing right  
png/1F9D1-200D-1F9AF.png	Person mit Langstock	Menschen & Gesten	Barrierefreiheit blind Person mit Blindenstock Person mit Langstock person with white cane accessibility, blind, cane, person, probing, white 
png/1F9D1-1F3FB-200D-1F9AF.png	person with white cane: light skin tone	Menschen & Gesten	 person with white cane: light skin tone  
png/1F9D1-1F3FC-200D-1F9AF.png	person with white cane: medium-light skin tone	Menschen & Gesten	 person with white cane: medium-light skin tone  
png/1F9D1-1F3FD-200D-1F9AF.png	person with white cane: medium skin tone	Menschen & Gesten	 person with white cane: medium skin tone  
png/1F9D1-1F3FE-200D-1F9AF.png	person with white cane: medium-dark skin tone	Menschen & Gesten	 person with white cane: medium-dark skin tone  
png/1F9D1-1F3FF-200D-1F9AF.png	person with white cane: dark skin tone	Menschen & Gesten	 person with white cane: dark skin tone  
png/1F9D1-200D-1F9AF-200D-27A1-FE0F.png	person with white cane: facing right	Menschen & Gesten	 person with white cane: facing right accessibility, blind, cane, facing, person, probing, right, white 
png/1F9D1-1F3FB-200D-1F9AF-200D-27A1-FE0F.png	person with white cane: light skin tone, facing right	Menschen & Gesten	 person with white cane: light skin tone, facing right  
png/1F9D1-1F3FC-200D-1F9AF-200D-27A1-FE0F.png	person with white cane: medium-light skin tone, facing right	Menschen & Gesten	 person with white cane: medium-light skin tone, facing right  
png/1F9D1-1F3FD-200D-1F9AF-200D-27A1-FE0F.png	person with white cane: medium skin tone, facing right	Menschen & Gesten	 person with white cane: medium skin tone, facing right  
png/1F9D1-1F3FE-200D-1F9AF-200D-27A1-FE0F.png	person with white cane: medium-dark skin tone, facing right	Menschen & Gesten	 person with white cane: medium-dark skin tone, facing right  
png/1F9D1-1F3FF-200D-1F9AF-200D-27A1-FE0F.png	person with white cane: dark skin tone, facing right	Menschen & Gesten	 person with white cane: dark skin tone, facing right  
png/1F468-200D-1F9AF.png	Mann mit Langstock	Menschen & Gesten	Barrierefreiheit Behinderung blind Mann Mann mit Blindenstock Mann mit Gehstock Mann mit Langstock Mensch Person sehbehindert man with white cane accessibility, blind, cane, man, probing, white 
png/1F468-1F3FB-200D-1F9AF.png	man with white cane: light skin tone	Menschen & Gesten	 man with white cane: light skin tone  
png/1F468-1F3FC-200D-1F9AF.png	man with white cane: medium-light skin tone	Menschen & Gesten	 man with white cane: medium-light skin tone  
png/1F468-1F3FD-200D-1F9AF.png	man with white cane: medium skin tone	Menschen & Gesten	 man with white cane: medium skin tone  
png/1F468-1F3FE-200D-1F9AF.png	man with white cane: medium-dark skin tone	Menschen & Gesten	 man with white cane: medium-dark skin tone  
png/1F468-1F3FF-200D-1F9AF.png	man with white cane: dark skin tone	Menschen & Gesten	 man with white cane: dark skin tone  
png/1F468-200D-1F9AF-200D-27A1-FE0F.png	man with white cane: facing right	Menschen & Gesten	 man with white cane: facing right accessibility, blind, cane, facing, man, probing, right, white 
png/1F468-1F3FB-200D-1F9AF-200D-27A1-FE0F.png	man with white cane: light skin tone, facing right	Menschen & Gesten	 man with white cane: light skin tone, facing right  
png/1F468-1F3FC-200D-1F9AF-200D-27A1-FE0F.png	man with white cane: medium-light skin tone, facing right	Menschen & Gesten	 man with white cane: medium-light skin tone, facing right  
png/1F468-1F3FD-200D-1F9AF-200D-27A1-FE0F.png	man with white cane: medium skin tone, facing right	Menschen & Gesten	 man with white cane: medium skin tone, facing right  
png/1F468-1F3FE-200D-1F9AF-200D-27A1-FE0F.png	man with white cane: medium-dark skin tone, facing right	Menschen & Gesten	 man with white cane: medium-dark skin tone, facing right  
png/1F468-1F3FF-200D-1F9AF-200D-27A1-FE0F.png	man with white cane: dark skin tone, facing right	Menschen & Gesten	 man with white cane: dark skin tone, facing right  
png/1F469-200D-1F9AF.png	Frau mit Langstock	Menschen & Gesten	Barrierefreiheit Behinderung blind Frau Frau mit Blindenstock Frau mit Gehstock Frau mit Langstock Mensch Person woman with white cane accessibility, blind, cane, probing, white, woman 
png/1F469-1F3FB-200D-1F9AF.png	woman with white cane: light skin tone	Menschen & Gesten	 woman with white cane: light skin tone  
png/1F469-1F3FC-200D-1F9AF.png	woman with white cane: medium-light skin tone	Menschen & Gesten	 woman with white cane: medium-light skin tone  
png/1F469-1F3FD-200D-1F9AF.png	woman with white cane: medium skin tone	Menschen & Gesten	 woman with white cane: medium skin tone  
png/1F469-1F3FE-200D-1F9AF.png	woman with white cane: medium-dark skin tone	Menschen & Gesten	 woman with white cane: medium-dark skin tone  
png/1F469-1F3FF-200D-1F9AF.png	woman with white cane: dark skin tone	Menschen & Gesten	 woman with white cane: dark skin tone  
png/1F469-200D-1F9AF-200D-27A1-FE0F.png	woman with white cane: facing right	Menschen & Gesten	 woman with white cane: facing right accessibility, blind, cane, facing, probing, right, white, woman 
png/1F469-1F3FB-200D-1F9AF-200D-27A1-FE0F.png	woman with white cane: light skin tone, facing right	Menschen & Gesten	 woman with white cane: light skin tone, facing right  
png/1F469-1F3FC-200D-1F9AF-200D-27A1-FE0F.png	woman with white cane: medium-light skin tone, facing right	Menschen & Gesten	 woman with white cane: medium-light skin tone, facing right  
png/1F469-1F3FD-200D-1F9AF-200D-27A1-FE0F.png	woman with white cane: medium skin tone, facing right	Menschen & Gesten	 woman with white cane: medium skin tone, facing right  
png/1F469-1F3FE-200D-1F9AF-200D-27A1-FE0F.png	woman with white cane: medium-dark skin tone, facing right	Menschen & Gesten	 woman with white cane: medium-dark skin tone, facing right  
png/1F469-1F3FF-200D-1F9AF-200D-27A1-FE0F.png	woman with white cane: dark skin tone, facing right	Menschen & Gesten	 woman with white cane: dark skin tone, facing right  
png/1F9D1-200D-1F9BC.png	Person in elektrischem Rollstuhl	Menschen & Gesten	Barrierefreiheit Person in elektrischem Rollstuhl Rollstuhl person in motorized wheelchair accessibility, motorized, person, wheelchair 
png/1F9D1-1F3FB-200D-1F9BC.png	person in motorized wheelchair: light skin tone	Menschen & Gesten	 person in motorized wheelchair: light skin tone  
png/1F9D1-1F3FC-200D-1F9BC.png	person in motorized wheelchair: medium-light skin tone	Menschen & Gesten	 person in motorized wheelchair: medium-light skin tone  
png/1F9D1-1F3FD-200D-1F9BC.png	person in motorized wheelchair: medium skin tone	Menschen & Gesten	 person in motorized wheelchair: medium skin tone  
png/1F9D1-1F3FE-200D-1F9BC.png	person in motorized wheelchair: medium-dark skin tone	Menschen & Gesten	 person in motorized wheelchair: medium-dark skin tone  
png/1F9D1-1F3FF-200D-1F9BC.png	person in motorized wheelchair: dark skin tone	Menschen & Gesten	 person in motorized wheelchair: dark skin tone  
png/1F9D1-200D-1F9BC-200D-27A1-FE0F.png	person in motorized wheelchair: facing right	Menschen & Gesten	 person in motorized wheelchair: facing right accessibility, facing, motorized, person, right, wheelchair 
png/1F9D1-1F3FB-200D-1F9BC-200D-27A1-FE0F.png	person in motorized wheelchair: light skin tone, facing right	Menschen & Gesten	 person in motorized wheelchair: light skin tone, facing right  
png/1F9D1-1F3FC-200D-1F9BC-200D-27A1-FE0F.png	person in motorized wheelchair: medium-light skin tone, facing right	Menschen & Gesten	 person in motorized wheelchair: medium-light skin tone, facing right  
png/1F9D1-1F3FD-200D-1F9BC-200D-27A1-FE0F.png	person in motorized wheelchair: medium skin tone, facing right	Menschen & Gesten	 person in motorized wheelchair: medium skin tone, facing right  
png/1F9D1-1F3FE-200D-1F9BC-200D-27A1-FE0F.png	person in motorized wheelchair: medium-dark skin tone, facing right	Menschen & Gesten	 person in motorized wheelchair: medium-dark skin tone, facing right  
png/1F9D1-1F3FF-200D-1F9BC-200D-27A1-FE0F.png	person in motorized wheelchair: dark skin tone, facing right	Menschen & Gesten	 person in motorized wheelchair: dark skin tone, facing right  
png/1F468-200D-1F9BC.png	Mann in elektrischem Rollstuhl	Menschen & Gesten	Barrierefreiheit Behinderung Mann Mann in elektrischem Rollstuhl Mann in Rollstuhl Mensch Person Rollstuhl man in motorized wheelchair accessibility, man, motorized, wheelchair 
png/1F468-1F3FB-200D-1F9BC.png	man in motorized wheelchair: light skin tone	Menschen & Gesten	 man in motorized wheelchair: light skin tone  
png/1F468-1F3FC-200D-1F9BC.png	man in motorized wheelchair: medium-light skin tone	Menschen & Gesten	 man in motorized wheelchair: medium-light skin tone  
png/1F468-1F3FD-200D-1F9BC.png	man in motorized wheelchair: medium skin tone	Menschen & Gesten	 man in motorized wheelchair: medium skin tone  
png/1F468-1F3FE-200D-1F9BC.png	man in motorized wheelchair: medium-dark skin tone	Menschen & Gesten	 man in motorized wheelchair: medium-dark skin tone  
png/1F468-1F3FF-200D-1F9BC.png	man in motorized wheelchair: dark skin tone	Menschen & Gesten	 man in motorized wheelchair: dark skin tone  
png/1F468-200D-1F9BC-200D-27A1-FE0F.png	man in motorized wheelchair: facing right	Menschen & Gesten	 man in motorized wheelchair: facing right accessibility, facing, man, motorized, right, wheelchair 
png/1F468-1F3FB-200D-1F9BC-200D-27A1-FE0F.png	man in motorized wheelchair: light skin tone, facing right	Menschen & Gesten	 man in motorized wheelchair: light skin tone, facing right  
png/1F468-1F3FC-200D-1F9BC-200D-27A1-FE0F.png	man in motorized wheelchair: medium-light skin tone, facing right	Menschen & Gesten	 man in motorized wheelchair: medium-light skin tone, facing right  
png/1F468-1F3FD-200D-1F9BC-200D-27A1-FE0F.png	man in motorized wheelchair: medium skin tone, facing right	Menschen & Gesten	 man in motorized wheelchair: medium skin tone, facing right  
png/1F468-1F3FE-200D-1F9BC-200D-27A1-FE0F.png	man in motorized wheelchair: medium-dark skin tone, facing right	Menschen & Gesten	 man in motorized wheelchair: medium-dark skin tone, facing right  
png/1F468-1F3FF-200D-1F9BC-200D-27A1-FE0F.png	man in motorized wheelchair: dark skin tone, facing right	Menschen & Gesten	 man in motorized wheelchair: dark skin tone, facing right  
png/1F469-200D-1F9BC.png	Frau in elektrischem Rollstuhl	Menschen & Gesten	Barrierefreiheit Behinderung Frau Frau in elektrischem Rollstuhl Frau in Rollstuhl Mensch Person Rollstuhl woman in motorized wheelchair accessibility, motorized, wheelchair, woman 
png/1F469-1F3FB-200D-1F9BC.png	woman in motorized wheelchair: light skin tone	Menschen & Gesten	 woman in motorized wheelchair: light skin tone  
png/1F469-1F3FC-200D-1F9BC.png	woman in motorized wheelchair: medium-light skin tone	Menschen & Gesten	 woman in motorized wheelchair: medium-light skin tone  
png/1F469-1F3FD-200D-1F9BC.png	woman in motorized wheelchair: medium skin tone	Menschen & Gesten	 woman in motorized wheelchair: medium skin tone  
png/1F469-1F3FE-200D-1F9BC.png	woman in motorized wheelchair: medium-dark skin tone	Menschen & Gesten	 woman in motorized wheelchair: medium-dark skin tone  
png/1F469-1F3FF-200D-1F9BC.png	woman in motorized wheelchair: dark skin tone	Menschen & Gesten	 woman in motorized wheelchair: dark skin tone  
png/1F469-200D-1F9BC-200D-27A1-FE0F.png	woman in motorized wheelchair: facing right	Menschen & Gesten	 woman in motorized wheelchair: facing right accessibility, facing, motorized, right, wheelchair, woman 
png/1F469-1F3FB-200D-1F9BC-200D-27A1-FE0F.png	woman in motorized wheelchair: light skin tone, facing right	Menschen & Gesten	 woman in motorized wheelchair: light skin tone, facing right  
png/1F469-1F3FC-200D-1F9BC-200D-27A1-FE0F.png	woman in motorized wheelchair: medium-light skin tone, facing right	Menschen & Gesten	 woman in motorized wheelchair: medium-light skin tone, facing right  
png/1F469-1F3FD-200D-1F9BC-200D-27A1-FE0F.png	woman in motorized wheelchair: medium skin tone, facing right	Menschen & Gesten	 woman in motorized wheelchair: medium skin tone, facing right  
png/1F469-1F3FE-200D-1F9BC-200D-27A1-FE0F.png	woman in motorized wheelchair: medium-dark skin tone, facing right	Menschen & Gesten	 woman in motorized wheelchair: medium-dark skin tone, facing right  
png/1F469-1F3FF-200D-1F9BC-200D-27A1-FE0F.png	woman in motorized wheelchair: dark skin tone, facing right	Menschen & Gesten	 woman in motorized wheelchair: dark skin tone, facing right  
png/1F9D1-200D-1F9BD.png	Person in manuellem Rollstuhl	Menschen & Gesten	Barrierefreiheit Person in manuellem Rollstuhl Rollstuhl person in manual wheelchair accessibility, manual, person, wheelchair 
png/1F9D1-1F3FB-200D-1F9BD.png	person in manual wheelchair: light skin tone	Menschen & Gesten	 person in manual wheelchair: light skin tone  
png/1F9D1-1F3FC-200D-1F9BD.png	person in manual wheelchair: medium-light skin tone	Menschen & Gesten	 person in manual wheelchair: medium-light skin tone  
png/1F9D1-1F3FD-200D-1F9BD.png	person in manual wheelchair: medium skin tone	Menschen & Gesten	 person in manual wheelchair: medium skin tone  
png/1F9D1-1F3FE-200D-1F9BD.png	person in manual wheelchair: medium-dark skin tone	Menschen & Gesten	 person in manual wheelchair: medium-dark skin tone  
png/1F9D1-1F3FF-200D-1F9BD.png	person in manual wheelchair: dark skin tone	Menschen & Gesten	 person in manual wheelchair: dark skin tone  
png/1F9D1-200D-1F9BD-200D-27A1-FE0F.png	person in manual wheelchair: facing right	Menschen & Gesten	 person in manual wheelchair: facing right accessibility, facing, manual, person, right, wheelchair 
png/1F9D1-1F3FB-200D-1F9BD-200D-27A1-FE0F.png	person in manual wheelchair: light skin tone, facing right	Menschen & Gesten	 person in manual wheelchair: light skin tone, facing right  
png/1F9D1-1F3FC-200D-1F9BD-200D-27A1-FE0F.png	person in manual wheelchair: medium-light skin tone, facing right	Menschen & Gesten	 person in manual wheelchair: medium-light skin tone, facing right  
png/1F9D1-1F3FD-200D-1F9BD-200D-27A1-FE0F.png	person in manual wheelchair: medium skin tone, facing right	Menschen & Gesten	 person in manual wheelchair: medium skin tone, facing right  
png/1F9D1-1F3FE-200D-1F9BD-200D-27A1-FE0F.png	person in manual wheelchair: medium-dark skin tone, facing right	Menschen & Gesten	 person in manual wheelchair: medium-dark skin tone, facing right  
png/1F9D1-1F3FF-200D-1F9BD-200D-27A1-FE0F.png	person in manual wheelchair: dark skin tone, facing right	Menschen & Gesten	 person in manual wheelchair: dark skin tone, facing right  
png/1F468-200D-1F9BD.png	Mann in manuellem Rollstuhl	Menschen & Gesten	Barrierefreiheit Behinderung Mann Mann in manuellem Rollstuhl Mann in Rollstuhl Mensch Person Rollstuhl man in manual wheelchair accessibility, man, manual, wheelchair 
png/1F468-1F3FB-200D-1F9BD.png	man in manual wheelchair: light skin tone	Menschen & Gesten	 man in manual wheelchair: light skin tone  
png/1F468-1F3FC-200D-1F9BD.png	man in manual wheelchair: medium-light skin tone	Menschen & Gesten	 man in manual wheelchair: medium-light skin tone  
png/1F468-1F3FD-200D-1F9BD.png	man in manual wheelchair: medium skin tone	Menschen & Gesten	 man in manual wheelchair: medium skin tone  
png/1F468-1F3FE-200D-1F9BD.png	man in manual wheelchair: medium-dark skin tone	Menschen & Gesten	 man in manual wheelchair: medium-dark skin tone  
png/1F468-1F3FF-200D-1F9BD.png	man in manual wheelchair: dark skin tone	Menschen & Gesten	 man in manual wheelchair: dark skin tone  
png/1F468-200D-1F9BD-200D-27A1-FE0F.png	man in manual wheelchair: facing right	Menschen & Gesten	 man in manual wheelchair: facing right accessibility, facing, man, manual, right, wheelchair 
png/1F468-1F3FB-200D-1F9BD-200D-27A1-FE0F.png	man in manual wheelchair: light skin tone, facing right	Menschen & Gesten	 man in manual wheelchair: light skin tone, facing right  
png/1F468-1F3FC-200D-1F9BD-200D-27A1-FE0F.png	man in manual wheelchair: medium-light skin tone, facing right	Menschen & Gesten	 man in manual wheelchair: medium-light skin tone, facing right  
png/1F468-1F3FD-200D-1F9BD-200D-27A1-FE0F.png	man in manual wheelchair: medium skin tone, facing right	Menschen & Gesten	 man in manual wheelchair: medium skin tone, facing right  
png/1F468-1F3FE-200D-1F9BD-200D-27A1-FE0F.png	man in manual wheelchair: medium-dark skin tone, facing right	Menschen & Gesten	 man in manual wheelchair: medium-dark skin tone, facing right  
png/1F468-1F3FF-200D-1F9BD-200D-27A1-FE0F.png	man in manual wheelchair: dark skin tone, facing right	Menschen & Gesten	 man in manual wheelchair: dark skin tone, facing right  
png/1F469-200D-1F9BD.png	Frau in manuellem Rollstuhl	Menschen & Gesten	Barrierefreiheit Behinderung Frau Frau in manuellem Rollstuhl Frau in Rollstuhl Mensch Person Rollstuhl woman in manual wheelchair accessibility, manual, wheelchair, woman 
png/1F469-1F3FB-200D-1F9BD.png	woman in manual wheelchair: light skin tone	Menschen & Gesten	 woman in manual wheelchair: light skin tone  
png/1F469-1F3FC-200D-1F9BD.png	woman in manual wheelchair: medium-light skin tone	Menschen & Gesten	 woman in manual wheelchair: medium-light skin tone  
png/1F469-1F3FD-200D-1F9BD.png	woman in manual wheelchair: medium skin tone	Menschen & Gesten	 woman in manual wheelchair: medium skin tone  
png/1F469-1F3FE-200D-1F9BD.png	woman in manual wheelchair: medium-dark skin tone	Menschen & Gesten	 woman in manual wheelchair: medium-dark skin tone  
png/1F469-1F3FF-200D-1F9BD.png	woman in manual wheelchair: dark skin tone	Menschen & Gesten	 woman in manual wheelchair: dark skin tone  
png/1F469-200D-1F9BD-200D-27A1-FE0F.png	woman in manual wheelchair: facing right	Menschen & Gesten	 woman in manual wheelchair: facing right accessibility, facing, manual, right, wheelchair, woman 
png/1F469-1F3FB-200D-1F9BD-200D-27A1-FE0F.png	woman in manual wheelchair: light skin tone, facing right	Menschen & Gesten	 woman in manual wheelchair: light skin tone, facing right  
png/1F469-1F3FC-200D-1F9BD-200D-27A1-FE0F.png	woman in manual wheelchair: medium-light skin tone, facing right	Menschen & Gesten	 woman in manual wheelchair: medium-light skin tone, facing right  
png/1F469-1F3FD-200D-1F9BD-200D-27A1-FE0F.png	woman in manual wheelchair: medium skin tone, facing right	Menschen & Gesten	 woman in manual wheelchair: medium skin tone, facing right  
png/1F469-1F3FE-200D-1F9BD-200D-27A1-FE0F.png	woman in manual wheelchair: medium-dark skin tone, facing right	Menschen & Gesten	 woman in manual wheelchair: medium-dark skin tone, facing right  
png/1F469-1F3FF-200D-1F9BD-200D-27A1-FE0F.png	woman in manual wheelchair: dark skin tone, facing right	Menschen & Gesten	 woman in manual wheelchair: dark skin tone, facing right  
png/1F3C3.png	laufende Person	Menschen & Gesten	eilig joggen laufen Laufen laufende Person Läufer Läuferin Marathon Person rennen schnell Sport person running fast, hurry, marathon, move, person, quick, race, racing, run, rush, speed human, person
png/1F3C3-1F3FB.png	person running: light skin tone	Menschen & Gesten	 person running: light skin tone  
png/1F3C3-1F3FC.png	person running: medium-light skin tone	Menschen & Gesten	 person running: medium-light skin tone  
png/1F3C3-1F3FD.png	person running: medium skin tone	Menschen & Gesten	 person running: medium skin tone  
png/1F3C3-1F3FE.png	person running: medium-dark skin tone	Menschen & Gesten	 person running: medium-dark skin tone  
png/1F3C3-1F3FF.png	person running: dark skin tone	Menschen & Gesten	 person running: dark skin tone  
png/1F3C3-200D-2642-FE0F.png	laufender Mann	Menschen & Gesten	joggen Jogger laufen laufender Mann Marathon man running fast, hurry, man, marathon, move, quick, race, racing, run, rush, speed 
png/1F3C3-1F3FB-200D-2642-FE0F.png	man running: light skin tone	Menschen & Gesten	 man running: light skin tone  
png/1F3C3-1F3FC-200D-2642-FE0F.png	man running: medium-light skin tone	Menschen & Gesten	 man running: medium-light skin tone  
png/1F3C3-1F3FD-200D-2642-FE0F.png	man running: medium skin tone	Menschen & Gesten	 man running: medium skin tone  
png/1F3C3-1F3FE-200D-2642-FE0F.png	man running: medium-dark skin tone	Menschen & Gesten	 man running: medium-dark skin tone  
png/1F3C3-1F3FF-200D-2642-FE0F.png	man running: dark skin tone	Menschen & Gesten	 man running: dark skin tone  
png/1F3C3-200D-2640-FE0F.png	laufende Frau	Menschen & Gesten	Athlet Athletin Frau joggen Joggerin laufen Laufen laufende Frau Läufer Läuferin Marathon rennen Renner Rennerin rennt schell woman running fast, hurry, marathon, move, quick, race, racing, run, rush, speed, woman 
png/1F3C3-1F3FB-200D-2640-FE0F.png	woman running: light skin tone	Menschen & Gesten	 woman running: light skin tone  
png/1F3C3-1F3FC-200D-2640-FE0F.png	woman running: medium-light skin tone	Menschen & Gesten	 woman running: medium-light skin tone  
png/1F3C3-1F3FD-200D-2640-FE0F.png	woman running: medium skin tone	Menschen & Gesten	 woman running: medium skin tone  
png/1F3C3-1F3FE-200D-2640-FE0F.png	woman running: medium-dark skin tone	Menschen & Gesten	 woman running: medium-dark skin tone  
png/1F3C3-1F3FF-200D-2640-FE0F.png	woman running: dark skin tone	Menschen & Gesten	 woman running: dark skin tone  
png/1F3C3-200D-27A1-FE0F.png	person running: facing right	Menschen & Gesten	 person running: facing right facing, fast, hurry, marathon, move, person, quick, race, racing, right, run, rush, speed human, person
png/1F3C3-1F3FB-200D-27A1-FE0F.png	person running: light skin tone, facing right	Menschen & Gesten	 person running: light skin tone, facing right  
png/1F3C3-1F3FC-200D-27A1-FE0F.png	person running: medium-light skin tone, facing right	Menschen & Gesten	 person running: medium-light skin tone, facing right  
png/1F3C3-1F3FD-200D-27A1-FE0F.png	person running: medium skin tone, facing right	Menschen & Gesten	 person running: medium skin tone, facing right  
png/1F3C3-1F3FE-200D-27A1-FE0F.png	person running: medium-dark skin tone, facing right	Menschen & Gesten	 person running: medium-dark skin tone, facing right  
png/1F3C3-1F3FF-200D-27A1-FE0F.png	person running: dark skin tone, facing right	Menschen & Gesten	 person running: dark skin tone, facing right  
png/1F3C3-200D-2640-FE0F-200D-27A1-FE0F.png	woman running: facing right	Menschen & Gesten	 woman running: facing right facing, fast, hurry, marathon, move, quick, race, racing, right, run, rush, speed, woman 
png/1F3C3-1F3FB-200D-2640-FE0F-200D-27A1-FE0F.png	woman running: light skin tone, facing right	Menschen & Gesten	 woman running: light skin tone, facing right  
png/1F3C3-1F3FC-200D-2640-FE0F-200D-27A1-FE0F.png	woman running: medium-light skin tone, facing right	Menschen & Gesten	 woman running: medium-light skin tone, facing right  
png/1F3C3-1F3FD-200D-2640-FE0F-200D-27A1-FE0F.png	woman running: medium skin tone, facing right	Menschen & Gesten	 woman running: medium skin tone, facing right  
png/1F3C3-1F3FE-200D-2640-FE0F-200D-27A1-FE0F.png	woman running: medium-dark skin tone, facing right	Menschen & Gesten	 woman running: medium-dark skin tone, facing right  
png/1F3C3-1F3FF-200D-2640-FE0F-200D-27A1-FE0F.png	woman running: dark skin tone, facing right	Menschen & Gesten	 woman running: dark skin tone, facing right  
png/1F3C3-200D-2642-FE0F-200D-27A1-FE0F.png	man running: facing right	Menschen & Gesten	 man running: facing right facing, fast, hurry, man, marathon, move, quick, race, racing, right, run, rush, speed 
png/1F3C3-1F3FB-200D-2642-FE0F-200D-27A1-FE0F.png	man running: light skin tone, facing right	Menschen & Gesten	 man running: light skin tone, facing right  
png/1F3C3-1F3FC-200D-2642-FE0F-200D-27A1-FE0F.png	man running: medium-light skin tone, facing right	Menschen & Gesten	 man running: medium-light skin tone, facing right  
png/1F3C3-1F3FD-200D-2642-FE0F-200D-27A1-FE0F.png	man running: medium skin tone, facing right	Menschen & Gesten	 man running: medium skin tone, facing right  
png/1F3C3-1F3FE-200D-2642-FE0F-200D-27A1-FE0F.png	man running: medium-dark skin tone, facing right	Menschen & Gesten	 man running: medium-dark skin tone, facing right  
png/1F3C3-1F3FF-200D-2642-FE0F-200D-27A1-FE0F.png	man running: dark skin tone, facing right	Menschen & Gesten	 man running: dark skin tone, facing right  
png/1F9D1-200D-1FA70.png	Balletttänzerin	Menschen & Gesten	Ballett Tänzerin ballet dancer ballet, dancer 
png/1F9D1-1F3FB-200D-1FA70.png	ballet dancer: light skin tone	Menschen & Gesten	 ballet dancer: light skin tone  
png/1F9D1-1F3FC-200D-1FA70.png	ballet dancer: medium-light skin tone	Menschen & Gesten	 ballet dancer: medium-light skin tone  
png/1F9D1-1F3FD-200D-1FA70.png	ballet dancer: medium skin tone	Menschen & Gesten	 ballet dancer: medium skin tone  
png/1F9D1-1F3FE-200D-1FA70.png	ballet dancer: medium-dark skin tone	Menschen & Gesten	 ballet dancer: medium-dark skin tone  
png/1F9D1-1F3FF-200D-1FA70.png	ballet dancer: dark skin tone	Menschen & Gesten	 ballet dancer: dark skin tone  
png/1F483.png	tanzende Frau	Menschen & Gesten	elegant festlich Flair Flamenco Frau Salsa Schwung Tango Tanz Tanzen Tänzerin woman dancing dance, dancer, dancing, elegant, festive, flair, flamenco, groove, let’s, salsa, tango, woman human, person
png/1F483-1F3FB.png	woman dancing: light skin tone	Menschen & Gesten	 woman dancing: light skin tone  
png/1F483-1F3FC.png	woman dancing: medium-light skin tone	Menschen & Gesten	 woman dancing: medium-light skin tone  
png/1F483-1F3FD.png	woman dancing: medium skin tone	Menschen & Gesten	 woman dancing: medium skin tone  
png/1F483-1F3FE.png	woman dancing: medium-dark skin tone	Menschen & Gesten	 woman dancing: medium-dark skin tone  
png/1F483-1F3FF.png	woman dancing: dark skin tone	Menschen & Gesten	 woman dancing: dark skin tone  
png/1F57A.png	tanzender Mann	Menschen & Gesten	elegant festlich Flair Flamenco Mann Salsa Schwung Tango Tanz Tanzen Tänzer man dancing dance, dancer, dancing, elegant, festive, flair, flamenco, groove, let’s, man, salsa, tango human, person
png/1F57A-1F3FB.png	man dancing: light skin tone	Menschen & Gesten	 man dancing: light skin tone  
png/1F57A-1F3FC.png	man dancing: medium-light skin tone	Menschen & Gesten	 man dancing: medium-light skin tone  
png/1F57A-1F3FD.png	man dancing: medium skin tone	Menschen & Gesten	 man dancing: medium skin tone  
png/1F57A-1F3FE.png	man dancing: medium-dark skin tone	Menschen & Gesten	 man dancing: medium-dark skin tone  
png/1F57A-1F3FF.png	man dancing: dark skin tone	Menschen & Gesten	 man dancing: dark skin tone  
png/1F574.png	schwebender Mann im Anzug	Menschen & Gesten	Anzug geschäftlich Mann schwebender Mann im Anzug Schwebender Mann im Anzug person in suit levitating business, levitating, person, suit 
png/1F574-1F3FB.png	person in suit levitating: light skin tone	Menschen & Gesten	 person in suit levitating: light skin tone  
png/1F574-1F3FC.png	person in suit levitating: medium-light skin tone	Menschen & Gesten	 person in suit levitating: medium-light skin tone  
png/1F574-1F3FD.png	person in suit levitating: medium skin tone	Menschen & Gesten	 person in suit levitating: medium skin tone  
png/1F574-1F3FE.png	person in suit levitating: medium-dark skin tone	Menschen & Gesten	 person in suit levitating: medium-dark skin tone  
png/1F574-1F3FF.png	person in suit levitating: dark skin tone	Menschen & Gesten	 person in suit levitating: dark skin tone  
png/1F46F.png	Personen mit Hasenohren	Menschen & Gesten	Bunny Bunnys doppelt Hasenohren Leute Party Person Personen mit Hasenohren seelenverwandt Tanzen Tänzerinnen Zwillinge people with bunny ears bestie, bff, bunny, counterpart, dancer, double, ear, identical, pair, party, partying, people, soulmate, twin, twinsies human, person
png/1F46F-1F3FB.png	people with bunny ears: light skin tone	Menschen & Gesten	 people with bunny ears: light skin tone  
png/1F46F-1F3FC.png	people with bunny ears: medium-light skin tone	Menschen & Gesten	 people with bunny ears: medium-light skin tone  
png/1F46F-1F3FD.png	people with bunny ears: medium skin tone	Menschen & Gesten	 people with bunny ears: medium skin tone  
png/1F46F-1F3FE.png	people with bunny ears: medium-dark skin tone	Menschen & Gesten	 people with bunny ears: medium-dark skin tone  
png/1F46F-1F3FF.png	people with bunny ears: dark skin tone	Menschen & Gesten	 people with bunny ears: dark skin tone  
png/1F46F-200D-2642-FE0F.png	Männer mit Hasenohren	Menschen & Gesten	Bunnys Hasenohren Männer Männer mit Hasenohren Party tanzen Zwillinge men with bunny ears bestie, bff, bunny, counterpart, dancer, double, ear, identical, men, pair, party, partying, people, soulmate, twin, twinsies 
png/1F46F-1F3FB-200D-2642-FE0F.png	men with bunny ears: light skin tone	Menschen & Gesten	 men with bunny ears: light skin tone  
png/1F46F-1F3FC-200D-2642-FE0F.png	men with bunny ears: medium-light skin tone	Menschen & Gesten	 men with bunny ears: medium-light skin tone  
png/1F46F-1F3FD-200D-2642-FE0F.png	men with bunny ears: medium skin tone	Menschen & Gesten	 men with bunny ears: medium skin tone  
png/1F46F-1F3FE-200D-2642-FE0F.png	men with bunny ears: medium-dark skin tone	Menschen & Gesten	 men with bunny ears: medium-dark skin tone  
png/1F46F-1F3FF-200D-2642-FE0F.png	men with bunny ears: dark skin tone	Menschen & Gesten	 men with bunny ears: dark skin tone  
png/1F46F-200D-2640-FE0F.png	Frauen mit Hasenohren	Menschen & Gesten	Bunnys Frauen Frauen mit Hasenohren Hasenohren Party women with bunny ears bestie, bff, bunny, counterpart, dancer, double, ear, identical, pair, party, partying, people, soulmate, twin, twinsies, women 
png/1F46F-1F3FB-200D-2640-FE0F.png	women with bunny ears: light skin tone	Menschen & Gesten	 women with bunny ears: light skin tone  
png/1F46F-1F3FC-200D-2640-FE0F.png	women with bunny ears: medium-light skin tone	Menschen & Gesten	 women with bunny ears: medium-light skin tone  
png/1F46F-1F3FD-200D-2640-FE0F.png	women with bunny ears: medium skin tone	Menschen & Gesten	 women with bunny ears: medium skin tone  
png/1F46F-1F3FE-200D-2640-FE0F.png	women with bunny ears: medium-dark skin tone	Menschen & Gesten	 women with bunny ears: medium-dark skin tone  
png/1F46F-1F3FF-200D-2640-FE0F.png	women with bunny ears: dark skin tone	Menschen & Gesten	 women with bunny ears: dark skin tone  
png/1F9D1-1F3FB-200D-1F430-200D-1F9D1-1F3FC.png	people with bunny ears: light skin tone, medium-light skin tone	Menschen & Gesten	 people with bunny ears: light skin tone, medium-light skin tone  
png/1F9D1-1F3FB-200D-1F430-200D-1F9D1-1F3FD.png	people with bunny ears: light skin tone, medium skin tone	Menschen & Gesten	 people with bunny ears: light skin tone, medium skin tone  
png/1F9D1-1F3FB-200D-1F430-200D-1F9D1-1F3FE.png	people with bunny ears: light skin tone, medium-dark skin tone	Menschen & Gesten	 people with bunny ears: light skin tone, medium-dark skin tone  
png/1F9D1-1F3FB-200D-1F430-200D-1F9D1-1F3FF.png	people with bunny ears: light skin tone, dark skin tone	Menschen & Gesten	 people with bunny ears: light skin tone, dark skin tone  
png/1F9D1-1F3FC-200D-1F430-200D-1F9D1-1F3FB.png	people with bunny ears: medium-light skin tone, light skin tone	Menschen & Gesten	 people with bunny ears: medium-light skin tone, light skin tone  
png/1F9D1-1F3FC-200D-1F430-200D-1F9D1-1F3FD.png	people with bunny ears: medium-light skin tone, medium skin tone	Menschen & Gesten	 people with bunny ears: medium-light skin tone, medium skin tone  
png/1F9D1-1F3FC-200D-1F430-200D-1F9D1-1F3FE.png	people with bunny ears: medium-light skin tone, medium-dark skin tone	Menschen & Gesten	 people with bunny ears: medium-light skin tone, medium-dark skin tone  
png/1F9D1-1F3FC-200D-1F430-200D-1F9D1-1F3FF.png	people with bunny ears: medium-light skin tone, dark skin tone	Menschen & Gesten	 people with bunny ears: medium-light skin tone, dark skin tone  
png/1F9D1-1F3FD-200D-1F430-200D-1F9D1-1F3FB.png	people with bunny ears: medium skin tone, light skin tone	Menschen & Gesten	 people with bunny ears: medium skin tone, light skin tone  
png/1F9D1-1F3FD-200D-1F430-200D-1F9D1-1F3FC.png	people with bunny ears: medium skin tone, medium-light skin tone	Menschen & Gesten	 people with bunny ears: medium skin tone, medium-light skin tone  
png/1F9D1-1F3FD-200D-1F430-200D-1F9D1-1F3FE.png	people with bunny ears: medium skin tone, medium-dark skin tone	Menschen & Gesten	 people with bunny ears: medium skin tone, medium-dark skin tone  
png/1F9D1-1F3FD-200D-1F430-200D-1F9D1-1F3FF.png	people with bunny ears: medium skin tone, dark skin tone	Menschen & Gesten	 people with bunny ears: medium skin tone, dark skin tone  
png/1F9D1-1F3FE-200D-1F430-200D-1F9D1-1F3FB.png	people with bunny ears: medium-dark skin tone, light skin tone	Menschen & Gesten	 people with bunny ears: medium-dark skin tone, light skin tone  
png/1F9D1-1F3FE-200D-1F430-200D-1F9D1-1F3FC.png	people with bunny ears: medium-dark skin tone, medium-light skin tone	Menschen & Gesten	 people with bunny ears: medium-dark skin tone, medium-light skin tone  
png/1F9D1-1F3FE-200D-1F430-200D-1F9D1-1F3FD.png	people with bunny ears: medium-dark skin tone, medium skin tone	Menschen & Gesten	 people with bunny ears: medium-dark skin tone, medium skin tone  
png/1F9D1-1F3FE-200D-1F430-200D-1F9D1-1F3FF.png	people with bunny ears: medium-dark skin tone, dark skin tone	Menschen & Gesten	 people with bunny ears: medium-dark skin tone, dark skin tone  
png/1F9D1-1F3FF-200D-1F430-200D-1F9D1-1F3FB.png	people with bunny ears: dark skin tone, light skin tone	Menschen & Gesten	 people with bunny ears: dark skin tone, light skin tone  
png/1F9D1-1F3FF-200D-1F430-200D-1F9D1-1F3FC.png	people with bunny ears: dark skin tone, medium-light skin tone	Menschen & Gesten	 people with bunny ears: dark skin tone, medium-light skin tone  
png/1F9D1-1F3FF-200D-1F430-200D-1F9D1-1F3FD.png	people with bunny ears: dark skin tone, medium skin tone	Menschen & Gesten	 people with bunny ears: dark skin tone, medium skin tone  
png/1F9D1-1F3FF-200D-1F430-200D-1F9D1-1F3FE.png	people with bunny ears: dark skin tone, medium-dark skin tone	Menschen & Gesten	 people with bunny ears: dark skin tone, medium-dark skin tone  
png/1F468-1F3FB-200D-1F430-200D-1F468-1F3FC.png	men with bunny ears: light skin tone, medium-light skin tone	Menschen & Gesten	 men with bunny ears: light skin tone, medium-light skin tone  
png/1F468-1F3FB-200D-1F430-200D-1F468-1F3FD.png	men with bunny ears: light skin tone, medium skin tone	Menschen & Gesten	 men with bunny ears: light skin tone, medium skin tone  
png/1F468-1F3FB-200D-1F430-200D-1F468-1F3FE.png	men with bunny ears: light skin tone, medium-dark skin tone	Menschen & Gesten	 men with bunny ears: light skin tone, medium-dark skin tone  
png/1F468-1F3FB-200D-1F430-200D-1F468-1F3FF.png	men with bunny ears: light skin tone, dark skin tone	Menschen & Gesten	 men with bunny ears: light skin tone, dark skin tone  
png/1F468-1F3FC-200D-1F430-200D-1F468-1F3FB.png	men with bunny ears: medium-light skin tone, light skin tone	Menschen & Gesten	 men with bunny ears: medium-light skin tone, light skin tone  
png/1F468-1F3FC-200D-1F430-200D-1F468-1F3FD.png	men with bunny ears: medium-light skin tone, medium skin tone	Menschen & Gesten	 men with bunny ears: medium-light skin tone, medium skin tone  
png/1F468-1F3FC-200D-1F430-200D-1F468-1F3FE.png	men with bunny ears: medium-light skin tone, medium-dark skin tone	Menschen & Gesten	 men with bunny ears: medium-light skin tone, medium-dark skin tone  
png/1F468-1F3FC-200D-1F430-200D-1F468-1F3FF.png	men with bunny ears: medium-light skin tone, dark skin tone	Menschen & Gesten	 men with bunny ears: medium-light skin tone, dark skin tone  
png/1F468-1F3FD-200D-1F430-200D-1F468-1F3FB.png	men with bunny ears: medium skin tone, light skin tone	Menschen & Gesten	 men with bunny ears: medium skin tone, light skin tone  
png/1F468-1F3FD-200D-1F430-200D-1F468-1F3FC.png	men with bunny ears: medium skin tone, medium-light skin tone	Menschen & Gesten	 men with bunny ears: medium skin tone, medium-light skin tone  
png/1F468-1F3FD-200D-1F430-200D-1F468-1F3FE.png	men with bunny ears: medium skin tone, medium-dark skin tone	Menschen & Gesten	 men with bunny ears: medium skin tone, medium-dark skin tone  
png/1F468-1F3FD-200D-1F430-200D-1F468-1F3FF.png	men with bunny ears: medium skin tone, dark skin tone	Menschen & Gesten	 men with bunny ears: medium skin tone, dark skin tone  
png/1F468-1F3FE-200D-1F430-200D-1F468-1F3FB.png	men with bunny ears: medium-dark skin tone, light skin tone	Menschen & Gesten	 men with bunny ears: medium-dark skin tone, light skin tone  
png/1F468-1F3FE-200D-1F430-200D-1F468-1F3FC.png	men with bunny ears: medium-dark skin tone, medium-light skin tone	Menschen & Gesten	 men with bunny ears: medium-dark skin tone, medium-light skin tone  
png/1F468-1F3FE-200D-1F430-200D-1F468-1F3FD.png	men with bunny ears: medium-dark skin tone, medium skin tone	Menschen & Gesten	 men with bunny ears: medium-dark skin tone, medium skin tone  
png/1F468-1F3FE-200D-1F430-200D-1F468-1F3FF.png	men with bunny ears: medium-dark skin tone, dark skin tone	Menschen & Gesten	 men with bunny ears: medium-dark skin tone, dark skin tone  
png/1F468-1F3FF-200D-1F430-200D-1F468-1F3FB.png	men with bunny ears: dark skin tone, light skin tone	Menschen & Gesten	 men with bunny ears: dark skin tone, light skin tone  
png/1F468-1F3FF-200D-1F430-200D-1F468-1F3FC.png	men with bunny ears: dark skin tone, medium-light skin tone	Menschen & Gesten	 men with bunny ears: dark skin tone, medium-light skin tone  
png/1F468-1F3FF-200D-1F430-200D-1F468-1F3FD.png	men with bunny ears: dark skin tone, medium skin tone	Menschen & Gesten	 men with bunny ears: dark skin tone, medium skin tone  
png/1F468-1F3FF-200D-1F430-200D-1F468-1F3FE.png	men with bunny ears: dark skin tone, medium-dark skin tone	Menschen & Gesten	 men with bunny ears: dark skin tone, medium-dark skin tone  
png/1F469-1F3FB-200D-1F430-200D-1F469-1F3FC.png	women with bunny ears: light skin tone, medium-light skin tone	Menschen & Gesten	 women with bunny ears: light skin tone, medium-light skin tone  
png/1F469-1F3FB-200D-1F430-200D-1F469-1F3FD.png	women with bunny ears: light skin tone, medium skin tone	Menschen & Gesten	 women with bunny ears: light skin tone, medium skin tone  
png/1F469-1F3FB-200D-1F430-200D-1F469-1F3FE.png	women with bunny ears: light skin tone, medium-dark skin tone	Menschen & Gesten	 women with bunny ears: light skin tone, medium-dark skin tone  
png/1F469-1F3FB-200D-1F430-200D-1F469-1F3FF.png	women with bunny ears: light skin tone, dark skin tone	Menschen & Gesten	 women with bunny ears: light skin tone, dark skin tone  
png/1F469-1F3FC-200D-1F430-200D-1F469-1F3FB.png	women with bunny ears: medium-light skin tone, light skin tone	Menschen & Gesten	 women with bunny ears: medium-light skin tone, light skin tone  
png/1F469-1F3FC-200D-1F430-200D-1F469-1F3FD.png	women with bunny ears: medium-light skin tone, medium skin tone	Menschen & Gesten	 women with bunny ears: medium-light skin tone, medium skin tone  
png/1F469-1F3FC-200D-1F430-200D-1F469-1F3FE.png	women with bunny ears: medium-light skin tone, medium-dark skin tone	Menschen & Gesten	 women with bunny ears: medium-light skin tone, medium-dark skin tone  
png/1F469-1F3FC-200D-1F430-200D-1F469-1F3FF.png	women with bunny ears: medium-light skin tone, dark skin tone	Menschen & Gesten	 women with bunny ears: medium-light skin tone, dark skin tone  
png/1F469-1F3FD-200D-1F430-200D-1F469-1F3FB.png	women with bunny ears: medium skin tone, light skin tone	Menschen & Gesten	 women with bunny ears: medium skin tone, light skin tone  
png/1F469-1F3FD-200D-1F430-200D-1F469-1F3FC.png	women with bunny ears: medium skin tone, medium-light skin tone	Menschen & Gesten	 women with bunny ears: medium skin tone, medium-light skin tone  
png/1F469-1F3FD-200D-1F430-200D-1F469-1F3FE.png	women with bunny ears: medium skin tone, medium-dark skin tone	Menschen & Gesten	 women with bunny ears: medium skin tone, medium-dark skin tone  
png/1F469-1F3FD-200D-1F430-200D-1F469-1F3FF.png	women with bunny ears: medium skin tone, dark skin tone	Menschen & Gesten	 women with bunny ears: medium skin tone, dark skin tone  
png/1F469-1F3FE-200D-1F430-200D-1F469-1F3FB.png	women with bunny ears: medium-dark skin tone, light skin tone	Menschen & Gesten	 women with bunny ears: medium-dark skin tone, light skin tone  
png/1F469-1F3FE-200D-1F430-200D-1F469-1F3FC.png	women with bunny ears: medium-dark skin tone, medium-light skin tone	Menschen & Gesten	 women with bunny ears: medium-dark skin tone, medium-light skin tone  
png/1F469-1F3FE-200D-1F430-200D-1F469-1F3FD.png	women with bunny ears: medium-dark skin tone, medium skin tone	Menschen & Gesten	 women with bunny ears: medium-dark skin tone, medium skin tone  
png/1F469-1F3FE-200D-1F430-200D-1F469-1F3FF.png	women with bunny ears: medium-dark skin tone, dark skin tone	Menschen & Gesten	 women with bunny ears: medium-dark skin tone, dark skin tone  
png/1F469-1F3FF-200D-1F430-200D-1F469-1F3FB.png	women with bunny ears: dark skin tone, light skin tone	Menschen & Gesten	 women with bunny ears: dark skin tone, light skin tone  
png/1F469-1F3FF-200D-1F430-200D-1F469-1F3FC.png	women with bunny ears: dark skin tone, medium-light skin tone	Menschen & Gesten	 women with bunny ears: dark skin tone, medium-light skin tone  
png/1F469-1F3FF-200D-1F430-200D-1F469-1F3FD.png	women with bunny ears: dark skin tone, medium skin tone	Menschen & Gesten	 women with bunny ears: dark skin tone, medium skin tone  
png/1F469-1F3FF-200D-1F430-200D-1F469-1F3FE.png	women with bunny ears: dark skin tone, medium-dark skin tone	Menschen & Gesten	 women with bunny ears: dark skin tone, medium-dark skin tone  
png/1F9D6.png	Person in Dampfsauna	Menschen & Gesten	abschalten Dampfbad Dampfsauna entspannen Frau luxuriös Person Person in Dampfsauna Relaxen Sauna Spa person in steamy room day, luxurious, pamper, person, relax, room, sauna, spa, steam, steambath, unwind 
png/1F9D6-1F3FB.png	person in steamy room: light skin tone	Menschen & Gesten	 person in steamy room: light skin tone  
png/1F9D6-1F3FC.png	person in steamy room: medium-light skin tone	Menschen & Gesten	 person in steamy room: medium-light skin tone  
png/1F9D6-1F3FD.png	person in steamy room: medium skin tone	Menschen & Gesten	 person in steamy room: medium skin tone  
png/1F9D6-1F3FE.png	person in steamy room: medium-dark skin tone	Menschen & Gesten	 person in steamy room: medium-dark skin tone  
png/1F9D6-1F3FF.png	person in steamy room: dark skin tone	Menschen & Gesten	 person in steamy room: dark skin tone  
png/1F9D6-200D-2642-FE0F.png	Mann in Dampfsauna	Menschen & Gesten	Dampfsauna Mann in Dampfsauna Sauna man in steamy room day, luxurious, man, pamper, relax, room, sauna, spa, steam, steambath, unwind 
png/1F9D6-1F3FB-200D-2642-FE0F.png	man in steamy room: light skin tone	Menschen & Gesten	 man in steamy room: light skin tone  
png/1F9D6-1F3FC-200D-2642-FE0F.png	man in steamy room: medium-light skin tone	Menschen & Gesten	 man in steamy room: medium-light skin tone  
png/1F9D6-1F3FD-200D-2642-FE0F.png	man in steamy room: medium skin tone	Menschen & Gesten	 man in steamy room: medium skin tone  
png/1F9D6-1F3FE-200D-2642-FE0F.png	man in steamy room: medium-dark skin tone	Menschen & Gesten	 man in steamy room: medium-dark skin tone  
png/1F9D6-1F3FF-200D-2642-FE0F.png	man in steamy room: dark skin tone	Menschen & Gesten	 man in steamy room: dark skin tone  
png/1F9D6-200D-2640-FE0F.png	Frau in Dampfsauna	Menschen & Gesten	Dampfsauna Frau in Dampfsauna Sauna woman in steamy room day, luxurious, pamper, relax, room, sauna, spa, steam, steambath, unwind, woman 
png/1F9D6-1F3FB-200D-2640-FE0F.png	woman in steamy room: light skin tone	Menschen & Gesten	 woman in steamy room: light skin tone  
png/1F9D6-1F3FC-200D-2640-FE0F.png	woman in steamy room: medium-light skin tone	Menschen & Gesten	 woman in steamy room: medium-light skin tone  
png/1F9D6-1F3FD-200D-2640-FE0F.png	woman in steamy room: medium skin tone	Menschen & Gesten	 woman in steamy room: medium skin tone  
png/1F9D6-1F3FE-200D-2640-FE0F.png	woman in steamy room: medium-dark skin tone	Menschen & Gesten	 woman in steamy room: medium-dark skin tone  
png/1F9D6-1F3FF-200D-2640-FE0F.png	woman in steamy room: dark skin tone	Menschen & Gesten	 woman in steamy room: dark skin tone  
png/1F9D7.png	Bergsteiger(in)	Menschen & Gesten	Bergsteiger Bergsteiger(in) Fels Kletterer klettern Person Sport person climbing climb, climber, climbing, mountain, person, rock, scale, up human, person
png/1F9D7-1F3FB.png	person climbing: light skin tone	Menschen & Gesten	 person climbing: light skin tone  
png/1F9D7-1F3FC.png	person climbing: medium-light skin tone	Menschen & Gesten	 person climbing: medium-light skin tone  
png/1F9D7-1F3FD.png	person climbing: medium skin tone	Menschen & Gesten	 person climbing: medium skin tone  
png/1F9D7-1F3FE.png	person climbing: medium-dark skin tone	Menschen & Gesten	 person climbing: medium-dark skin tone  
png/1F9D7-1F3FF.png	person climbing: dark skin tone	Menschen & Gesten	 person climbing: dark skin tone  
png/1F9D7-200D-2642-FE0F.png	Bergsteiger	Menschen & Gesten	Bergsteiger man climbing climb, climber, climbing, man, mountain, rock, scale, up 
png/1F9D7-1F3FB-200D-2642-FE0F.png	man climbing: light skin tone	Menschen & Gesten	 man climbing: light skin tone  
png/1F9D7-1F3FC-200D-2642-FE0F.png	man climbing: medium-light skin tone	Menschen & Gesten	 man climbing: medium-light skin tone  
png/1F9D7-1F3FD-200D-2642-FE0F.png	man climbing: medium skin tone	Menschen & Gesten	 man climbing: medium skin tone  
png/1F9D7-1F3FE-200D-2642-FE0F.png	man climbing: medium-dark skin tone	Menschen & Gesten	 man climbing: medium-dark skin tone  
png/1F9D7-1F3FF-200D-2642-FE0F.png	man climbing: dark skin tone	Menschen & Gesten	 man climbing: dark skin tone  
png/1F9D7-200D-2640-FE0F.png	Bergsteigerin	Menschen & Gesten	Bergsteiger Bergsteigerin woman climbing climb, climber, climbing, mountain, rock, scale, up, woman 
png/1F9D7-1F3FB-200D-2640-FE0F.png	woman climbing: light skin tone	Menschen & Gesten	 woman climbing: light skin tone  
png/1F9D7-1F3FC-200D-2640-FE0F.png	woman climbing: medium-light skin tone	Menschen & Gesten	 woman climbing: medium-light skin tone  
png/1F9D7-1F3FD-200D-2640-FE0F.png	woman climbing: medium skin tone	Menschen & Gesten	 woman climbing: medium skin tone  
png/1F9D7-1F3FE-200D-2640-FE0F.png	woman climbing: medium-dark skin tone	Menschen & Gesten	 woman climbing: medium-dark skin tone  
png/1F9D7-1F3FF-200D-2640-FE0F.png	woman climbing: dark skin tone	Menschen & Gesten	 woman climbing: dark skin tone  
png/1F93A.png	Fechter(in)	Menschen & Gesten	fechten Fechter Fechter(in) Schwert Sport person fencing fencer, fencing, person, sword epee, sports
png/1F3C7.png	Pferderennen	Menschen & Gesten	Jockey auf Pferd Pferderennen schnell Sport um die Wette wetten horse racing horse, jockey, racehorse, racing, riding, sport animal, sports
png/1F3C7-1F3FB.png	horse racing: light skin tone	Menschen & Gesten	 horse racing: light skin tone  
png/1F3C7-1F3FC.png	horse racing: medium-light skin tone	Menschen & Gesten	 horse racing: medium-light skin tone  
png/1F3C7-1F3FD.png	horse racing: medium skin tone	Menschen & Gesten	 horse racing: medium skin tone  
png/1F3C7-1F3FE.png	horse racing: medium-dark skin tone	Menschen & Gesten	 horse racing: medium-dark skin tone  
png/1F3C7-1F3FF.png	horse racing: dark skin tone	Menschen & Gesten	 horse racing: dark skin tone  
png/26F7.png	Skifahrer(in)	Menschen & Gesten	Schnee Ski Skifahrer Skifahrer(in) Skifahrerin Sport skier ski, snow winter, sports
png/1F3C2.png	Snowboarder(in)	Menschen & Gesten	Snowboard Snowboarden Snowboarder Snowboarder(in) Snowboarderin Sport snowboarder ski, snow, snowboard, sport winter, sports
png/1F3C2-1F3FB.png	snowboarder: light skin tone	Menschen & Gesten	 snowboarder: light skin tone  
png/1F3C2-1F3FC.png	snowboarder: medium-light skin tone	Menschen & Gesten	 snowboarder: medium-light skin tone  
png/1F3C2-1F3FD.png	snowboarder: medium skin tone	Menschen & Gesten	 snowboarder: medium skin tone  
png/1F3C2-1F3FE.png	snowboarder: medium-dark skin tone	Menschen & Gesten	 snowboarder: medium-dark skin tone  
png/1F3C2-1F3FF.png	snowboarder: dark skin tone	Menschen & Gesten	 snowboarder: dark skin tone  
png/1F3CC.png	Golfer(in)	Menschen & Gesten	Abschlagplatz Golf Golfer Golfer(in) Golferin Golfspieler Golfspielerin Person Sport Sportler Sportlerin person golfing ball, birdie, caddy, driving, golf, golfing, green, person, pga, putt, range, tee sports
png/1F3CC-1F3FB.png	person golfing: light skin tone	Menschen & Gesten	 person golfing: light skin tone  
png/1F3CC-1F3FC.png	person golfing: medium-light skin tone	Menschen & Gesten	 person golfing: medium-light skin tone  
png/1F3CC-1F3FD.png	person golfing: medium skin tone	Menschen & Gesten	 person golfing: medium skin tone  
png/1F3CC-1F3FE.png	person golfing: medium-dark skin tone	Menschen & Gesten	 person golfing: medium-dark skin tone  
png/1F3CC-1F3FF.png	person golfing: dark skin tone	Menschen & Gesten	 person golfing: dark skin tone  
png/1F3CC-FE0F-200D-2642-FE0F.png	Golfer	Menschen & Gesten	Golf golfen Golfer Golfspieler Mann man golfing ball, birdie, caddy, driving, golf, golfing, green, man, pga, putt, range, tee 
png/1F3CC-1F3FB-200D-2642-FE0F.png	man golfing: light skin tone	Menschen & Gesten	 man golfing: light skin tone  
png/1F3CC-1F3FC-200D-2642-FE0F.png	man golfing: medium-light skin tone	Menschen & Gesten	 man golfing: medium-light skin tone  
png/1F3CC-1F3FD-200D-2642-FE0F.png	man golfing: medium skin tone	Menschen & Gesten	 man golfing: medium skin tone  
png/1F3CC-1F3FE-200D-2642-FE0F.png	man golfing: medium-dark skin tone	Menschen & Gesten	 man golfing: medium-dark skin tone  
png/1F3CC-1F3FF-200D-2642-FE0F.png	man golfing: dark skin tone	Menschen & Gesten	 man golfing: dark skin tone  
png/1F3CC-FE0F-200D-2640-FE0F.png	Golferin	Menschen & Gesten	Frau Golf golfen Golferin Golfspielerin woman golfing ball, birdie, caddy, driving, golf, golfing, green, pga, putt, range, tee, woman 
png/1F3CC-1F3FB-200D-2640-FE0F.png	woman golfing: light skin tone	Menschen & Gesten	 woman golfing: light skin tone  
png/1F3CC-1F3FC-200D-2640-FE0F.png	woman golfing: medium-light skin tone	Menschen & Gesten	 woman golfing: medium-light skin tone  
png/1F3CC-1F3FD-200D-2640-FE0F.png	woman golfing: medium skin tone	Menschen & Gesten	 woman golfing: medium skin tone  
png/1F3CC-1F3FE-200D-2640-FE0F.png	woman golfing: medium-dark skin tone	Menschen & Gesten	 woman golfing: medium-dark skin tone  
png/1F3CC-1F3FF-200D-2640-FE0F.png	woman golfing: dark skin tone	Menschen & Gesten	 woman golfing: dark skin tone  
png/1F3C4.png	Surfer(in)	Menschen & Gesten	Person Sport Surfboard Surfbrett Surfen Surfer Surfer(in) Surferin Wassersport Wellenreiten Wellenreiter Wellenreiterin person surfing beach, ocean, person, sport, surf, surfer, surfing, swell, waves water, ocean, sea, wave, surfer, sports
png/1F3C4-1F3FB.png	person surfing: light skin tone	Menschen & Gesten	 person surfing: light skin tone  
png/1F3C4-1F3FC.png	person surfing: medium-light skin tone	Menschen & Gesten	 person surfing: medium-light skin tone  
png/1F3C4-1F3FD.png	person surfing: medium skin tone	Menschen & Gesten	 person surfing: medium skin tone  
png/1F3C4-1F3FE.png	person surfing: medium-dark skin tone	Menschen & Gesten	 person surfing: medium-dark skin tone  
png/1F3C4-1F3FF.png	person surfing: dark skin tone	Menschen & Gesten	 person surfing: dark skin tone  
png/1F3C4-200D-2642-FE0F.png	Surfer	Menschen & Gesten	Mann Surfer Wellenreiten man surfing beach, man, ocean, sport, surf, surfer, surfing, swell, waves 
png/1F3C4-1F3FB-200D-2642-FE0F.png	man surfing: light skin tone	Menschen & Gesten	 man surfing: light skin tone  
png/1F3C4-1F3FC-200D-2642-FE0F.png	man surfing: medium-light skin tone	Menschen & Gesten	 man surfing: medium-light skin tone  
png/1F3C4-1F3FD-200D-2642-FE0F.png	man surfing: medium skin tone	Menschen & Gesten	 man surfing: medium skin tone  
png/1F3C4-1F3FE-200D-2642-FE0F.png	man surfing: medium-dark skin tone	Menschen & Gesten	 man surfing: medium-dark skin tone  
png/1F3C4-1F3FF-200D-2642-FE0F.png	man surfing: dark skin tone	Menschen & Gesten	 man surfing: dark skin tone  
png/1F3C4-200D-2640-FE0F.png	Surferin	Menschen & Gesten	Frau Sport Strand Surf Surfbrett Surferin Wellen Wellenreiten woman surfing beach, ocean, person, sport, surf, surfer, surfing, swell, waves 
png/1F3C4-1F3FB-200D-2640-FE0F.png	woman surfing: light skin tone	Menschen & Gesten	 woman surfing: light skin tone  
png/1F3C4-1F3FC-200D-2640-FE0F.png	woman surfing: medium-light skin tone	Menschen & Gesten	 woman surfing: medium-light skin tone  
png/1F3C4-1F3FD-200D-2640-FE0F.png	woman surfing: medium skin tone	Menschen & Gesten	 woman surfing: medium skin tone  
png/1F3C4-1F3FE-200D-2640-FE0F.png	woman surfing: medium-dark skin tone	Menschen & Gesten	 woman surfing: medium-dark skin tone  
png/1F3C4-1F3FF-200D-2640-FE0F.png	woman surfing: dark skin tone	Menschen & Gesten	 woman surfing: dark skin tone  
png/1F6A3.png	Person im Ruderboot	Menschen & Gesten	Angeln Boot Kanu Paddel Person Person im Ruderboot Ruderboot Rudern Sport person rowing boat boat, canoe, cruise, fishing, lake, oar, paddle, person, raft, river, row, rowboat, rowing sports, kayak, canoe, water
png/1F6A3-1F3FB.png	person rowing boat: light skin tone	Menschen & Gesten	 person rowing boat: light skin tone  
png/1F6A3-1F3FC.png	person rowing boat: medium-light skin tone	Menschen & Gesten	 person rowing boat: medium-light skin tone  
png/1F6A3-1F3FD.png	person rowing boat: medium skin tone	Menschen & Gesten	 person rowing boat: medium skin tone  
png/1F6A3-1F3FE.png	person rowing boat: medium-dark skin tone	Menschen & Gesten	 person rowing boat: medium-dark skin tone  
png/1F6A3-1F3FF.png	person rowing boat: dark skin tone	Menschen & Gesten	 person rowing boat: dark skin tone  
png/1F6A3-200D-2642-FE0F.png	Mann im Ruderboot	Menschen & Gesten	Boot Mann Mann im Ruderboot rudern man rowing boat boat, canoe, cruise, fishing, lake, man, oar, paddle, raft, river, row, rowboat, rowing 
png/1F6A3-1F3FB-200D-2642-FE0F.png	man rowing boat: light skin tone	Menschen & Gesten	 man rowing boat: light skin tone  
png/1F6A3-1F3FC-200D-2642-FE0F.png	man rowing boat: medium-light skin tone	Menschen & Gesten	 man rowing boat: medium-light skin tone  
png/1F6A3-1F3FD-200D-2642-FE0F.png	man rowing boat: medium skin tone	Menschen & Gesten	 man rowing boat: medium skin tone  
png/1F6A3-1F3FE-200D-2642-FE0F.png	man rowing boat: medium-dark skin tone	Menschen & Gesten	 man rowing boat: medium-dark skin tone  
png/1F6A3-1F3FF-200D-2642-FE0F.png	man rowing boat: dark skin tone	Menschen & Gesten	 man rowing boat: dark skin tone  
png/1F6A3-200D-2640-FE0F.png	Frau im Ruderboot	Menschen & Gesten	Boot Bootfahrerin Frau Frau im Ruderboot Ruder Ruderin rudern Rudern See woman rowing boat boat, canoe, cruise, fishing, lake, oar, paddle, raft, river, row, rowboat, rowing, woman 
png/1F6A3-1F3FB-200D-2640-FE0F.png	woman rowing boat: light skin tone	Menschen & Gesten	 woman rowing boat: light skin tone  
png/1F6A3-1F3FC-200D-2640-FE0F.png	woman rowing boat: medium-light skin tone	Menschen & Gesten	 woman rowing boat: medium-light skin tone  
png/1F6A3-1F3FD-200D-2640-FE0F.png	woman rowing boat: medium skin tone	Menschen & Gesten	 woman rowing boat: medium skin tone  
png/1F6A3-1F3FE-200D-2640-FE0F.png	woman rowing boat: medium-dark skin tone	Menschen & Gesten	 woman rowing boat: medium-dark skin tone  
png/1F6A3-1F3FF-200D-2640-FE0F.png	woman rowing boat: dark skin tone	Menschen & Gesten	 woman rowing boat: dark skin tone  
png/1F3CA.png	Schwimmer(in)	Menschen & Gesten	Kraulen Person Pool Schwimmbecken Schwimmen Schwimmer Schwimmer(in) Schwimmerin Sport Triathlon Wasser person swimming freestyle, person, sport, swim, swimmer, swimming, triathlon sports, water
png/1F3CA-1F3FB.png	person swimming: light skin tone	Menschen & Gesten	 person swimming: light skin tone  
png/1F3CA-1F3FC.png	person swimming: medium-light skin tone	Menschen & Gesten	 person swimming: medium-light skin tone  
png/1F3CA-1F3FD.png	person swimming: medium skin tone	Menschen & Gesten	 person swimming: medium skin tone  
png/1F3CA-1F3FE.png	person swimming: medium-dark skin tone	Menschen & Gesten	 person swimming: medium-dark skin tone  
png/1F3CA-1F3FF.png	person swimming: dark skin tone	Menschen & Gesten	 person swimming: dark skin tone  
png/1F3CA-200D-2642-FE0F.png	Schwimmer	Menschen & Gesten	kraulen Pool Schwimmbad schwimmen Schwimmer man swimming freestyle, man, sport, swim, swimmer, swimming, triathlon 
png/1F3CA-1F3FB-200D-2642-FE0F.png	man swimming: light skin tone	Menschen & Gesten	 man swimming: light skin tone  
png/1F3CA-1F3FC-200D-2642-FE0F.png	man swimming: medium-light skin tone	Menschen & Gesten	 man swimming: medium-light skin tone  
png/1F3CA-1F3FD-200D-2642-FE0F.png	man swimming: medium skin tone	Menschen & Gesten	 man swimming: medium skin tone  
png/1F3CA-1F3FE-200D-2642-FE0F.png	man swimming: medium-dark skin tone	Menschen & Gesten	 man swimming: medium-dark skin tone  
png/1F3CA-1F3FF-200D-2642-FE0F.png	man swimming: dark skin tone	Menschen & Gesten	 man swimming: dark skin tone  
png/1F3CA-200D-2640-FE0F.png	Schwimmerin	Menschen & Gesten	Frau kraulen Pool Schwimmbad schwimmen Schwimmerin Sport woman swimming freestyle, man, sport, swim, swimmer, swimming, triathlon 
png/1F3CA-1F3FB-200D-2640-FE0F.png	woman swimming: light skin tone	Menschen & Gesten	 woman swimming: light skin tone  
png/1F3CA-1F3FC-200D-2640-FE0F.png	woman swimming: medium-light skin tone	Menschen & Gesten	 woman swimming: medium-light skin tone  
png/1F3CA-1F3FD-200D-2640-FE0F.png	woman swimming: medium skin tone	Menschen & Gesten	 woman swimming: medium skin tone  
png/1F3CA-1F3FE-200D-2640-FE0F.png	woman swimming: medium-dark skin tone	Menschen & Gesten	 woman swimming: medium-dark skin tone  
png/1F3CA-1F3FF-200D-2640-FE0F.png	woman swimming: dark skin tone	Menschen & Gesten	 woman swimming: dark skin tone  
png/26F9.png	Person mit Ball	Menschen & Gesten	Ball Basketball Basketballer Basketballspieler Basketballspielerin Dribbeln Person Person mit Ball Sport Sportler Sportlerin person bouncing ball athletic, ball, basketball, bouncing, championship, dribble, net, person, player, throw dribble, sports
png/26F9-1F3FB.png	person bouncing ball: light skin tone	Menschen & Gesten	 person bouncing ball: light skin tone  
png/26F9-1F3FC.png	person bouncing ball: medium-light skin tone	Menschen & Gesten	 person bouncing ball: medium-light skin tone  
png/26F9-1F3FD.png	person bouncing ball: medium skin tone	Menschen & Gesten	 person bouncing ball: medium skin tone  
png/26F9-1F3FE.png	person bouncing ball: medium-dark skin tone	Menschen & Gesten	 person bouncing ball: medium-dark skin tone  
png/26F9-1F3FF.png	person bouncing ball: dark skin tone	Menschen & Gesten	 person bouncing ball: dark skin tone  
png/26F9-FE0F-200D-2642-FE0F.png	Mann mit Ball	Menschen & Gesten	Ballsport Handball Mann Mann mit Ball man bouncing ball athletic, ball, basketball, bouncing, championship, dribble, man, net, player, throw 
png/26F9-1F3FB-200D-2642-FE0F.png	man bouncing ball: light skin tone	Menschen & Gesten	 man bouncing ball: light skin tone  
png/26F9-1F3FC-200D-2642-FE0F.png	man bouncing ball: medium-light skin tone	Menschen & Gesten	 man bouncing ball: medium-light skin tone  
png/26F9-1F3FD-200D-2642-FE0F.png	man bouncing ball: medium skin tone	Menschen & Gesten	 man bouncing ball: medium skin tone  
png/26F9-1F3FE-200D-2642-FE0F.png	man bouncing ball: medium-dark skin tone	Menschen & Gesten	 man bouncing ball: medium-dark skin tone  
png/26F9-1F3FF-200D-2642-FE0F.png	man bouncing ball: dark skin tone	Menschen & Gesten	 man bouncing ball: dark skin tone  
png/26F9-FE0F-200D-2640-FE0F.png	Frau mit Ball	Menschen & Gesten	Ball Ballsport Basketball Basketballspieler Frau Frau mit Ball Handball Sport woman bouncing ball athletic, ball, basketball, bouncing, championship, dribble, net, player, throw, woman 
png/26F9-1F3FB-200D-2640-FE0F.png	woman bouncing ball: light skin tone	Menschen & Gesten	 woman bouncing ball: light skin tone  
png/26F9-1F3FC-200D-2640-FE0F.png	woman bouncing ball: medium-light skin tone	Menschen & Gesten	 woman bouncing ball: medium-light skin tone  
png/26F9-1F3FD-200D-2640-FE0F.png	woman bouncing ball: medium skin tone	Menschen & Gesten	 woman bouncing ball: medium skin tone  
png/26F9-1F3FE-200D-2640-FE0F.png	woman bouncing ball: medium-dark skin tone	Menschen & Gesten	 woman bouncing ball: medium-dark skin tone  
png/26F9-1F3FF-200D-2640-FE0F.png	woman bouncing ball: dark skin tone	Menschen & Gesten	 woman bouncing ball: dark skin tone  
png/1F3CB.png	Gewichtheber(in)	Menschen & Gesten	Gewicht Gewichtheber Gewichtheber(in) Gewichtheberin Hantel Muskeln Person schwer Sport stark Training person lifting weights barbell, bodybuilder, deadlift, lifter, lifting, person, powerlifting, weight, weightlifter, weights, workout sports, power
png/1F3CB-1F3FB.png	person lifting weights: light skin tone	Menschen & Gesten	 person lifting weights: light skin tone  
png/1F3CB-1F3FC.png	person lifting weights: medium-light skin tone	Menschen & Gesten	 person lifting weights: medium-light skin tone  
png/1F3CB-1F3FD.png	person lifting weights: medium skin tone	Menschen & Gesten	 person lifting weights: medium skin tone  
png/1F3CB-1F3FE.png	person lifting weights: medium-dark skin tone	Menschen & Gesten	 person lifting weights: medium-dark skin tone  
png/1F3CB-1F3FF.png	person lifting weights: dark skin tone	Menschen & Gesten	 person lifting weights: dark skin tone  
png/1F3CB-FE0F-200D-2642-FE0F.png	Gewichtheber	Menschen & Gesten	Gewicht heben Gewichtheber Mann man lifting weights barbell, bodybuilder, deadlift, lifter, lifting, man, powerlifting, weight, weightlifter, weights, workout 
png/1F3CB-1F3FB-200D-2642-FE0F.png	man lifting weights: light skin tone	Menschen & Gesten	 man lifting weights: light skin tone  
png/1F3CB-1F3FC-200D-2642-FE0F.png	man lifting weights: medium-light skin tone	Menschen & Gesten	 man lifting weights: medium-light skin tone  
png/1F3CB-1F3FD-200D-2642-FE0F.png	man lifting weights: medium skin tone	Menschen & Gesten	 man lifting weights: medium skin tone  
png/1F3CB-1F3FE-200D-2642-FE0F.png	man lifting weights: medium-dark skin tone	Menschen & Gesten	 man lifting weights: medium-dark skin tone  
png/1F3CB-1F3FF-200D-2642-FE0F.png	man lifting weights: dark skin tone	Menschen & Gesten	 man lifting weights: dark skin tone  
png/1F3CB-FE0F-200D-2640-FE0F.png	Gewichtheberin	Menschen & Gesten	Frau Gewicht heben Gewichte heben Gewichteheberin Gewichtheberin woman lifting weights barbell, bodybuilder, deadlift, lifter, lifting, powerlifting, weight, weightlifter, weights, woman, workout 
png/1F3CB-1F3FB-200D-2640-FE0F.png	woman lifting weights: light skin tone	Menschen & Gesten	 woman lifting weights: light skin tone  
png/1F3CB-1F3FC-200D-2640-FE0F.png	woman lifting weights: medium-light skin tone	Menschen & Gesten	 woman lifting weights: medium-light skin tone  
png/1F3CB-1F3FD-200D-2640-FE0F.png	woman lifting weights: medium skin tone	Menschen & Gesten	 woman lifting weights: medium skin tone  
png/1F3CB-1F3FE-200D-2640-FE0F.png	woman lifting weights: medium-dark skin tone	Menschen & Gesten	 woman lifting weights: medium-dark skin tone  
png/1F3CB-1F3FF-200D-2640-FE0F.png	woman lifting weights: dark skin tone	Menschen & Gesten	 woman lifting weights: dark skin tone  
png/1F6B4.png	Radfahrer(in)	Menschen & Gesten	Fahrrad Person Rad radeln Radfahren Radfahrer Radfahrer(in) Radfahrerin Sport Tour de France person biking bicycle, bicyclist, bike, biking, cycle, cyclist, person, riding, sport sports
png/1F6B4-1F3FB.png	person biking: light skin tone	Menschen & Gesten	 person biking: light skin tone  
png/1F6B4-1F3FC.png	person biking: medium-light skin tone	Menschen & Gesten	 person biking: medium-light skin tone  
png/1F6B4-1F3FD.png	person biking: medium skin tone	Menschen & Gesten	 person biking: medium skin tone  
png/1F6B4-1F3FE.png	person biking: medium-dark skin tone	Menschen & Gesten	 person biking: medium-dark skin tone  
png/1F6B4-1F3FF.png	person biking: dark skin tone	Menschen & Gesten	 person biking: dark skin tone  
png/1F6B4-200D-2642-FE0F.png	Radfahrer	Menschen & Gesten	Fahrrad Mann Rad Radfahrer man biking bicycle, bicyclist, bike, biking, cycle, cyclist, man, riding, sport 
png/1F6B4-1F3FB-200D-2642-FE0F.png	man biking: light skin tone	Menschen & Gesten	 man biking: light skin tone  
png/1F6B4-1F3FC-200D-2642-FE0F.png	man biking: medium-light skin tone	Menschen & Gesten	 man biking: medium-light skin tone  
png/1F6B4-1F3FD-200D-2642-FE0F.png	man biking: medium skin tone	Menschen & Gesten	 man biking: medium skin tone  
png/1F6B4-1F3FE-200D-2642-FE0F.png	man biking: medium-dark skin tone	Menschen & Gesten	 man biking: medium-dark skin tone  
png/1F6B4-1F3FF-200D-2642-FE0F.png	man biking: dark skin tone	Menschen & Gesten	 man biking: dark skin tone  
png/1F6B4-200D-2640-FE0F.png	Radfahrerin	Menschen & Gesten	Fahrrad Fahrradfahrerin Frau Frauen Rad Radeln Radfahrerin Radlerin woman biking bicycle, bicyclist, bike, biking, cycle, cyclist, riding, sport, woman 
png/1F6B4-1F3FB-200D-2640-FE0F.png	woman biking: light skin tone	Menschen & Gesten	 woman biking: light skin tone  
png/1F6B4-1F3FC-200D-2640-FE0F.png	woman biking: medium-light skin tone	Menschen & Gesten	 woman biking: medium-light skin tone  
png/1F6B4-1F3FD-200D-2640-FE0F.png	woman biking: medium skin tone	Menschen & Gesten	 woman biking: medium skin tone  
png/1F6B4-1F3FE-200D-2640-FE0F.png	woman biking: medium-dark skin tone	Menschen & Gesten	 woman biking: medium-dark skin tone  
png/1F6B4-1F3FF-200D-2640-FE0F.png	woman biking: dark skin tone	Menschen & Gesten	 woman biking: dark skin tone  
png/1F6B5.png	Mountainbiker(in)	Menschen & Gesten	Fahrrad Mountainbiker Mountainbiker(in) Mountainbikerin Mountainbiking Person Rad Radfahren Radfahrer Radfahrerin Sport Tour de France person mountain biking bicycle, bicyclist, bike, biking, cycle, cyclist, mountain, person, riding, sport 
png/1F6B5-1F3FB.png	person mountain biking: light skin tone	Menschen & Gesten	 person mountain biking: light skin tone  
png/1F6B5-1F3FC.png	person mountain biking: medium-light skin tone	Menschen & Gesten	 person mountain biking: medium-light skin tone  
png/1F6B5-1F3FD.png	person mountain biking: medium skin tone	Menschen & Gesten	 person mountain biking: medium skin tone  
png/1F6B5-1F3FE.png	person mountain biking: medium-dark skin tone	Menschen & Gesten	 person mountain biking: medium-dark skin tone  
png/1F6B5-1F3FF.png	person mountain biking: dark skin tone	Menschen & Gesten	 person mountain biking: dark skin tone  
png/1F6B5-200D-2642-FE0F.png	Mountainbiker	Menschen & Gesten	Fahrrad Mann Mountainbike Mountainbiker Rad man mountain biking bicycle, bicyclist, bike, biking, cycle, cyclist, man, mountain, riding, sport 
png/1F6B5-1F3FB-200D-2642-FE0F.png	man mountain biking: light skin tone	Menschen & Gesten	 man mountain biking: light skin tone  
png/1F6B5-1F3FC-200D-2642-FE0F.png	man mountain biking: medium-light skin tone	Menschen & Gesten	 man mountain biking: medium-light skin tone  
png/1F6B5-1F3FD-200D-2642-FE0F.png	man mountain biking: medium skin tone	Menschen & Gesten	 man mountain biking: medium skin tone  
png/1F6B5-1F3FE-200D-2642-FE0F.png	man mountain biking: medium-dark skin tone	Menschen & Gesten	 man mountain biking: medium-dark skin tone  
png/1F6B5-1F3FF-200D-2642-FE0F.png	man mountain biking: dark skin tone	Menschen & Gesten	 man mountain biking: dark skin tone  
png/1F6B5-200D-2640-FE0F.png	Mountainbikerin	Menschen & Gesten	Fahrrad Fahrradfahrerin Frau Mountain Bike Mountain Bikerin Mountainbike Mountainbikerin Rad radeln Radfahrerin Sport woman mountain biking bicycle, bicyclist, bike, biking, cycle, cyclist, mountain, riding, sport, woman 
png/1F6B5-1F3FB-200D-2640-FE0F.png	woman mountain biking: light skin tone	Menschen & Gesten	 woman mountain biking: light skin tone  
png/1F6B5-1F3FC-200D-2640-FE0F.png	woman mountain biking: medium-light skin tone	Menschen & Gesten	 woman mountain biking: medium-light skin tone  
png/1F6B5-1F3FD-200D-2640-FE0F.png	woman mountain biking: medium skin tone	Menschen & Gesten	 woman mountain biking: medium skin tone  
png/1F6B5-1F3FE-200D-2640-FE0F.png	woman mountain biking: medium-dark skin tone	Menschen & Gesten	 woman mountain biking: medium-dark skin tone  
png/1F6B5-1F3FF-200D-2640-FE0F.png	woman mountain biking: dark skin tone	Menschen & Gesten	 woman mountain biking: dark skin tone  
png/1F938.png	Rad schlagende Person	Menschen & Gesten	Akrobatik Bodenturnen Gymnastik Person Rad Rad schlagen Rad schlagende Person Radschlag Sport Turner Turnerin person cartwheeling active, cartwheel, cartwheeling, excited, flip, gymnastics, happy, person, somersault sports
png/1F938-1F3FB.png	person cartwheeling: light skin tone	Menschen & Gesten	 person cartwheeling: light skin tone  
png/1F938-1F3FC.png	person cartwheeling: medium-light skin tone	Menschen & Gesten	 person cartwheeling: medium-light skin tone  
png/1F938-1F3FD.png	person cartwheeling: medium skin tone	Menschen & Gesten	 person cartwheeling: medium skin tone  
png/1F938-1F3FE.png	person cartwheeling: medium-dark skin tone	Menschen & Gesten	 person cartwheeling: medium-dark skin tone  
png/1F938-1F3FF.png	person cartwheeling: dark skin tone	Menschen & Gesten	 person cartwheeling: dark skin tone  
png/1F938-200D-2642-FE0F.png	Rad schlagender Mann	Menschen & Gesten	Akrobatik Bodenturnen Gymnastik Mann Person Rad Rad schlagen Rad schlagender Mann Radschlag Sport Turner man cartwheeling active, cartwheel, cartwheeling, excited, flip, gymnastics, happy, man, somersault 
png/1F938-1F3FB-200D-2642-FE0F.png	man cartwheeling: light skin tone	Menschen & Gesten	 man cartwheeling: light skin tone  
png/1F938-1F3FC-200D-2642-FE0F.png	man cartwheeling: medium-light skin tone	Menschen & Gesten	 man cartwheeling: medium-light skin tone  
png/1F938-1F3FD-200D-2642-FE0F.png	man cartwheeling: medium skin tone	Menschen & Gesten	 man cartwheeling: medium skin tone  
png/1F938-1F3FE-200D-2642-FE0F.png	man cartwheeling: medium-dark skin tone	Menschen & Gesten	 man cartwheeling: medium-dark skin tone  
png/1F938-1F3FF-200D-2642-FE0F.png	man cartwheeling: dark skin tone	Menschen & Gesten	 man cartwheeling: dark skin tone  
png/1F938-200D-2640-FE0F.png	Rad schlagende Frau	Menschen & Gesten	Akrobatik Bodenturnen Frau Gymnastik Person Rad Rad schlagen Rad schlagende Frau Radschlag Sport Turnerin woman cartwheeling active, cartwheel, cartwheeling, excited, flip, gymnastics, happy, somersault, woman 
png/1F938-1F3FB-200D-2640-FE0F.png	woman cartwheeling: light skin tone	Menschen & Gesten	 woman cartwheeling: light skin tone  
png/1F938-1F3FC-200D-2640-FE0F.png	woman cartwheeling: medium-light skin tone	Menschen & Gesten	 woman cartwheeling: medium-light skin tone  
png/1F938-1F3FD-200D-2640-FE0F.png	woman cartwheeling: medium skin tone	Menschen & Gesten	 woman cartwheeling: medium skin tone  
png/1F938-1F3FE-200D-2640-FE0F.png	woman cartwheeling: medium-dark skin tone	Menschen & Gesten	 woman cartwheeling: medium-dark skin tone  
png/1F938-1F3FF-200D-2640-FE0F.png	woman cartwheeling: dark skin tone	Menschen & Gesten	 woman cartwheeling: dark skin tone  
png/1F93C.png	Ringer(in)	Menschen & Gesten	Catchen Catcher Person ringen Ringer Ringer(in) Ringkampf Sport Sportler Wrestler Wrestling people wrestling combat, duel, grapple, people, ring, tournament, wrestle, wrestling fighting, sports
png/1F93C-1F3FB.png	people wrestling: light skin tone	Menschen & Gesten	 people wrestling: light skin tone  
png/1F93C-1F3FC.png	people wrestling: medium-light skin tone	Menschen & Gesten	 people wrestling: medium-light skin tone  
png/1F93C-1F3FD.png	people wrestling: medium skin tone	Menschen & Gesten	 people wrestling: medium skin tone  
png/1F93C-1F3FE.png	people wrestling: medium-dark skin tone	Menschen & Gesten	 people wrestling: medium-dark skin tone  
png/1F93C-1F3FF.png	people wrestling: dark skin tone	Menschen & Gesten	 people wrestling: dark skin tone  
png/1F93C-200D-2642-FE0F.png	ringende Männer	Menschen & Gesten	Catchen Catcher Männer ringen Ringer Ringkampf Sport Wrestler Wrestling men wrestling combat, duel, grapple, men, ring, tournament, wrestle, wrestling 
png/1F93C-1F3FB-200D-2642-FE0F.png	men wrestling: light skin tone	Menschen & Gesten	 men wrestling: light skin tone  
png/1F93C-1F3FC-200D-2642-FE0F.png	men wrestling: medium-light skin tone	Menschen & Gesten	 men wrestling: medium-light skin tone  
png/1F93C-1F3FD-200D-2642-FE0F.png	men wrestling: medium skin tone	Menschen & Gesten	 men wrestling: medium skin tone  
png/1F93C-1F3FE-200D-2642-FE0F.png	men wrestling: medium-dark skin tone	Menschen & Gesten	 men wrestling: medium-dark skin tone  
png/1F93C-1F3FF-200D-2642-FE0F.png	men wrestling: dark skin tone	Menschen & Gesten	 men wrestling: dark skin tone  
png/1F93C-200D-2640-FE0F.png	ringende Frauen	Menschen & Gesten	catchen Catcherin Person ringen ringende Frauen Ringer Ringerin Ringkampf Sport Wrestlerin Wrestling women wrestling combat, duel, grapple, ring, tournament, women, wrestle, wrestling 
png/1F93C-1F3FB-200D-2640-FE0F.png	women wrestling: light skin tone	Menschen & Gesten	 women wrestling: light skin tone  
png/1F93C-1F3FC-200D-2640-FE0F.png	women wrestling: medium-light skin tone	Menschen & Gesten	 women wrestling: medium-light skin tone  
png/1F93C-1F3FD-200D-2640-FE0F.png	women wrestling: medium skin tone	Menschen & Gesten	 women wrestling: medium skin tone  
png/1F93C-1F3FE-200D-2640-FE0F.png	women wrestling: medium-dark skin tone	Menschen & Gesten	 women wrestling: medium-dark skin tone  
png/1F93C-1F3FF-200D-2640-FE0F.png	women wrestling: dark skin tone	Menschen & Gesten	 women wrestling: dark skin tone  
png/1F9D1-1F3FB-200D-1FAEF-200D-1F9D1-1F3FC.png	people wrestling: light skin tone, medium-light skin tone	Menschen & Gesten	 people wrestling: light skin tone, medium-light skin tone  
png/1F9D1-1F3FB-200D-1FAEF-200D-1F9D1-1F3FD.png	people wrestling: light skin tone, medium skin tone	Menschen & Gesten	 people wrestling: light skin tone, medium skin tone  
png/1F9D1-1F3FB-200D-1FAEF-200D-1F9D1-1F3FE.png	people wrestling: light skin tone, medium-dark skin tone	Menschen & Gesten	 people wrestling: light skin tone, medium-dark skin tone  
png/1F9D1-1F3FB-200D-1FAEF-200D-1F9D1-1F3FF.png	people wrestling: light skin tone, dark skin tone	Menschen & Gesten	 people wrestling: light skin tone, dark skin tone  
png/1F9D1-1F3FC-200D-1FAEF-200D-1F9D1-1F3FB.png	people wrestling: medium-light skin tone, light skin tone	Menschen & Gesten	 people wrestling: medium-light skin tone, light skin tone  
png/1F9D1-1F3FC-200D-1FAEF-200D-1F9D1-1F3FD.png	people wrestling: medium-light skin tone, medium skin tone	Menschen & Gesten	 people wrestling: medium-light skin tone, medium skin tone  
png/1F9D1-1F3FC-200D-1FAEF-200D-1F9D1-1F3FE.png	people wrestling: medium-light skin tone, medium-dark skin tone	Menschen & Gesten	 people wrestling: medium-light skin tone, medium-dark skin tone  
png/1F9D1-1F3FC-200D-1FAEF-200D-1F9D1-1F3FF.png	people wrestling: medium-light skin tone, dark skin tone	Menschen & Gesten	 people wrestling: medium-light skin tone, dark skin tone  
png/1F9D1-1F3FD-200D-1FAEF-200D-1F9D1-1F3FB.png	people wrestling: medium skin tone, light skin tone	Menschen & Gesten	 people wrestling: medium skin tone, light skin tone  
png/1F9D1-1F3FD-200D-1FAEF-200D-1F9D1-1F3FC.png	people wrestling: medium skin tone, medium-light skin tone	Menschen & Gesten	 people wrestling: medium skin tone, medium-light skin tone  
png/1F9D1-1F3FD-200D-1FAEF-200D-1F9D1-1F3FE.png	people wrestling: medium skin tone, medium-dark skin tone	Menschen & Gesten	 people wrestling: medium skin tone, medium-dark skin tone  
png/1F9D1-1F3FD-200D-1FAEF-200D-1F9D1-1F3FF.png	people wrestling: medium skin tone, dark skin tone	Menschen & Gesten	 people wrestling: medium skin tone, dark skin tone  
png/1F9D1-1F3FE-200D-1FAEF-200D-1F9D1-1F3FB.png	people wrestling: medium-dark skin tone, light skin tone	Menschen & Gesten	 people wrestling: medium-dark skin tone, light skin tone  
png/1F9D1-1F3FE-200D-1FAEF-200D-1F9D1-1F3FC.png	people wrestling: medium-dark skin tone, medium-light skin tone	Menschen & Gesten	 people wrestling: medium-dark skin tone, medium-light skin tone  
png/1F9D1-1F3FE-200D-1FAEF-200D-1F9D1-1F3FD.png	people wrestling: medium-dark skin tone, medium skin tone	Menschen & Gesten	 people wrestling: medium-dark skin tone, medium skin tone  
png/1F9D1-1F3FE-200D-1FAEF-200D-1F9D1-1F3FF.png	people wrestling: medium-dark skin tone, dark skin tone	Menschen & Gesten	 people wrestling: medium-dark skin tone, dark skin tone  
png/1F9D1-1F3FF-200D-1FAEF-200D-1F9D1-1F3FB.png	people wrestling: dark skin tone, light skin tone	Menschen & Gesten	 people wrestling: dark skin tone, light skin tone  
png/1F9D1-1F3FF-200D-1FAEF-200D-1F9D1-1F3FC.png	people wrestling: dark skin tone, medium-light skin tone	Menschen & Gesten	 people wrestling: dark skin tone, medium-light skin tone  
png/1F9D1-1F3FF-200D-1FAEF-200D-1F9D1-1F3FD.png	people wrestling: dark skin tone, medium skin tone	Menschen & Gesten	 people wrestling: dark skin tone, medium skin tone  
png/1F9D1-1F3FF-200D-1FAEF-200D-1F9D1-1F3FE.png	people wrestling: dark skin tone, medium-dark skin tone	Menschen & Gesten	 people wrestling: dark skin tone, medium-dark skin tone  
png/1F468-1F3FB-200D-1FAEF-200D-1F468-1F3FC.png	men wrestling: light skin tone, medium-light skin tone	Menschen & Gesten	 men wrestling: light skin tone, medium-light skin tone  
png/1F468-1F3FB-200D-1FAEF-200D-1F468-1F3FD.png	men wrestling: light skin tone, medium skin tone	Menschen & Gesten	 men wrestling: light skin tone, medium skin tone  
png/1F468-1F3FB-200D-1FAEF-200D-1F468-1F3FE.png	men wrestling: light skin tone, medium-dark skin tone	Menschen & Gesten	 men wrestling: light skin tone, medium-dark skin tone  
png/1F468-1F3FB-200D-1FAEF-200D-1F468-1F3FF.png	men wrestling: light skin tone, dark skin tone	Menschen & Gesten	 men wrestling: light skin tone, dark skin tone  
png/1F468-1F3FC-200D-1FAEF-200D-1F468-1F3FB.png	men wrestling: medium-light skin tone, light skin tone	Menschen & Gesten	 men wrestling: medium-light skin tone, light skin tone  
png/1F468-1F3FC-200D-1FAEF-200D-1F468-1F3FD.png	men wrestling: medium-light skin tone, medium skin tone	Menschen & Gesten	 men wrestling: medium-light skin tone, medium skin tone  
png/1F468-1F3FC-200D-1FAEF-200D-1F468-1F3FE.png	men wrestling: medium-light skin tone, medium-dark skin tone	Menschen & Gesten	 men wrestling: medium-light skin tone, medium-dark skin tone  
png/1F468-1F3FC-200D-1FAEF-200D-1F468-1F3FF.png	men wrestling: medium-light skin tone, dark skin tone	Menschen & Gesten	 men wrestling: medium-light skin tone, dark skin tone  
png/1F468-1F3FD-200D-1FAEF-200D-1F468-1F3FB.png	men wrestling: medium skin tone, light skin tone	Menschen & Gesten	 men wrestling: medium skin tone, light skin tone  
png/1F468-1F3FD-200D-1FAEF-200D-1F468-1F3FC.png	men wrestling: medium skin tone, medium-light skin tone	Menschen & Gesten	 men wrestling: medium skin tone, medium-light skin tone  
png/1F468-1F3FD-200D-1FAEF-200D-1F468-1F3FE.png	men wrestling: medium skin tone, medium-dark skin tone	Menschen & Gesten	 men wrestling: medium skin tone, medium-dark skin tone  
png/1F468-1F3FD-200D-1FAEF-200D-1F468-1F3FF.png	men wrestling: medium skin tone, dark skin tone	Menschen & Gesten	 men wrestling: medium skin tone, dark skin tone  
png/1F468-1F3FE-200D-1FAEF-200D-1F468-1F3FB.png	men wrestling: medium-dark skin tone, light skin tone	Menschen & Gesten	 men wrestling: medium-dark skin tone, light skin tone  
png/1F468-1F3FE-200D-1FAEF-200D-1F468-1F3FC.png	men wrestling: medium-dark skin tone, medium-light skin tone	Menschen & Gesten	 men wrestling: medium-dark skin tone, medium-light skin tone  
png/1F468-1F3FE-200D-1FAEF-200D-1F468-1F3FD.png	men wrestling: medium-dark skin tone, medium skin tone	Menschen & Gesten	 men wrestling: medium-dark skin tone, medium skin tone  
png/1F468-1F3FE-200D-1FAEF-200D-1F468-1F3FF.png	men wrestling: medium-dark skin tone, dark skin tone	Menschen & Gesten	 men wrestling: medium-dark skin tone, dark skin tone  
png/1F468-1F3FF-200D-1FAEF-200D-1F468-1F3FB.png	men wrestling: dark skin tone, light skin tone	Menschen & Gesten	 men wrestling: dark skin tone, light skin tone  
png/1F468-1F3FF-200D-1FAEF-200D-1F468-1F3FC.png	men wrestling: dark skin tone, medium-light skin tone	Menschen & Gesten	 men wrestling: dark skin tone, medium-light skin tone  
png/1F468-1F3FF-200D-1FAEF-200D-1F468-1F3FD.png	men wrestling: dark skin tone, medium skin tone	Menschen & Gesten	 men wrestling: dark skin tone, medium skin tone  
png/1F468-1F3FF-200D-1FAEF-200D-1F468-1F3FE.png	men wrestling: dark skin tone, medium-dark skin tone	Menschen & Gesten	 men wrestling: dark skin tone, medium-dark skin tone  
png/1F469-1F3FB-200D-1FAEF-200D-1F469-1F3FC.png	women wrestling: light skin tone, medium-light skin tone	Menschen & Gesten	 women wrestling: light skin tone, medium-light skin tone  
png/1F469-1F3FB-200D-1FAEF-200D-1F469-1F3FD.png	women wrestling: light skin tone, medium skin tone	Menschen & Gesten	 women wrestling: light skin tone, medium skin tone  
png/1F469-1F3FB-200D-1FAEF-200D-1F469-1F3FE.png	women wrestling: light skin tone, medium-dark skin tone	Menschen & Gesten	 women wrestling: light skin tone, medium-dark skin tone  
png/1F469-1F3FB-200D-1FAEF-200D-1F469-1F3FF.png	women wrestling: light skin tone, dark skin tone	Menschen & Gesten	 women wrestling: light skin tone, dark skin tone  
png/1F469-1F3FC-200D-1FAEF-200D-1F469-1F3FB.png	women wrestling: medium-light skin tone, light skin tone	Menschen & Gesten	 women wrestling: medium-light skin tone, light skin tone  
png/1F469-1F3FC-200D-1FAEF-200D-1F469-1F3FD.png	women wrestling: medium-light skin tone, medium skin tone	Menschen & Gesten	 women wrestling: medium-light skin tone, medium skin tone  
png/1F469-1F3FC-200D-1FAEF-200D-1F469-1F3FE.png	women wrestling: medium-light skin tone, medium-dark skin tone	Menschen & Gesten	 women wrestling: medium-light skin tone, medium-dark skin tone  
png/1F469-1F3FC-200D-1FAEF-200D-1F469-1F3FF.png	women wrestling: medium-light skin tone, dark skin tone	Menschen & Gesten	 women wrestling: medium-light skin tone, dark skin tone  
png/1F469-1F3FD-200D-1FAEF-200D-1F469-1F3FB.png	women wrestling: medium skin tone, light skin tone	Menschen & Gesten	 women wrestling: medium skin tone, light skin tone  
png/1F469-1F3FD-200D-1FAEF-200D-1F469-1F3FC.png	women wrestling: medium skin tone, medium-light skin tone	Menschen & Gesten	 women wrestling: medium skin tone, medium-light skin tone  
png/1F469-1F3FD-200D-1FAEF-200D-1F469-1F3FE.png	women wrestling: medium skin tone, medium-dark skin tone	Menschen & Gesten	 women wrestling: medium skin tone, medium-dark skin tone  
png/1F469-1F3FD-200D-1FAEF-200D-1F469-1F3FF.png	women wrestling: medium skin tone, dark skin tone	Menschen & Gesten	 women wrestling: medium skin tone, dark skin tone  
png/1F469-1F3FE-200D-1FAEF-200D-1F469-1F3FB.png	women wrestling: medium-dark skin tone, light skin tone	Menschen & Gesten	 women wrestling: medium-dark skin tone, light skin tone  
png/1F469-1F3FE-200D-1FAEF-200D-1F469-1F3FC.png	women wrestling: medium-dark skin tone, medium-light skin tone	Menschen & Gesten	 women wrestling: medium-dark skin tone, medium-light skin tone  
png/1F469-1F3FE-200D-1FAEF-200D-1F469-1F3FD.png	women wrestling: medium-dark skin tone, medium skin tone	Menschen & Gesten	 women wrestling: medium-dark skin tone, medium skin tone  
png/1F469-1F3FE-200D-1FAEF-200D-1F469-1F3FF.png	women wrestling: medium-dark skin tone, dark skin tone	Menschen & Gesten	 women wrestling: medium-dark skin tone, dark skin tone  
png/1F469-1F3FF-200D-1FAEF-200D-1F469-1F3FB.png	women wrestling: dark skin tone, light skin tone	Menschen & Gesten	 women wrestling: dark skin tone, light skin tone  
png/1F469-1F3FF-200D-1FAEF-200D-1F469-1F3FC.png	women wrestling: dark skin tone, medium-light skin tone	Menschen & Gesten	 women wrestling: dark skin tone, medium-light skin tone  
png/1F469-1F3FF-200D-1FAEF-200D-1F469-1F3FD.png	women wrestling: dark skin tone, medium skin tone	Menschen & Gesten	 women wrestling: dark skin tone, medium skin tone  
png/1F469-1F3FF-200D-1FAEF-200D-1F469-1F3FE.png	women wrestling: dark skin tone, medium-dark skin tone	Menschen & Gesten	 women wrestling: dark skin tone, medium-dark skin tone  
png/1F93D.png	Wasserballspieler(in)	Menschen & Gesten	Person Schwimmsport Sport Sportler Sportlerin Wasser Wasserball Wasserballspieler Wasserballspieler(in) Wasserballspielerin Wassersport person playing water polo person, playing, polo, sport, swimming, water, waterpolo sports
png/1F93D-1F3FB.png	person playing water polo: light skin tone	Menschen & Gesten	 person playing water polo: light skin tone  
png/1F93D-1F3FC.png	person playing water polo: medium-light skin tone	Menschen & Gesten	 person playing water polo: medium-light skin tone  
png/1F93D-1F3FD.png	person playing water polo: medium skin tone	Menschen & Gesten	 person playing water polo: medium skin tone  
png/1F93D-1F3FE.png	person playing water polo: medium-dark skin tone	Menschen & Gesten	 person playing water polo: medium-dark skin tone  
png/1F93D-1F3FF.png	person playing water polo: dark skin tone	Menschen & Gesten	 person playing water polo: dark skin tone  
png/1F93D-200D-2642-FE0F.png	Wasserballspieler	Menschen & Gesten	Mann Person Schwimmsport Sport Sportler Wasser Wasserball Wasserballspieler Wassersport man playing water polo man, playing, polo, sport, swimming, water, waterpolo 
png/1F93D-1F3FB-200D-2642-FE0F.png	man playing water polo: light skin tone	Menschen & Gesten	 man playing water polo: light skin tone  
png/1F93D-1F3FC-200D-2642-FE0F.png	man playing water polo: medium-light skin tone	Menschen & Gesten	 man playing water polo: medium-light skin tone  
png/1F93D-1F3FD-200D-2642-FE0F.png	man playing water polo: medium skin tone	Menschen & Gesten	 man playing water polo: medium skin tone  
png/1F93D-1F3FE-200D-2642-FE0F.png	man playing water polo: medium-dark skin tone	Menschen & Gesten	 man playing water polo: medium-dark skin tone  
png/1F93D-1F3FF-200D-2642-FE0F.png	man playing water polo: dark skin tone	Menschen & Gesten	 man playing water polo: dark skin tone  
png/1F93D-200D-2640-FE0F.png	Wasserballspielerin	Menschen & Gesten	Ballspiele Frau Person Schwimmsport Sport Sportlerin Wasser Wasserball Wasserballspielerin Wassersport woman playing water polo playing, polo, sport, swimming, water, waterpolo, woman 
png/1F93D-1F3FB-200D-2640-FE0F.png	woman playing water polo: light skin tone	Menschen & Gesten	 woman playing water polo: light skin tone  
png/1F93D-1F3FC-200D-2640-FE0F.png	woman playing water polo: medium-light skin tone	Menschen & Gesten	 woman playing water polo: medium-light skin tone  
png/1F93D-1F3FD-200D-2640-FE0F.png	woman playing water polo: medium skin tone	Menschen & Gesten	 woman playing water polo: medium skin tone  
png/1F93D-1F3FE-200D-2640-FE0F.png	woman playing water polo: medium-dark skin tone	Menschen & Gesten	 woman playing water polo: medium-dark skin tone  
png/1F93D-1F3FF-200D-2640-FE0F.png	woman playing water polo: dark skin tone	Menschen & Gesten	 woman playing water polo: dark skin tone  
png/1F93E.png	Handballspieler(in)	Menschen & Gesten	Handball Handballer Handballerin Handballspieler Handballspieler(in) Handballspielerin Person schleudern Sport Sportler werfen person playing handball athletics, ball, catch, chuck, handball, hurl, lob, person, pitch, playing, sport, throw, toss sports, indoor
png/1F93E-1F3FB.png	person playing handball: light skin tone	Menschen & Gesten	 person playing handball: light skin tone  
png/1F93E-1F3FC.png	person playing handball: medium-light skin tone	Menschen & Gesten	 person playing handball: medium-light skin tone  
png/1F93E-1F3FD.png	person playing handball: medium skin tone	Menschen & Gesten	 person playing handball: medium skin tone  
png/1F93E-1F3FE.png	person playing handball: medium-dark skin tone	Menschen & Gesten	 person playing handball: medium-dark skin tone  
png/1F93E-1F3FF.png	person playing handball: dark skin tone	Menschen & Gesten	 person playing handball: dark skin tone  
png/1F93E-200D-2642-FE0F.png	Handballspieler	Menschen & Gesten	Handball Handballspieler Mann Sport man playing handball athletics, ball, catch, chuck, handball, hurl, lob, man, pitch, playing, sport, throw, toss 
png/1F93E-1F3FB-200D-2642-FE0F.png	man playing handball: light skin tone	Menschen & Gesten	 man playing handball: light skin tone  
png/1F93E-1F3FC-200D-2642-FE0F.png	man playing handball: medium-light skin tone	Menschen & Gesten	 man playing handball: medium-light skin tone  
png/1F93E-1F3FD-200D-2642-FE0F.png	man playing handball: medium skin tone	Menschen & Gesten	 man playing handball: medium skin tone  
png/1F93E-1F3FE-200D-2642-FE0F.png	man playing handball: medium-dark skin tone	Menschen & Gesten	 man playing handball: medium-dark skin tone  
png/1F93E-1F3FF-200D-2642-FE0F.png	man playing handball: dark skin tone	Menschen & Gesten	 man playing handball: dark skin tone  
png/1F93E-200D-2640-FE0F.png	Handballspielerin	Menschen & Gesten	Frau Handball Handballerin Handballspielerin Person schleudern Sport Sportlerin werfen woman playing handball athletics, ball, catch, chuck, handball, hurl, lob, pitch, playing, sport, throw, toss, woman 
png/1F93E-1F3FB-200D-2640-FE0F.png	woman playing handball: light skin tone	Menschen & Gesten	 woman playing handball: light skin tone  
png/1F93E-1F3FC-200D-2640-FE0F.png	woman playing handball: medium-light skin tone	Menschen & Gesten	 woman playing handball: medium-light skin tone  
png/1F93E-1F3FD-200D-2640-FE0F.png	woman playing handball: medium skin tone	Menschen & Gesten	 woman playing handball: medium skin tone  
png/1F93E-1F3FE-200D-2640-FE0F.png	woman playing handball: medium-dark skin tone	Menschen & Gesten	 woman playing handball: medium-dark skin tone  
png/1F93E-1F3FF-200D-2640-FE0F.png	woman playing handball: dark skin tone	Menschen & Gesten	 woman playing handball: dark skin tone  
png/1F939.png	Jongleur(in)	Menschen & Gesten	Artist Artistin geschickt Jongleur Jongleur(in) Jongleurin Jongleuse jonglieren Multitasking Person Zirkus person juggling act, balance, balancing, handle, juggle, juggling, manage, multitask, person, skill artist
png/1F939-1F3FB.png	person juggling: light skin tone	Menschen & Gesten	 person juggling: light skin tone  
png/1F939-1F3FC.png	person juggling: medium-light skin tone	Menschen & Gesten	 person juggling: medium-light skin tone  
png/1F939-1F3FD.png	person juggling: medium skin tone	Menschen & Gesten	 person juggling: medium skin tone  
png/1F939-1F3FE.png	person juggling: medium-dark skin tone	Menschen & Gesten	 person juggling: medium-dark skin tone  
png/1F939-1F3FF.png	person juggling: dark skin tone	Menschen & Gesten	 person juggling: dark skin tone  
png/1F939-200D-2642-FE0F.png	Jongleur	Menschen & Gesten	Artist Entertainer geschickt Jongleur jonglieren Jonglieren Mann Multitasking Person Unterhalter Zirkus man juggling act, balance, balancing, handle, juggle, juggling, man, manage, multitask, skill 
png/1F939-1F3FB-200D-2642-FE0F.png	man juggling: light skin tone	Menschen & Gesten	 man juggling: light skin tone  
png/1F939-1F3FC-200D-2642-FE0F.png	man juggling: medium-light skin tone	Menschen & Gesten	 man juggling: medium-light skin tone  
png/1F939-1F3FD-200D-2642-FE0F.png	man juggling: medium skin tone	Menschen & Gesten	 man juggling: medium skin tone  
png/1F939-1F3FE-200D-2642-FE0F.png	man juggling: medium-dark skin tone	Menschen & Gesten	 man juggling: medium-dark skin tone  
png/1F939-1F3FF-200D-2642-FE0F.png	man juggling: dark skin tone	Menschen & Gesten	 man juggling: dark skin tone  
png/1F939-200D-2640-FE0F.png	Jongleurin	Menschen & Gesten	Frau geschickt Jongleurin jonglieren Jonglieren multitasking Multitasking woman juggling act, balance, balancing, handle, juggle, juggling, manage, multitask, skill, woman 
png/1F939-1F3FB-200D-2640-FE0F.png	woman juggling: light skin tone	Menschen & Gesten	 woman juggling: light skin tone  
png/1F939-1F3FC-200D-2640-FE0F.png	woman juggling: medium-light skin tone	Menschen & Gesten	 woman juggling: medium-light skin tone  
png/1F939-1F3FD-200D-2640-FE0F.png	woman juggling: medium skin tone	Menschen & Gesten	 woman juggling: medium skin tone  
png/1F939-1F3FE-200D-2640-FE0F.png	woman juggling: medium-dark skin tone	Menschen & Gesten	 woman juggling: medium-dark skin tone  
png/1F939-1F3FF-200D-2640-FE0F.png	woman juggling: dark skin tone	Menschen & Gesten	 woman juggling: dark skin tone  
png/1F9D8.png	Person im Lotossitz	Menschen & Gesten	burmesischer Sitz Frau Lotussitz Meditation Person Person im Lotossitz Person in Lotussitz Schneidersitz Yoga Zen person in lotus position cross, legged, legs, lotus, meditation, peace, person, position, relax, serenity, yoga, yogi, zen human, person, exercise
png/1F9D8-1F3FB.png	person in lotus position: light skin tone	Menschen & Gesten	 person in lotus position: light skin tone  
png/1F9D8-1F3FC.png	person in lotus position: medium-light skin tone	Menschen & Gesten	 person in lotus position: medium-light skin tone  
png/1F9D8-1F3FD.png	person in lotus position: medium skin tone	Menschen & Gesten	 person in lotus position: medium skin tone  
png/1F9D8-1F3FE.png	person in lotus position: medium-dark skin tone	Menschen & Gesten	 person in lotus position: medium-dark skin tone  
png/1F9D8-1F3FF.png	person in lotus position: dark skin tone	Menschen & Gesten	 person in lotus position: dark skin tone  
png/1F9D8-200D-2642-FE0F.png	Mann im Lotossitz	Menschen & Gesten	Mann im Lotossitz Meditation Yoga man in lotus position cross, legged, legs, lotus, man, meditation, peace, position, relax, serenity, yoga, yogi, zen 
png/1F9D8-1F3FB-200D-2642-FE0F.png	man in lotus position: light skin tone	Menschen & Gesten	 man in lotus position: light skin tone  
png/1F9D8-1F3FC-200D-2642-FE0F.png	man in lotus position: medium-light skin tone	Menschen & Gesten	 man in lotus position: medium-light skin tone  
png/1F9D8-1F3FD-200D-2642-FE0F.png	man in lotus position: medium skin tone	Menschen & Gesten	 man in lotus position: medium skin tone  
png/1F9D8-1F3FE-200D-2642-FE0F.png	man in lotus position: medium-dark skin tone	Menschen & Gesten	 man in lotus position: medium-dark skin tone  
png/1F9D8-1F3FF-200D-2642-FE0F.png	man in lotus position: dark skin tone	Menschen & Gesten	 man in lotus position: dark skin tone  
png/1F9D8-200D-2640-FE0F.png	Frau im Lotossitz	Menschen & Gesten	Frau im Lotossitz Meditation Yoga woman in lotus position cross, legged, legs, lotus, meditation, peace, position, relax, serenity, woman, yoga, yogi, zen 
png/1F9D8-1F3FB-200D-2640-FE0F.png	woman in lotus position: light skin tone	Menschen & Gesten	 woman in lotus position: light skin tone  
png/1F9D8-1F3FC-200D-2640-FE0F.png	woman in lotus position: medium-light skin tone	Menschen & Gesten	 woman in lotus position: medium-light skin tone  
png/1F9D8-1F3FD-200D-2640-FE0F.png	woman in lotus position: medium skin tone	Menschen & Gesten	 woman in lotus position: medium skin tone  
png/1F9D8-1F3FE-200D-2640-FE0F.png	woman in lotus position: medium-dark skin tone	Menschen & Gesten	 woman in lotus position: medium-dark skin tone  
png/1F9D8-1F3FF-200D-2640-FE0F.png	woman in lotus position: dark skin tone	Menschen & Gesten	 woman in lotus position: dark skin tone  
png/1F6C0.png	badende Person	Menschen & Gesten	Bad baden badende Person Badewanne Badezimmer Dusche entspannen person taking bath bath, bathtub, person, taking, tub 
png/1F6C0-1F3FB.png	person taking bath: light skin tone	Menschen & Gesten	 person taking bath: light skin tone  
png/1F6C0-1F3FC.png	person taking bath: medium-light skin tone	Menschen & Gesten	 person taking bath: medium-light skin tone  
png/1F6C0-1F3FD.png	person taking bath: medium skin tone	Menschen & Gesten	 person taking bath: medium skin tone  
png/1F6C0-1F3FE.png	person taking bath: medium-dark skin tone	Menschen & Gesten	 person taking bath: medium-dark skin tone  
png/1F6C0-1F3FF.png	person taking bath: dark skin tone	Menschen & Gesten	 person taking bath: dark skin tone  
png/1F6CC.png	im Bett liegende Person	Menschen & Gesten	Bett gute Nacht Heia im Bett liegende Person Im Bett liegende Person müde Nachtruhe schlaf schön schlafen zzz person in bed bed, bedtime, good, goodnight, hotel, nap, night, person, sleep, tired, zzz human, person
png/1F6CC-1F3FB.png	person in bed: light skin tone	Menschen & Gesten	 person in bed: light skin tone  
png/1F6CC-1F3FC.png	person in bed: medium-light skin tone	Menschen & Gesten	 person in bed: medium-light skin tone  
png/1F6CC-1F3FD.png	person in bed: medium skin tone	Menschen & Gesten	 person in bed: medium skin tone  
png/1F6CC-1F3FE.png	person in bed: medium-dark skin tone	Menschen & Gesten	 person in bed: medium-dark skin tone  
png/1F6CC-1F3FF.png	person in bed: dark skin tone	Menschen & Gesten	 person in bed: dark skin tone  
png/1F9D1-200D-1F91D-200D-1F9D1.png	sich an den Händen haltende Personen	Menschen & Gesten	Händchen halten Hände Hände halten Menschen Paar Pärchen Personen sich an den Händen haltende Personen people holding hands bae, bestie, bff, couple, dating, flirt, friends, hand, hold, people, twins 
png/1F9D1-1F3FB-200D-1F91D-200D-1F9D1-1F3FB.png	people holding hands: light skin tone	Menschen & Gesten	 people holding hands: light skin tone  
png/1F9D1-1F3FB-200D-1F91D-200D-1F9D1-1F3FC.png	people holding hands: light skin tone, medium-light skin tone	Menschen & Gesten	 people holding hands: light skin tone, medium-light skin tone  
png/1F9D1-1F3FB-200D-1F91D-200D-1F9D1-1F3FD.png	people holding hands: light skin tone, medium skin tone	Menschen & Gesten	 people holding hands: light skin tone, medium skin tone  
png/1F9D1-1F3FB-200D-1F91D-200D-1F9D1-1F3FE.png	people holding hands: light skin tone, medium-dark skin tone	Menschen & Gesten	 people holding hands: light skin tone, medium-dark skin tone  
png/1F9D1-1F3FB-200D-1F91D-200D-1F9D1-1F3FF.png	people holding hands: light skin tone, dark skin tone	Menschen & Gesten	 people holding hands: light skin tone, dark skin tone  
png/1F9D1-1F3FC-200D-1F91D-200D-1F9D1-1F3FB.png	people holding hands: medium-light skin tone, light skin tone	Menschen & Gesten	 people holding hands: medium-light skin tone, light skin tone  
png/1F9D1-1F3FC-200D-1F91D-200D-1F9D1-1F3FC.png	people holding hands: medium-light skin tone	Menschen & Gesten	 people holding hands: medium-light skin tone  
png/1F9D1-1F3FC-200D-1F91D-200D-1F9D1-1F3FD.png	people holding hands: medium-light skin tone, medium skin tone	Menschen & Gesten	 people holding hands: medium-light skin tone, medium skin tone  
png/1F9D1-1F3FC-200D-1F91D-200D-1F9D1-1F3FE.png	people holding hands: medium-light skin tone, medium-dark skin tone	Menschen & Gesten	 people holding hands: medium-light skin tone, medium-dark skin tone  
png/1F9D1-1F3FC-200D-1F91D-200D-1F9D1-1F3FF.png	people holding hands: medium-light skin tone, dark skin tone	Menschen & Gesten	 people holding hands: medium-light skin tone, dark skin tone  
png/1F9D1-1F3FD-200D-1F91D-200D-1F9D1-1F3FB.png	people holding hands: medium skin tone, light skin tone	Menschen & Gesten	 people holding hands: medium skin tone, light skin tone  
png/1F9D1-1F3FD-200D-1F91D-200D-1F9D1-1F3FC.png	people holding hands: medium skin tone, medium-light skin tone	Menschen & Gesten	 people holding hands: medium skin tone, medium-light skin tone  
png/1F9D1-1F3FD-200D-1F91D-200D-1F9D1-1F3FD.png	people holding hands: medium skin tone	Menschen & Gesten	 people holding hands: medium skin tone  
png/1F9D1-1F3FD-200D-1F91D-200D-1F9D1-1F3FE.png	people holding hands: medium skin tone, medium-dark skin tone	Menschen & Gesten	 people holding hands: medium skin tone, medium-dark skin tone  
png/1F9D1-1F3FD-200D-1F91D-200D-1F9D1-1F3FF.png	people holding hands: medium skin tone, dark skin tone	Menschen & Gesten	 people holding hands: medium skin tone, dark skin tone  
png/1F9D1-1F3FE-200D-1F91D-200D-1F9D1-1F3FB.png	people holding hands: medium-dark skin tone, light skin tone	Menschen & Gesten	 people holding hands: medium-dark skin tone, light skin tone  
png/1F9D1-1F3FE-200D-1F91D-200D-1F9D1-1F3FC.png	people holding hands: medium-dark skin tone, medium-light skin tone	Menschen & Gesten	 people holding hands: medium-dark skin tone, medium-light skin tone  
png/1F9D1-1F3FE-200D-1F91D-200D-1F9D1-1F3FD.png	people holding hands: medium-dark skin tone, medium skin tone	Menschen & Gesten	 people holding hands: medium-dark skin tone, medium skin tone  
png/1F9D1-1F3FE-200D-1F91D-200D-1F9D1-1F3FE.png	people holding hands: medium-dark skin tone	Menschen & Gesten	 people holding hands: medium-dark skin tone  
png/1F9D1-1F3FE-200D-1F91D-200D-1F9D1-1F3FF.png	people holding hands: medium-dark skin tone, dark skin tone	Menschen & Gesten	 people holding hands: medium-dark skin tone, dark skin tone  
png/1F9D1-1F3FF-200D-1F91D-200D-1F9D1-1F3FB.png	people holding hands: dark skin tone, light skin tone	Menschen & Gesten	 people holding hands: dark skin tone, light skin tone  
png/1F9D1-1F3FF-200D-1F91D-200D-1F9D1-1F3FC.png	people holding hands: dark skin tone, medium-light skin tone	Menschen & Gesten	 people holding hands: dark skin tone, medium-light skin tone  
png/1F9D1-1F3FF-200D-1F91D-200D-1F9D1-1F3FD.png	people holding hands: dark skin tone, medium skin tone	Menschen & Gesten	 people holding hands: dark skin tone, medium skin tone  
png/1F9D1-1F3FF-200D-1F91D-200D-1F9D1-1F3FE.png	people holding hands: dark skin tone, medium-dark skin tone	Menschen & Gesten	 people holding hands: dark skin tone, medium-dark skin tone  
png/1F9D1-1F3FF-200D-1F91D-200D-1F9D1-1F3FF.png	people holding hands: dark skin tone	Menschen & Gesten	 people holding hands: dark skin tone  
png/1F46D.png	Händchen haltende Frauen	Menschen & Gesten	Frauen Händchen halten Händchen haltende Frauen Paar Pärchen aus Frau und Frau women holding hands bae, bestie, bff, couple, dating, flirt, friends, girls, hand, hold, sisters, twins, women together, girlfriend, lesbian, homosexual
png/1F46D-1F3FB.png	women holding hands: light skin tone	Menschen & Gesten	 women holding hands: light skin tone  
png/1F469-1F3FB-200D-1F91D-200D-1F469-1F3FC.png	women holding hands: light skin tone, medium-light skin tone	Menschen & Gesten	 women holding hands: light skin tone, medium-light skin tone  
png/1F469-1F3FB-200D-1F91D-200D-1F469-1F3FD.png	women holding hands: light skin tone, medium skin tone	Menschen & Gesten	 women holding hands: light skin tone, medium skin tone  
png/1F469-1F3FB-200D-1F91D-200D-1F469-1F3FE.png	women holding hands: light skin tone, medium-dark skin tone	Menschen & Gesten	 women holding hands: light skin tone, medium-dark skin tone  
png/1F469-1F3FB-200D-1F91D-200D-1F469-1F3FF.png	women holding hands: light skin tone, dark skin tone	Menschen & Gesten	 women holding hands: light skin tone, dark skin tone  
png/1F469-1F3FC-200D-1F91D-200D-1F469-1F3FB.png	women holding hands: medium-light skin tone, light skin tone	Menschen & Gesten	 women holding hands: medium-light skin tone, light skin tone  
png/1F46D-1F3FC.png	women holding hands: medium-light skin tone	Menschen & Gesten	 women holding hands: medium-light skin tone  
png/1F469-1F3FC-200D-1F91D-200D-1F469-1F3FD.png	women holding hands: medium-light skin tone, medium skin tone	Menschen & Gesten	 women holding hands: medium-light skin tone, medium skin tone  
png/1F469-1F3FC-200D-1F91D-200D-1F469-1F3FE.png	women holding hands: medium-light skin tone, medium-dark skin tone	Menschen & Gesten	 women holding hands: medium-light skin tone, medium-dark skin tone  
png/1F469-1F3FC-200D-1F91D-200D-1F469-1F3FF.png	women holding hands: medium-light skin tone, dark skin tone	Menschen & Gesten	 women holding hands: medium-light skin tone, dark skin tone  
png/1F469-1F3FD-200D-1F91D-200D-1F469-1F3FB.png	women holding hands: medium skin tone, light skin tone	Menschen & Gesten	 women holding hands: medium skin tone, light skin tone  
png/1F469-1F3FD-200D-1F91D-200D-1F469-1F3FC.png	women holding hands: medium skin tone, medium-light skin tone	Menschen & Gesten	 women holding hands: medium skin tone, medium-light skin tone  
png/1F46D-1F3FD.png	women holding hands: medium skin tone	Menschen & Gesten	 women holding hands: medium skin tone  
png/1F469-1F3FD-200D-1F91D-200D-1F469-1F3FE.png	women holding hands: medium skin tone, medium-dark skin tone	Menschen & Gesten	 women holding hands: medium skin tone, medium-dark skin tone  
png/1F469-1F3FD-200D-1F91D-200D-1F469-1F3FF.png	women holding hands: medium skin tone, dark skin tone	Menschen & Gesten	 women holding hands: medium skin tone, dark skin tone  
png/1F469-1F3FE-200D-1F91D-200D-1F469-1F3FB.png	women holding hands: medium-dark skin tone, light skin tone	Menschen & Gesten	 women holding hands: medium-dark skin tone, light skin tone  
png/1F469-1F3FE-200D-1F91D-200D-1F469-1F3FC.png	women holding hands: medium-dark skin tone, medium-light skin tone	Menschen & Gesten	 women holding hands: medium-dark skin tone, medium-light skin tone  
png/1F469-1F3FE-200D-1F91D-200D-1F469-1F3FD.png	women holding hands: medium-dark skin tone, medium skin tone	Menschen & Gesten	 women holding hands: medium-dark skin tone, medium skin tone  
png/1F46D-1F3FE.png	women holding hands: medium-dark skin tone	Menschen & Gesten	 women holding hands: medium-dark skin tone  
png/1F469-1F3FE-200D-1F91D-200D-1F469-1F3FF.png	women holding hands: medium-dark skin tone, dark skin tone	Menschen & Gesten	 women holding hands: medium-dark skin tone, dark skin tone  
png/1F469-1F3FF-200D-1F91D-200D-1F469-1F3FB.png	women holding hands: dark skin tone, light skin tone	Menschen & Gesten	 women holding hands: dark skin tone, light skin tone  
png/1F469-1F3FF-200D-1F91D-200D-1F469-1F3FC.png	women holding hands: dark skin tone, medium-light skin tone	Menschen & Gesten	 women holding hands: dark skin tone, medium-light skin tone  
png/1F469-1F3FF-200D-1F91D-200D-1F469-1F3FD.png	women holding hands: dark skin tone, medium skin tone	Menschen & Gesten	 women holding hands: dark skin tone, medium skin tone  
png/1F469-1F3FF-200D-1F91D-200D-1F469-1F3FE.png	women holding hands: dark skin tone, medium-dark skin tone	Menschen & Gesten	 women holding hands: dark skin tone, medium-dark skin tone  
png/1F46D-1F3FF.png	women holding hands: dark skin tone	Menschen & Gesten	 women holding hands: dark skin tone  
png/1F46B.png	Mann und Frau halten Hände	Menschen & Gesten	Frau Händchen halten Mann Mann und Frau halten Hände Paar Pärchen aus Frau und Mann woman and man holding hands bae, bestie, bff, couple, dating, flirt, friends, hand, hold, man, twins, woman together, heterosexual, straight
png/1F46B-1F3FB.png	woman and man holding hands: light skin tone	Menschen & Gesten	 woman and man holding hands: light skin tone  
png/1F469-1F3FB-200D-1F91D-200D-1F468-1F3FC.png	woman and man holding hands: light skin tone, medium-light skin tone	Menschen & Gesten	 woman and man holding hands: light skin tone, medium-light skin tone  
png/1F469-1F3FB-200D-1F91D-200D-1F468-1F3FD.png	woman and man holding hands: light skin tone, medium skin tone	Menschen & Gesten	 woman and man holding hands: light skin tone, medium skin tone  
png/1F469-1F3FB-200D-1F91D-200D-1F468-1F3FE.png	woman and man holding hands: light skin tone, medium-dark skin tone	Menschen & Gesten	 woman and man holding hands: light skin tone, medium-dark skin tone  
png/1F469-1F3FB-200D-1F91D-200D-1F468-1F3FF.png	woman and man holding hands: light skin tone, dark skin tone	Menschen & Gesten	 woman and man holding hands: light skin tone, dark skin tone  
png/1F469-1F3FC-200D-1F91D-200D-1F468-1F3FB.png	woman and man holding hands: medium-light skin tone, light skin tone	Menschen & Gesten	 woman and man holding hands: medium-light skin tone, light skin tone  
png/1F46B-1F3FC.png	woman and man holding hands: medium-light skin tone	Menschen & Gesten	 woman and man holding hands: medium-light skin tone  
png/1F469-1F3FC-200D-1F91D-200D-1F468-1F3FD.png	woman and man holding hands: medium-light skin tone, medium skin tone	Menschen & Gesten	 woman and man holding hands: medium-light skin tone, medium skin tone  
png/1F469-1F3FC-200D-1F91D-200D-1F468-1F3FE.png	woman and man holding hands: medium-light skin tone, medium-dark skin tone	Menschen & Gesten	 woman and man holding hands: medium-light skin tone, medium-dark skin tone  
png/1F469-1F3FC-200D-1F91D-200D-1F468-1F3FF.png	woman and man holding hands: medium-light skin tone, dark skin tone	Menschen & Gesten	 woman and man holding hands: medium-light skin tone, dark skin tone  
png/1F469-1F3FD-200D-1F91D-200D-1F468-1F3FB.png	woman and man holding hands: medium skin tone, light skin tone	Menschen & Gesten	 woman and man holding hands: medium skin tone, light skin tone  
png/1F469-1F3FD-200D-1F91D-200D-1F468-1F3FC.png	woman and man holding hands: medium skin tone, medium-light skin tone	Menschen & Gesten	 woman and man holding hands: medium skin tone, medium-light skin tone  
png/1F46B-1F3FD.png	woman and man holding hands: medium skin tone	Menschen & Gesten	 woman and man holding hands: medium skin tone  
png/1F469-1F3FD-200D-1F91D-200D-1F468-1F3FE.png	woman and man holding hands: medium skin tone, medium-dark skin tone	Menschen & Gesten	 woman and man holding hands: medium skin tone, medium-dark skin tone  
png/1F469-1F3FD-200D-1F91D-200D-1F468-1F3FF.png	woman and man holding hands: medium skin tone, dark skin tone	Menschen & Gesten	 woman and man holding hands: medium skin tone, dark skin tone  
png/1F469-1F3FE-200D-1F91D-200D-1F468-1F3FB.png	woman and man holding hands: medium-dark skin tone, light skin tone	Menschen & Gesten	 woman and man holding hands: medium-dark skin tone, light skin tone  
png/1F469-1F3FE-200D-1F91D-200D-1F468-1F3FC.png	woman and man holding hands: medium-dark skin tone, medium-light skin tone	Menschen & Gesten	 woman and man holding hands: medium-dark skin tone, medium-light skin tone  
png/1F469-1F3FE-200D-1F91D-200D-1F468-1F3FD.png	woman and man holding hands: medium-dark skin tone, medium skin tone	Menschen & Gesten	 woman and man holding hands: medium-dark skin tone, medium skin tone  
png/1F46B-1F3FE.png	woman and man holding hands: medium-dark skin tone	Menschen & Gesten	 woman and man holding hands: medium-dark skin tone  
png/1F469-1F3FE-200D-1F91D-200D-1F468-1F3FF.png	woman and man holding hands: medium-dark skin tone, dark skin tone	Menschen & Gesten	 woman and man holding hands: medium-dark skin tone, dark skin tone  
png/1F469-1F3FF-200D-1F91D-200D-1F468-1F3FB.png	woman and man holding hands: dark skin tone, light skin tone	Menschen & Gesten	 woman and man holding hands: dark skin tone, light skin tone  
png/1F469-1F3FF-200D-1F91D-200D-1F468-1F3FC.png	woman and man holding hands: dark skin tone, medium-light skin tone	Menschen & Gesten	 woman and man holding hands: dark skin tone, medium-light skin tone  
png/1F469-1F3FF-200D-1F91D-200D-1F468-1F3FD.png	woman and man holding hands: dark skin tone, medium skin tone	Menschen & Gesten	 woman and man holding hands: dark skin tone, medium skin tone  
png/1F469-1F3FF-200D-1F91D-200D-1F468-1F3FE.png	woman and man holding hands: dark skin tone, medium-dark skin tone	Menschen & Gesten	 woman and man holding hands: dark skin tone, medium-dark skin tone  
png/1F46B-1F3FF.png	woman and man holding hands: dark skin tone	Menschen & Gesten	 woman and man holding hands: dark skin tone  
png/1F46C.png	Händchen haltende Männer	Menschen & Gesten	Händchen halten Händchen haltende Männer Männer Paar Pärchen aus Mann und Mann Zwillinge men holding hands bae, bestie, bff, boys, brothers, couple, dating, flirt, friends, hand, hold, men, twins together, gay, homosexual
png/1F46C-1F3FB.png	men holding hands: light skin tone	Menschen & Gesten	 men holding hands: light skin tone  
png/1F468-1F3FB-200D-1F91D-200D-1F468-1F3FC.png	men holding hands: light skin tone, medium-light skin tone	Menschen & Gesten	 men holding hands: light skin tone, medium-light skin tone  
png/1F468-1F3FB-200D-1F91D-200D-1F468-1F3FD.png	men holding hands: light skin tone, medium skin tone	Menschen & Gesten	 men holding hands: light skin tone, medium skin tone  
png/1F468-1F3FB-200D-1F91D-200D-1F468-1F3FE.png	men holding hands: light skin tone, medium-dark skin tone	Menschen & Gesten	 men holding hands: light skin tone, medium-dark skin tone  
png/1F468-1F3FB-200D-1F91D-200D-1F468-1F3FF.png	men holding hands: light skin tone, dark skin tone	Menschen & Gesten	 men holding hands: light skin tone, dark skin tone  
png/1F468-1F3FC-200D-1F91D-200D-1F468-1F3FB.png	men holding hands: medium-light skin tone, light skin tone	Menschen & Gesten	 men holding hands: medium-light skin tone, light skin tone  
png/1F46C-1F3FC.png	men holding hands: medium-light skin tone	Menschen & Gesten	 men holding hands: medium-light skin tone  
png/1F468-1F3FC-200D-1F91D-200D-1F468-1F3FD.png	men holding hands: medium-light skin tone, medium skin tone	Menschen & Gesten	 men holding hands: medium-light skin tone, medium skin tone  
png/1F468-1F3FC-200D-1F91D-200D-1F468-1F3FE.png	men holding hands: medium-light skin tone, medium-dark skin tone	Menschen & Gesten	 men holding hands: medium-light skin tone, medium-dark skin tone  
png/1F468-1F3FC-200D-1F91D-200D-1F468-1F3FF.png	men holding hands: medium-light skin tone, dark skin tone	Menschen & Gesten	 men holding hands: medium-light skin tone, dark skin tone  
png/1F468-1F3FD-200D-1F91D-200D-1F468-1F3FB.png	men holding hands: medium skin tone, light skin tone	Menschen & Gesten	 men holding hands: medium skin tone, light skin tone  
png/1F468-1F3FD-200D-1F91D-200D-1F468-1F3FC.png	men holding hands: medium skin tone, medium-light skin tone	Menschen & Gesten	 men holding hands: medium skin tone, medium-light skin tone  
png/1F46C-1F3FD.png	men holding hands: medium skin tone	Menschen & Gesten	 men holding hands: medium skin tone  
png/1F468-1F3FD-200D-1F91D-200D-1F468-1F3FE.png	men holding hands: medium skin tone, medium-dark skin tone	Menschen & Gesten	 men holding hands: medium skin tone, medium-dark skin tone  
png/1F468-1F3FD-200D-1F91D-200D-1F468-1F3FF.png	men holding hands: medium skin tone, dark skin tone	Menschen & Gesten	 men holding hands: medium skin tone, dark skin tone  
png/1F468-1F3FE-200D-1F91D-200D-1F468-1F3FB.png	men holding hands: medium-dark skin tone, light skin tone	Menschen & Gesten	 men holding hands: medium-dark skin tone, light skin tone  
png/1F468-1F3FE-200D-1F91D-200D-1F468-1F3FC.png	men holding hands: medium-dark skin tone, medium-light skin tone	Menschen & Gesten	 men holding hands: medium-dark skin tone, medium-light skin tone  
png/1F468-1F3FE-200D-1F91D-200D-1F468-1F3FD.png	men holding hands: medium-dark skin tone, medium skin tone	Menschen & Gesten	 men holding hands: medium-dark skin tone, medium skin tone  
png/1F46C-1F3FE.png	men holding hands: medium-dark skin tone	Menschen & Gesten	 men holding hands: medium-dark skin tone  
png/1F468-1F3FE-200D-1F91D-200D-1F468-1F3FF.png	men holding hands: medium-dark skin tone, dark skin tone	Menschen & Gesten	 men holding hands: medium-dark skin tone, dark skin tone  
png/1F468-1F3FF-200D-1F91D-200D-1F468-1F3FB.png	men holding hands: dark skin tone, light skin tone	Menschen & Gesten	 men holding hands: dark skin tone, light skin tone  
png/1F468-1F3FF-200D-1F91D-200D-1F468-1F3FC.png	men holding hands: dark skin tone, medium-light skin tone	Menschen & Gesten	 men holding hands: dark skin tone, medium-light skin tone  
png/1F468-1F3FF-200D-1F91D-200D-1F468-1F3FD.png	men holding hands: dark skin tone, medium skin tone	Menschen & Gesten	 men holding hands: dark skin tone, medium skin tone  
png/1F468-1F3FF-200D-1F91D-200D-1F468-1F3FE.png	men holding hands: dark skin tone, medium-dark skin tone	Menschen & Gesten	 men holding hands: dark skin tone, medium-dark skin tone  
png/1F46C-1F3FF.png	men holding hands: dark skin tone	Menschen & Gesten	 men holding hands: dark skin tone  
png/1F48F.png	sich küssendes Paar	Menschen & Gesten	Frau Herz Kuss küssen Küssendes Paar Mann sich küssendes Paar kiss anniversary, babe, bae, couple, date, dating, heart, love, mwah, person, romance, together, xoxo man, woman, face, kiss, boy, girl
png/1F48F-1F3FB.png	kiss: light skin tone	Menschen & Gesten	 kiss: light skin tone  
png/1F48F-1F3FC.png	kiss: medium-light skin tone	Menschen & Gesten	 kiss: medium-light skin tone  
png/1F48F-1F3FD.png	kiss: medium skin tone	Menschen & Gesten	 kiss: medium skin tone  
png/1F48F-1F3FE.png	kiss: medium-dark skin tone	Menschen & Gesten	 kiss: medium-dark skin tone  
png/1F48F-1F3FF.png	kiss: dark skin tone	Menschen & Gesten	 kiss: dark skin tone  
png/1F9D1-1F3FB-200D-2764-FE0F-200D-1F48B-200D-1F9D1-1F3FC.png	kiss: person, person, light skin tone, medium-light skin tone	Menschen & Gesten	 kiss: person, person, light skin tone, medium-light skin tone  
png/1F9D1-1F3FB-200D-2764-FE0F-200D-1F48B-200D-1F9D1-1F3FD.png	kiss: person, person, light skin tone, medium skin tone	Menschen & Gesten	 kiss: person, person, light skin tone, medium skin tone  
png/1F9D1-1F3FB-200D-2764-FE0F-200D-1F48B-200D-1F9D1-1F3FE.png	kiss: person, person, light skin tone, medium-dark skin tone	Menschen & Gesten	 kiss: person, person, light skin tone, medium-dark skin tone  
png/1F9D1-1F3FB-200D-2764-FE0F-200D-1F48B-200D-1F9D1-1F3FF.png	kiss: person, person, light skin tone, dark skin tone	Menschen & Gesten	 kiss: person, person, light skin tone, dark skin tone  
png/1F9D1-1F3FC-200D-2764-FE0F-200D-1F48B-200D-1F9D1-1F3FB.png	kiss: person, person, medium-light skin tone, light skin tone	Menschen & Gesten	 kiss: person, person, medium-light skin tone, light skin tone  
png/1F9D1-1F3FC-200D-2764-FE0F-200D-1F48B-200D-1F9D1-1F3FD.png	kiss: person, person, medium-light skin tone, medium skin tone	Menschen & Gesten	 kiss: person, person, medium-light skin tone, medium skin tone  
png/1F9D1-1F3FC-200D-2764-FE0F-200D-1F48B-200D-1F9D1-1F3FE.png	kiss: person, person, medium-light skin tone, medium-dark skin tone	Menschen & Gesten	 kiss: person, person, medium-light skin tone, medium-dark skin tone  
png/1F9D1-1F3FC-200D-2764-FE0F-200D-1F48B-200D-1F9D1-1F3FF.png	kiss: person, person, medium-light skin tone, dark skin tone	Menschen & Gesten	 kiss: person, person, medium-light skin tone, dark skin tone  
png/1F9D1-1F3FD-200D-2764-FE0F-200D-1F48B-200D-1F9D1-1F3FB.png	kiss: person, person, medium skin tone, light skin tone	Menschen & Gesten	 kiss: person, person, medium skin tone, light skin tone  
png/1F9D1-1F3FD-200D-2764-FE0F-200D-1F48B-200D-1F9D1-1F3FC.png	kiss: person, person, medium skin tone, medium-light skin tone	Menschen & Gesten	 kiss: person, person, medium skin tone, medium-light skin tone  
png/1F9D1-1F3FD-200D-2764-FE0F-200D-1F48B-200D-1F9D1-1F3FE.png	kiss: person, person, medium skin tone, medium-dark skin tone	Menschen & Gesten	 kiss: person, person, medium skin tone, medium-dark skin tone  
png/1F9D1-1F3FD-200D-2764-FE0F-200D-1F48B-200D-1F9D1-1F3FF.png	kiss: person, person, medium skin tone, dark skin tone	Menschen & Gesten	 kiss: person, person, medium skin tone, dark skin tone  
png/1F9D1-1F3FE-200D-2764-FE0F-200D-1F48B-200D-1F9D1-1F3FB.png	kiss: person, person, medium-dark skin tone, light skin tone	Menschen & Gesten	 kiss: person, person, medium-dark skin tone, light skin tone  
png/1F9D1-1F3FE-200D-2764-FE0F-200D-1F48B-200D-1F9D1-1F3FC.png	kiss: person, person, medium-dark skin tone, medium-light skin tone	Menschen & Gesten	 kiss: person, person, medium-dark skin tone, medium-light skin tone  
png/1F9D1-1F3FE-200D-2764-FE0F-200D-1F48B-200D-1F9D1-1F3FD.png	kiss: person, person, medium-dark skin tone, medium skin tone	Menschen & Gesten	 kiss: person, person, medium-dark skin tone, medium skin tone  
png/1F9D1-1F3FE-200D-2764-FE0F-200D-1F48B-200D-1F9D1-1F3FF.png	kiss: person, person, medium-dark skin tone, dark skin tone	Menschen & Gesten	 kiss: person, person, medium-dark skin tone, dark skin tone  
png/1F9D1-1F3FF-200D-2764-FE0F-200D-1F48B-200D-1F9D1-1F3FB.png	kiss: person, person, dark skin tone, light skin tone	Menschen & Gesten	 kiss: person, person, dark skin tone, light skin tone  
png/1F9D1-1F3FF-200D-2764-FE0F-200D-1F48B-200D-1F9D1-1F3FC.png	kiss: person, person, dark skin tone, medium-light skin tone	Menschen & Gesten	 kiss: person, person, dark skin tone, medium-light skin tone  
png/1F9D1-1F3FF-200D-2764-FE0F-200D-1F48B-200D-1F9D1-1F3FD.png	kiss: person, person, dark skin tone, medium skin tone	Menschen & Gesten	 kiss: person, person, dark skin tone, medium skin tone  
png/1F9D1-1F3FF-200D-2764-FE0F-200D-1F48B-200D-1F9D1-1F3FE.png	kiss: person, person, dark skin tone, medium-dark skin tone	Menschen & Gesten	 kiss: person, person, dark skin tone, medium-dark skin tone  
png/1F469-200D-2764-FE0F-200D-1F48B-200D-1F468.png	kiss: woman, man	Menschen & Gesten	 kiss: woman, man anniversary, babe, bae, couple, date, dating, heart, kiss, love, man, mwah, person, romance, together, woman, xoxo 
png/1F469-1F3FB-200D-2764-FE0F-200D-1F48B-200D-1F468-1F3FB.png	kiss: woman, man, light skin tone	Menschen & Gesten	 kiss: woman, man, light skin tone  
png/1F469-1F3FB-200D-2764-FE0F-200D-1F48B-200D-1F468-1F3FC.png	kiss: woman, man, light skin tone, medium-light skin tone	Menschen & Gesten	 kiss: woman, man, light skin tone, medium-light skin tone  
png/1F469-1F3FB-200D-2764-FE0F-200D-1F48B-200D-1F468-1F3FD.png	kiss: woman, man, light skin tone, medium skin tone	Menschen & Gesten	 kiss: woman, man, light skin tone, medium skin tone  
png/1F469-1F3FB-200D-2764-FE0F-200D-1F48B-200D-1F468-1F3FE.png	kiss: woman, man, light skin tone, medium-dark skin tone	Menschen & Gesten	 kiss: woman, man, light skin tone, medium-dark skin tone  
png/1F469-1F3FB-200D-2764-FE0F-200D-1F48B-200D-1F468-1F3FF.png	kiss: woman, man, light skin tone, dark skin tone	Menschen & Gesten	 kiss: woman, man, light skin tone, dark skin tone  
png/1F469-1F3FC-200D-2764-FE0F-200D-1F48B-200D-1F468-1F3FB.png	kiss: woman, man, medium-light skin tone, light skin tone	Menschen & Gesten	 kiss: woman, man, medium-light skin tone, light skin tone  
png/1F469-1F3FC-200D-2764-FE0F-200D-1F48B-200D-1F468-1F3FC.png	kiss: woman, man, medium-light skin tone	Menschen & Gesten	 kiss: woman, man, medium-light skin tone  
png/1F469-1F3FC-200D-2764-FE0F-200D-1F48B-200D-1F468-1F3FD.png	kiss: woman, man, medium-light skin tone, medium skin tone	Menschen & Gesten	 kiss: woman, man, medium-light skin tone, medium skin tone  
png/1F469-1F3FC-200D-2764-FE0F-200D-1F48B-200D-1F468-1F3FE.png	kiss: woman, man, medium-light skin tone, medium-dark skin tone	Menschen & Gesten	 kiss: woman, man, medium-light skin tone, medium-dark skin tone  
png/1F469-1F3FC-200D-2764-FE0F-200D-1F48B-200D-1F468-1F3FF.png	kiss: woman, man, medium-light skin tone, dark skin tone	Menschen & Gesten	 kiss: woman, man, medium-light skin tone, dark skin tone  
png/1F469-1F3FD-200D-2764-FE0F-200D-1F48B-200D-1F468-1F3FB.png	kiss: woman, man, medium skin tone, light skin tone	Menschen & Gesten	 kiss: woman, man, medium skin tone, light skin tone  
png/1F469-1F3FD-200D-2764-FE0F-200D-1F48B-200D-1F468-1F3FC.png	kiss: woman, man, medium skin tone, medium-light skin tone	Menschen & Gesten	 kiss: woman, man, medium skin tone, medium-light skin tone  
png/1F469-1F3FD-200D-2764-FE0F-200D-1F48B-200D-1F468-1F3FD.png	kiss: woman, man, medium skin tone	Menschen & Gesten	 kiss: woman, man, medium skin tone  
png/1F469-1F3FD-200D-2764-FE0F-200D-1F48B-200D-1F468-1F3FE.png	kiss: woman, man, medium skin tone, medium-dark skin tone	Menschen & Gesten	 kiss: woman, man, medium skin tone, medium-dark skin tone  
png/1F469-1F3FD-200D-2764-FE0F-200D-1F48B-200D-1F468-1F3FF.png	kiss: woman, man, medium skin tone, dark skin tone	Menschen & Gesten	 kiss: woman, man, medium skin tone, dark skin tone  
png/1F469-1F3FE-200D-2764-FE0F-200D-1F48B-200D-1F468-1F3FB.png	kiss: woman, man, medium-dark skin tone, light skin tone	Menschen & Gesten	 kiss: woman, man, medium-dark skin tone, light skin tone  
png/1F469-1F3FE-200D-2764-FE0F-200D-1F48B-200D-1F468-1F3FC.png	kiss: woman, man, medium-dark skin tone, medium-light skin tone	Menschen & Gesten	 kiss: woman, man, medium-dark skin tone, medium-light skin tone  
png/1F469-1F3FE-200D-2764-FE0F-200D-1F48B-200D-1F468-1F3FD.png	kiss: woman, man, medium-dark skin tone, medium skin tone	Menschen & Gesten	 kiss: woman, man, medium-dark skin tone, medium skin tone  
png/1F469-1F3FE-200D-2764-FE0F-200D-1F48B-200D-1F468-1F3FE.png	kiss: woman, man, medium-dark skin tone	Menschen & Gesten	 kiss: woman, man, medium-dark skin tone  
png/1F469-1F3FE-200D-2764-FE0F-200D-1F48B-200D-1F468-1F3FF.png	kiss: woman, man, medium-dark skin tone, dark skin tone	Menschen & Gesten	 kiss: woman, man, medium-dark skin tone, dark skin tone  
png/1F469-1F3FF-200D-2764-FE0F-200D-1F48B-200D-1F468-1F3FB.png	kiss: woman, man, dark skin tone, light skin tone	Menschen & Gesten	 kiss: woman, man, dark skin tone, light skin tone  
png/1F469-1F3FF-200D-2764-FE0F-200D-1F48B-200D-1F468-1F3FC.png	kiss: woman, man, dark skin tone, medium-light skin tone	Menschen & Gesten	 kiss: woman, man, dark skin tone, medium-light skin tone  
png/1F469-1F3FF-200D-2764-FE0F-200D-1F48B-200D-1F468-1F3FD.png	kiss: woman, man, dark skin tone, medium skin tone	Menschen & Gesten	 kiss: woman, man, dark skin tone, medium skin tone  
png/1F469-1F3FF-200D-2764-FE0F-200D-1F48B-200D-1F468-1F3FE.png	kiss: woman, man, dark skin tone, medium-dark skin tone	Menschen & Gesten	 kiss: woman, man, dark skin tone, medium-dark skin tone  
png/1F469-1F3FF-200D-2764-FE0F-200D-1F48B-200D-1F468-1F3FF.png	kiss: woman, man, dark skin tone	Menschen & Gesten	 kiss: woman, man, dark skin tone  
png/1F468-200D-2764-FE0F-200D-1F48B-200D-1F468.png	kiss: man, man	Menschen & Gesten	 kiss: man, man anniversary, babe, bae, couple, date, dating, heart, kiss, love, man, mwah, person, romance, together, xoxo gay
png/1F468-1F3FB-200D-2764-FE0F-200D-1F48B-200D-1F468-1F3FB.png	kiss: man, man, light skin tone	Menschen & Gesten	 kiss: man, man, light skin tone  
png/1F468-1F3FB-200D-2764-FE0F-200D-1F48B-200D-1F468-1F3FC.png	kiss: man, man, light skin tone, medium-light skin tone	Menschen & Gesten	 kiss: man, man, light skin tone, medium-light skin tone  
png/1F468-1F3FB-200D-2764-FE0F-200D-1F48B-200D-1F468-1F3FD.png	kiss: man, man, light skin tone, medium skin tone	Menschen & Gesten	 kiss: man, man, light skin tone, medium skin tone  
png/1F468-1F3FB-200D-2764-FE0F-200D-1F48B-200D-1F468-1F3FE.png	kiss: man, man, light skin tone, medium-dark skin tone	Menschen & Gesten	 kiss: man, man, light skin tone, medium-dark skin tone  
png/1F468-1F3FB-200D-2764-FE0F-200D-1F48B-200D-1F468-1F3FF.png	kiss: man, man, light skin tone, dark skin tone	Menschen & Gesten	 kiss: man, man, light skin tone, dark skin tone  
png/1F468-1F3FC-200D-2764-FE0F-200D-1F48B-200D-1F468-1F3FB.png	kiss: man, man, medium-light skin tone, light skin tone	Menschen & Gesten	 kiss: man, man, medium-light skin tone, light skin tone  
png/1F468-1F3FC-200D-2764-FE0F-200D-1F48B-200D-1F468-1F3FC.png	kiss: man, man, medium-light skin tone	Menschen & Gesten	 kiss: man, man, medium-light skin tone  
png/1F468-1F3FC-200D-2764-FE0F-200D-1F48B-200D-1F468-1F3FD.png	kiss: man, man, medium-light skin tone, medium skin tone	Menschen & Gesten	 kiss: man, man, medium-light skin tone, medium skin tone  
png/1F468-1F3FC-200D-2764-FE0F-200D-1F48B-200D-1F468-1F3FE.png	kiss: man, man, medium-light skin tone, medium-dark skin tone	Menschen & Gesten	 kiss: man, man, medium-light skin tone, medium-dark skin tone  
png/1F468-1F3FC-200D-2764-FE0F-200D-1F48B-200D-1F468-1F3FF.png	kiss: man, man, medium-light skin tone, dark skin tone	Menschen & Gesten	 kiss: man, man, medium-light skin tone, dark skin tone  
png/1F468-1F3FD-200D-2764-FE0F-200D-1F48B-200D-1F468-1F3FB.png	kiss: man, man, medium skin tone, light skin tone	Menschen & Gesten	 kiss: man, man, medium skin tone, light skin tone  
png/1F468-1F3FD-200D-2764-FE0F-200D-1F48B-200D-1F468-1F3FC.png	kiss: man, man, medium skin tone, medium-light skin tone	Menschen & Gesten	 kiss: man, man, medium skin tone, medium-light skin tone  
png/1F468-1F3FD-200D-2764-FE0F-200D-1F48B-200D-1F468-1F3FD.png	kiss: man, man, medium skin tone	Menschen & Gesten	 kiss: man, man, medium skin tone  
png/1F468-1F3FD-200D-2764-FE0F-200D-1F48B-200D-1F468-1F3FE.png	kiss: man, man, medium skin tone, medium-dark skin tone	Menschen & Gesten	 kiss: man, man, medium skin tone, medium-dark skin tone  
png/1F468-1F3FD-200D-2764-FE0F-200D-1F48B-200D-1F468-1F3FF.png	kiss: man, man, medium skin tone, dark skin tone	Menschen & Gesten	 kiss: man, man, medium skin tone, dark skin tone  
png/1F468-1F3FE-200D-2764-FE0F-200D-1F48B-200D-1F468-1F3FB.png	kiss: man, man, medium-dark skin tone, light skin tone	Menschen & Gesten	 kiss: man, man, medium-dark skin tone, light skin tone  
png/1F468-1F3FE-200D-2764-FE0F-200D-1F48B-200D-1F468-1F3FC.png	kiss: man, man, medium-dark skin tone, medium-light skin tone	Menschen & Gesten	 kiss: man, man, medium-dark skin tone, medium-light skin tone  
png/1F468-1F3FE-200D-2764-FE0F-200D-1F48B-200D-1F468-1F3FD.png	kiss: man, man, medium-dark skin tone, medium skin tone	Menschen & Gesten	 kiss: man, man, medium-dark skin tone, medium skin tone  
png/1F468-1F3FE-200D-2764-FE0F-200D-1F48B-200D-1F468-1F3FE.png	kiss: man, man, medium-dark skin tone	Menschen & Gesten	 kiss: man, man, medium-dark skin tone  
png/1F468-1F3FE-200D-2764-FE0F-200D-1F48B-200D-1F468-1F3FF.png	kiss: man, man, medium-dark skin tone, dark skin tone	Menschen & Gesten	 kiss: man, man, medium-dark skin tone, dark skin tone  
png/1F468-1F3FF-200D-2764-FE0F-200D-1F48B-200D-1F468-1F3FB.png	kiss: man, man, dark skin tone, light skin tone	Menschen & Gesten	 kiss: man, man, dark skin tone, light skin tone  
png/1F468-1F3FF-200D-2764-FE0F-200D-1F48B-200D-1F468-1F3FC.png	kiss: man, man, dark skin tone, medium-light skin tone	Menschen & Gesten	 kiss: man, man, dark skin tone, medium-light skin tone  
png/1F468-1F3FF-200D-2764-FE0F-200D-1F48B-200D-1F468-1F3FD.png	kiss: man, man, dark skin tone, medium skin tone	Menschen & Gesten	 kiss: man, man, dark skin tone, medium skin tone  
png/1F468-1F3FF-200D-2764-FE0F-200D-1F48B-200D-1F468-1F3FE.png	kiss: man, man, dark skin tone, medium-dark skin tone	Menschen & Gesten	 kiss: man, man, dark skin tone, medium-dark skin tone  
png/1F468-1F3FF-200D-2764-FE0F-200D-1F48B-200D-1F468-1F3FF.png	kiss: man, man, dark skin tone	Menschen & Gesten	 kiss: man, man, dark skin tone  
png/1F469-200D-2764-FE0F-200D-1F48B-200D-1F469.png	kiss: woman, woman	Menschen & Gesten	 kiss: woman, woman anniversary, babe, bae, couple, date, dating, heart, kiss, love, mwah, person, romance, together, woman, xoxo lesbian, girlfriend
png/1F469-1F3FB-200D-2764-FE0F-200D-1F48B-200D-1F469-1F3FB.png	kiss: woman, woman, light skin tone	Menschen & Gesten	 kiss: woman, woman, light skin tone  
png/1F469-1F3FB-200D-2764-FE0F-200D-1F48B-200D-1F469-1F3FC.png	kiss: woman, woman, light skin tone, medium-light skin tone	Menschen & Gesten	 kiss: woman, woman, light skin tone, medium-light skin tone  
png/1F469-1F3FB-200D-2764-FE0F-200D-1F48B-200D-1F469-1F3FD.png	kiss: woman, woman, light skin tone, medium skin tone	Menschen & Gesten	 kiss: woman, woman, light skin tone, medium skin tone  
png/1F469-1F3FB-200D-2764-FE0F-200D-1F48B-200D-1F469-1F3FE.png	kiss: woman, woman, light skin tone, medium-dark skin tone	Menschen & Gesten	 kiss: woman, woman, light skin tone, medium-dark skin tone  
png/1F469-1F3FB-200D-2764-FE0F-200D-1F48B-200D-1F469-1F3FF.png	kiss: woman, woman, light skin tone, dark skin tone	Menschen & Gesten	 kiss: woman, woman, light skin tone, dark skin tone  
png/1F469-1F3FC-200D-2764-FE0F-200D-1F48B-200D-1F469-1F3FB.png	kiss: woman, woman, medium-light skin tone, light skin tone	Menschen & Gesten	 kiss: woman, woman, medium-light skin tone, light skin tone  
png/1F469-1F3FC-200D-2764-FE0F-200D-1F48B-200D-1F469-1F3FC.png	kiss: woman, woman, medium-light skin tone	Menschen & Gesten	 kiss: woman, woman, medium-light skin tone  
png/1F469-1F3FC-200D-2764-FE0F-200D-1F48B-200D-1F469-1F3FD.png	kiss: woman, woman, medium-light skin tone, medium skin tone	Menschen & Gesten	 kiss: woman, woman, medium-light skin tone, medium skin tone  
png/1F469-1F3FC-200D-2764-FE0F-200D-1F48B-200D-1F469-1F3FE.png	kiss: woman, woman, medium-light skin tone, medium-dark skin tone	Menschen & Gesten	 kiss: woman, woman, medium-light skin tone, medium-dark skin tone  
png/1F469-1F3FC-200D-2764-FE0F-200D-1F48B-200D-1F469-1F3FF.png	kiss: woman, woman, medium-light skin tone, dark skin tone	Menschen & Gesten	 kiss: woman, woman, medium-light skin tone, dark skin tone  
png/1F469-1F3FD-200D-2764-FE0F-200D-1F48B-200D-1F469-1F3FB.png	kiss: woman, woman, medium skin tone, light skin tone	Menschen & Gesten	 kiss: woman, woman, medium skin tone, light skin tone  
png/1F469-1F3FD-200D-2764-FE0F-200D-1F48B-200D-1F469-1F3FC.png	kiss: woman, woman, medium skin tone, medium-light skin tone	Menschen & Gesten	 kiss: woman, woman, medium skin tone, medium-light skin tone  
png/1F469-1F3FD-200D-2764-FE0F-200D-1F48B-200D-1F469-1F3FD.png	kiss: woman, woman, medium skin tone	Menschen & Gesten	 kiss: woman, woman, medium skin tone  
png/1F469-1F3FD-200D-2764-FE0F-200D-1F48B-200D-1F469-1F3FE.png	kiss: woman, woman, medium skin tone, medium-dark skin tone	Menschen & Gesten	 kiss: woman, woman, medium skin tone, medium-dark skin tone  
png/1F469-1F3FD-200D-2764-FE0F-200D-1F48B-200D-1F469-1F3FF.png	kiss: woman, woman, medium skin tone, dark skin tone	Menschen & Gesten	 kiss: woman, woman, medium skin tone, dark skin tone  
png/1F469-1F3FE-200D-2764-FE0F-200D-1F48B-200D-1F469-1F3FB.png	kiss: woman, woman, medium-dark skin tone, light skin tone	Menschen & Gesten	 kiss: woman, woman, medium-dark skin tone, light skin tone  
png/1F469-1F3FE-200D-2764-FE0F-200D-1F48B-200D-1F469-1F3FC.png	kiss: woman, woman, medium-dark skin tone, medium-light skin tone	Menschen & Gesten	 kiss: woman, woman, medium-dark skin tone, medium-light skin tone  
png/1F469-1F3FE-200D-2764-FE0F-200D-1F48B-200D-1F469-1F3FD.png	kiss: woman, woman, medium-dark skin tone, medium skin tone	Menschen & Gesten	 kiss: woman, woman, medium-dark skin tone, medium skin tone  
png/1F469-1F3FE-200D-2764-FE0F-200D-1F48B-200D-1F469-1F3FE.png	kiss: woman, woman, medium-dark skin tone	Menschen & Gesten	 kiss: woman, woman, medium-dark skin tone  
png/1F469-1F3FE-200D-2764-FE0F-200D-1F48B-200D-1F469-1F3FF.png	kiss: woman, woman, medium-dark skin tone, dark skin tone	Menschen & Gesten	 kiss: woman, woman, medium-dark skin tone, dark skin tone  
png/1F469-1F3FF-200D-2764-FE0F-200D-1F48B-200D-1F469-1F3FB.png	kiss: woman, woman, dark skin tone, light skin tone	Menschen & Gesten	 kiss: woman, woman, dark skin tone, light skin tone  
png/1F469-1F3FF-200D-2764-FE0F-200D-1F48B-200D-1F469-1F3FC.png	kiss: woman, woman, dark skin tone, medium-light skin tone	Menschen & Gesten	 kiss: woman, woman, dark skin tone, medium-light skin tone  
png/1F469-1F3FF-200D-2764-FE0F-200D-1F48B-200D-1F469-1F3FD.png	kiss: woman, woman, dark skin tone, medium skin tone	Menschen & Gesten	 kiss: woman, woman, dark skin tone, medium skin tone  
png/1F469-1F3FF-200D-2764-FE0F-200D-1F48B-200D-1F469-1F3FE.png	kiss: woman, woman, dark skin tone, medium-dark skin tone	Menschen & Gesten	 kiss: woman, woman, dark skin tone, medium-dark skin tone  
png/1F469-1F3FF-200D-2764-FE0F-200D-1F48B-200D-1F469-1F3FF.png	kiss: woman, woman, dark skin tone	Menschen & Gesten	 kiss: woman, woman, dark skin tone  
png/1F491.png	Liebespaar	Menschen & Gesten	Frau Herz Liebe Liebespaar Mann Paar couple with heart anniversary, babe, bae, couple, dating, heart, kiss, love, person, relationship, romance, together, you man, woman, heart
png/1F491-1F3FB.png	couple with heart: light skin tone	Menschen & Gesten	 couple with heart: light skin tone  
png/1F491-1F3FC.png	couple with heart: medium-light skin tone	Menschen & Gesten	 couple with heart: medium-light skin tone  
png/1F491-1F3FD.png	couple with heart: medium skin tone	Menschen & Gesten	 couple with heart: medium skin tone  
png/1F491-1F3FE.png	couple with heart: medium-dark skin tone	Menschen & Gesten	 couple with heart: medium-dark skin tone  
png/1F491-1F3FF.png	couple with heart: dark skin tone	Menschen & Gesten	 couple with heart: dark skin tone  
png/1F9D1-1F3FB-200D-2764-FE0F-200D-1F9D1-1F3FC.png	couple with heart: person, person, light skin tone, medium-light skin tone	Menschen & Gesten	 couple with heart: person, person, light skin tone, medium-light skin tone  
png/1F9D1-1F3FB-200D-2764-FE0F-200D-1F9D1-1F3FD.png	couple with heart: person, person, light skin tone, medium skin tone	Menschen & Gesten	 couple with heart: person, person, light skin tone, medium skin tone  
png/1F9D1-1F3FB-200D-2764-FE0F-200D-1F9D1-1F3FE.png	couple with heart: person, person, light skin tone, medium-dark skin tone	Menschen & Gesten	 couple with heart: person, person, light skin tone, medium-dark skin tone  
png/1F9D1-1F3FB-200D-2764-FE0F-200D-1F9D1-1F3FF.png	couple with heart: person, person, light skin tone, dark skin tone	Menschen & Gesten	 couple with heart: person, person, light skin tone, dark skin tone  
png/1F9D1-1F3FC-200D-2764-FE0F-200D-1F9D1-1F3FB.png	couple with heart: person, person, medium-light skin tone, light skin tone	Menschen & Gesten	 couple with heart: person, person, medium-light skin tone, light skin tone  
png/1F9D1-1F3FC-200D-2764-FE0F-200D-1F9D1-1F3FD.png	couple with heart: person, person, medium-light skin tone, medium skin tone	Menschen & Gesten	 couple with heart: person, person, medium-light skin tone, medium skin tone  
png/1F9D1-1F3FC-200D-2764-FE0F-200D-1F9D1-1F3FE.png	couple with heart: person, person, medium-light skin tone, medium-dark skin tone	Menschen & Gesten	 couple with heart: person, person, medium-light skin tone, medium-dark skin tone  
png/1F9D1-1F3FC-200D-2764-FE0F-200D-1F9D1-1F3FF.png	couple with heart: person, person, medium-light skin tone, dark skin tone	Menschen & Gesten	 couple with heart: person, person, medium-light skin tone, dark skin tone  
png/1F9D1-1F3FD-200D-2764-FE0F-200D-1F9D1-1F3FB.png	couple with heart: person, person, medium skin tone, light skin tone	Menschen & Gesten	 couple with heart: person, person, medium skin tone, light skin tone  
png/1F9D1-1F3FD-200D-2764-FE0F-200D-1F9D1-1F3FC.png	couple with heart: person, person, medium skin tone, medium-light skin tone	Menschen & Gesten	 couple with heart: person, person, medium skin tone, medium-light skin tone  
png/1F9D1-1F3FD-200D-2764-FE0F-200D-1F9D1-1F3FE.png	couple with heart: person, person, medium skin tone, medium-dark skin tone	Menschen & Gesten	 couple with heart: person, person, medium skin tone, medium-dark skin tone  
png/1F9D1-1F3FD-200D-2764-FE0F-200D-1F9D1-1F3FF.png	couple with heart: person, person, medium skin tone, dark skin tone	Menschen & Gesten	 couple with heart: person, person, medium skin tone, dark skin tone  
png/1F9D1-1F3FE-200D-2764-FE0F-200D-1F9D1-1F3FB.png	couple with heart: person, person, medium-dark skin tone, light skin tone	Menschen & Gesten	 couple with heart: person, person, medium-dark skin tone, light skin tone  
png/1F9D1-1F3FE-200D-2764-FE0F-200D-1F9D1-1F3FC.png	couple with heart: person, person, medium-dark skin tone, medium-light skin tone	Menschen & Gesten	 couple with heart: person, person, medium-dark skin tone, medium-light skin tone  
png/1F9D1-1F3FE-200D-2764-FE0F-200D-1F9D1-1F3FD.png	couple with heart: person, person, medium-dark skin tone, medium skin tone	Menschen & Gesten	 couple with heart: person, person, medium-dark skin tone, medium skin tone  
png/1F9D1-1F3FE-200D-2764-FE0F-200D-1F9D1-1F3FF.png	couple with heart: person, person, medium-dark skin tone, dark skin tone	Menschen & Gesten	 couple with heart: person, person, medium-dark skin tone, dark skin tone  
png/1F9D1-1F3FF-200D-2764-FE0F-200D-1F9D1-1F3FB.png	couple with heart: person, person, dark skin tone, light skin tone	Menschen & Gesten	 couple with heart: person, person, dark skin tone, light skin tone  
png/1F9D1-1F3FF-200D-2764-FE0F-200D-1F9D1-1F3FC.png	couple with heart: person, person, dark skin tone, medium-light skin tone	Menschen & Gesten	 couple with heart: person, person, dark skin tone, medium-light skin tone  
png/1F9D1-1F3FF-200D-2764-FE0F-200D-1F9D1-1F3FD.png	couple with heart: person, person, dark skin tone, medium skin tone	Menschen & Gesten	 couple with heart: person, person, dark skin tone, medium skin tone  
png/1F9D1-1F3FF-200D-2764-FE0F-200D-1F9D1-1F3FE.png	couple with heart: person, person, dark skin tone, medium-dark skin tone	Menschen & Gesten	 couple with heart: person, person, dark skin tone, medium-dark skin tone  
png/1F469-200D-2764-FE0F-200D-1F468.png	couple with heart: woman, man	Menschen & Gesten	 couple with heart: woman, man anniversary, babe, bae, couple, dating, heart, kiss, love, man, person, relationship, romance, together, woman, you 
png/1F469-1F3FB-200D-2764-FE0F-200D-1F468-1F3FB.png	couple with heart: woman, man, light skin tone	Menschen & Gesten	 couple with heart: woman, man, light skin tone  
png/1F469-1F3FB-200D-2764-FE0F-200D-1F468-1F3FC.png	couple with heart: woman, man, light skin tone, medium-light skin tone	Menschen & Gesten	 couple with heart: woman, man, light skin tone, medium-light skin tone  
png/1F469-1F3FB-200D-2764-FE0F-200D-1F468-1F3FD.png	couple with heart: woman, man, light skin tone, medium skin tone	Menschen & Gesten	 couple with heart: woman, man, light skin tone, medium skin tone  
png/1F469-1F3FB-200D-2764-FE0F-200D-1F468-1F3FE.png	couple with heart: woman, man, light skin tone, medium-dark skin tone	Menschen & Gesten	 couple with heart: woman, man, light skin tone, medium-dark skin tone  
png/1F469-1F3FB-200D-2764-FE0F-200D-1F468-1F3FF.png	couple with heart: woman, man, light skin tone, dark skin tone	Menschen & Gesten	 couple with heart: woman, man, light skin tone, dark skin tone  
png/1F469-1F3FC-200D-2764-FE0F-200D-1F468-1F3FB.png	couple with heart: woman, man, medium-light skin tone, light skin tone	Menschen & Gesten	 couple with heart: woman, man, medium-light skin tone, light skin tone  
png/1F469-1F3FC-200D-2764-FE0F-200D-1F468-1F3FC.png	couple with heart: woman, man, medium-light skin tone	Menschen & Gesten	 couple with heart: woman, man, medium-light skin tone  
png/1F469-1F3FC-200D-2764-FE0F-200D-1F468-1F3FD.png	couple with heart: woman, man, medium-light skin tone, medium skin tone	Menschen & Gesten	 couple with heart: woman, man, medium-light skin tone, medium skin tone  
png/1F469-1F3FC-200D-2764-FE0F-200D-1F468-1F3FE.png	couple with heart: woman, man, medium-light skin tone, medium-dark skin tone	Menschen & Gesten	 couple with heart: woman, man, medium-light skin tone, medium-dark skin tone  
png/1F469-1F3FC-200D-2764-FE0F-200D-1F468-1F3FF.png	couple with heart: woman, man, medium-light skin tone, dark skin tone	Menschen & Gesten	 couple with heart: woman, man, medium-light skin tone, dark skin tone  
png/1F469-1F3FD-200D-2764-FE0F-200D-1F468-1F3FB.png	couple with heart: woman, man, medium skin tone, light skin tone	Menschen & Gesten	 couple with heart: woman, man, medium skin tone, light skin tone  
png/1F469-1F3FD-200D-2764-FE0F-200D-1F468-1F3FC.png	couple with heart: woman, man, medium skin tone, medium-light skin tone	Menschen & Gesten	 couple with heart: woman, man, medium skin tone, medium-light skin tone  
png/1F469-1F3FD-200D-2764-FE0F-200D-1F468-1F3FD.png	couple with heart: woman, man, medium skin tone	Menschen & Gesten	 couple with heart: woman, man, medium skin tone  
png/1F469-1F3FD-200D-2764-FE0F-200D-1F468-1F3FE.png	couple with heart: woman, man, medium skin tone, medium-dark skin tone	Menschen & Gesten	 couple with heart: woman, man, medium skin tone, medium-dark skin tone  
png/1F469-1F3FD-200D-2764-FE0F-200D-1F468-1F3FF.png	couple with heart: woman, man, medium skin tone, dark skin tone	Menschen & Gesten	 couple with heart: woman, man, medium skin tone, dark skin tone  
png/1F469-1F3FE-200D-2764-FE0F-200D-1F468-1F3FB.png	couple with heart: woman, man, medium-dark skin tone, light skin tone	Menschen & Gesten	 couple with heart: woman, man, medium-dark skin tone, light skin tone  
png/1F469-1F3FE-200D-2764-FE0F-200D-1F468-1F3FC.png	couple with heart: woman, man, medium-dark skin tone, medium-light skin tone	Menschen & Gesten	 couple with heart: woman, man, medium-dark skin tone, medium-light skin tone  
png/1F469-1F3FE-200D-2764-FE0F-200D-1F468-1F3FD.png	couple with heart: woman, man, medium-dark skin tone, medium skin tone	Menschen & Gesten	 couple with heart: woman, man, medium-dark skin tone, medium skin tone  
png/1F469-1F3FE-200D-2764-FE0F-200D-1F468-1F3FE.png	couple with heart: woman, man, medium-dark skin tone	Menschen & Gesten	 couple with heart: woman, man, medium-dark skin tone  
png/1F469-1F3FE-200D-2764-FE0F-200D-1F468-1F3FF.png	couple with heart: woman, man, medium-dark skin tone, dark skin tone	Menschen & Gesten	 couple with heart: woman, man, medium-dark skin tone, dark skin tone  
png/1F469-1F3FF-200D-2764-FE0F-200D-1F468-1F3FB.png	couple with heart: woman, man, dark skin tone, light skin tone	Menschen & Gesten	 couple with heart: woman, man, dark skin tone, light skin tone  
png/1F469-1F3FF-200D-2764-FE0F-200D-1F468-1F3FC.png	couple with heart: woman, man, dark skin tone, medium-light skin tone	Menschen & Gesten	 couple with heart: woman, man, dark skin tone, medium-light skin tone  
png/1F469-1F3FF-200D-2764-FE0F-200D-1F468-1F3FD.png	couple with heart: woman, man, dark skin tone, medium skin tone	Menschen & Gesten	 couple with heart: woman, man, dark skin tone, medium skin tone  
png/1F469-1F3FF-200D-2764-FE0F-200D-1F468-1F3FE.png	couple with heart: woman, man, dark skin tone, medium-dark skin tone	Menschen & Gesten	 couple with heart: woman, man, dark skin tone, medium-dark skin tone  
png/1F469-1F3FF-200D-2764-FE0F-200D-1F468-1F3FF.png	couple with heart: woman, man, dark skin tone	Menschen & Gesten	 couple with heart: woman, man, dark skin tone  
png/1F468-200D-2764-FE0F-200D-1F468.png	couple with heart: man, man	Menschen & Gesten	 couple with heart: man, man anniversary, babe, bae, couple, dating, heart, kiss, love, man, person, relationship, romance, together, you gay
png/1F468-1F3FB-200D-2764-FE0F-200D-1F468-1F3FB.png	couple with heart: man, man, light skin tone	Menschen & Gesten	 couple with heart: man, man, light skin tone  
png/1F468-1F3FB-200D-2764-FE0F-200D-1F468-1F3FC.png	couple with heart: man, man, light skin tone, medium-light skin tone	Menschen & Gesten	 couple with heart: man, man, light skin tone, medium-light skin tone  
png/1F468-1F3FB-200D-2764-FE0F-200D-1F468-1F3FD.png	couple with heart: man, man, light skin tone, medium skin tone	Menschen & Gesten	 couple with heart: man, man, light skin tone, medium skin tone  
png/1F468-1F3FB-200D-2764-FE0F-200D-1F468-1F3FE.png	couple with heart: man, man, light skin tone, medium-dark skin tone	Menschen & Gesten	 couple with heart: man, man, light skin tone, medium-dark skin tone  
png/1F468-1F3FB-200D-2764-FE0F-200D-1F468-1F3FF.png	couple with heart: man, man, light skin tone, dark skin tone	Menschen & Gesten	 couple with heart: man, man, light skin tone, dark skin tone  
png/1F468-1F3FC-200D-2764-FE0F-200D-1F468-1F3FB.png	couple with heart: man, man, medium-light skin tone, light skin tone	Menschen & Gesten	 couple with heart: man, man, medium-light skin tone, light skin tone  
png/1F468-1F3FC-200D-2764-FE0F-200D-1F468-1F3FC.png	couple with heart: man, man, medium-light skin tone	Menschen & Gesten	 couple with heart: man, man, medium-light skin tone  
png/1F468-1F3FC-200D-2764-FE0F-200D-1F468-1F3FD.png	couple with heart: man, man, medium-light skin tone, medium skin tone	Menschen & Gesten	 couple with heart: man, man, medium-light skin tone, medium skin tone  
png/1F468-1F3FC-200D-2764-FE0F-200D-1F468-1F3FE.png	couple with heart: man, man, medium-light skin tone, medium-dark skin tone	Menschen & Gesten	 couple with heart: man, man, medium-light skin tone, medium-dark skin tone  
png/1F468-1F3FC-200D-2764-FE0F-200D-1F468-1F3FF.png	couple with heart: man, man, medium-light skin tone, dark skin tone	Menschen & Gesten	 couple with heart: man, man, medium-light skin tone, dark skin tone  
png/1F468-1F3FD-200D-2764-FE0F-200D-1F468-1F3FB.png	couple with heart: man, man, medium skin tone, light skin tone	Menschen & Gesten	 couple with heart: man, man, medium skin tone, light skin tone  
png/1F468-1F3FD-200D-2764-FE0F-200D-1F468-1F3FC.png	couple with heart: man, man, medium skin tone, medium-light skin tone	Menschen & Gesten	 couple with heart: man, man, medium skin tone, medium-light skin tone  
png/1F468-1F3FD-200D-2764-FE0F-200D-1F468-1F3FD.png	couple with heart: man, man, medium skin tone	Menschen & Gesten	 couple with heart: man, man, medium skin tone  
png/1F468-1F3FD-200D-2764-FE0F-200D-1F468-1F3FE.png	couple with heart: man, man, medium skin tone, medium-dark skin tone	Menschen & Gesten	 couple with heart: man, man, medium skin tone, medium-dark skin tone  
png/1F468-1F3FD-200D-2764-FE0F-200D-1F468-1F3FF.png	couple with heart: man, man, medium skin tone, dark skin tone	Menschen & Gesten	 couple with heart: man, man, medium skin tone, dark skin tone  
png/1F468-1F3FE-200D-2764-FE0F-200D-1F468-1F3FB.png	couple with heart: man, man, medium-dark skin tone, light skin tone	Menschen & Gesten	 couple with heart: man, man, medium-dark skin tone, light skin tone  
png/1F468-1F3FE-200D-2764-FE0F-200D-1F468-1F3FC.png	couple with heart: man, man, medium-dark skin tone, medium-light skin tone	Menschen & Gesten	 couple with heart: man, man, medium-dark skin tone, medium-light skin tone  
png/1F468-1F3FE-200D-2764-FE0F-200D-1F468-1F3FD.png	couple with heart: man, man, medium-dark skin tone, medium skin tone	Menschen & Gesten	 couple with heart: man, man, medium-dark skin tone, medium skin tone  
png/1F468-1F3FE-200D-2764-FE0F-200D-1F468-1F3FE.png	couple with heart: man, man, medium-dark skin tone	Menschen & Gesten	 couple with heart: man, man, medium-dark skin tone  
png/1F468-1F3FE-200D-2764-FE0F-200D-1F468-1F3FF.png	couple with heart: man, man, medium-dark skin tone, dark skin tone	Menschen & Gesten	 couple with heart: man, man, medium-dark skin tone, dark skin tone  
png/1F468-1F3FF-200D-2764-FE0F-200D-1F468-1F3FB.png	couple with heart: man, man, dark skin tone, light skin tone	Menschen & Gesten	 couple with heart: man, man, dark skin tone, light skin tone  
png/1F468-1F3FF-200D-2764-FE0F-200D-1F468-1F3FC.png	couple with heart: man, man, dark skin tone, medium-light skin tone	Menschen & Gesten	 couple with heart: man, man, dark skin tone, medium-light skin tone  
png/1F468-1F3FF-200D-2764-FE0F-200D-1F468-1F3FD.png	couple with heart: man, man, dark skin tone, medium skin tone	Menschen & Gesten	 couple with heart: man, man, dark skin tone, medium skin tone  
png/1F468-1F3FF-200D-2764-FE0F-200D-1F468-1F3FE.png	couple with heart: man, man, dark skin tone, medium-dark skin tone	Menschen & Gesten	 couple with heart: man, man, dark skin tone, medium-dark skin tone  
png/1F468-1F3FF-200D-2764-FE0F-200D-1F468-1F3FF.png	couple with heart: man, man, dark skin tone	Menschen & Gesten	 couple with heart: man, man, dark skin tone  
png/1F469-200D-2764-FE0F-200D-1F469.png	couple with heart: woman, woman	Menschen & Gesten	 couple with heart: woman, woman anniversary, babe, bae, couple, dating, heart, kiss, love, person, relationship, romance, together, woman, you lesbian, girlfried
png/1F469-1F3FB-200D-2764-FE0F-200D-1F469-1F3FB.png	couple with heart: woman, woman, light skin tone	Menschen & Gesten	 couple with heart: woman, woman, light skin tone  
png/1F469-1F3FB-200D-2764-FE0F-200D-1F469-1F3FC.png	couple with heart: woman, woman, light skin tone, medium-light skin tone	Menschen & Gesten	 couple with heart: woman, woman, light skin tone, medium-light skin tone  
png/1F469-1F3FB-200D-2764-FE0F-200D-1F469-1F3FD.png	couple with heart: woman, woman, light skin tone, medium skin tone	Menschen & Gesten	 couple with heart: woman, woman, light skin tone, medium skin tone  
png/1F469-1F3FB-200D-2764-FE0F-200D-1F469-1F3FE.png	couple with heart: woman, woman, light skin tone, medium-dark skin tone	Menschen & Gesten	 couple with heart: woman, woman, light skin tone, medium-dark skin tone  
png/1F469-1F3FB-200D-2764-FE0F-200D-1F469-1F3FF.png	couple with heart: woman, woman, light skin tone, dark skin tone	Menschen & Gesten	 couple with heart: woman, woman, light skin tone, dark skin tone  
png/1F469-1F3FC-200D-2764-FE0F-200D-1F469-1F3FB.png	couple with heart: woman, woman, medium-light skin tone, light skin tone	Menschen & Gesten	 couple with heart: woman, woman, medium-light skin tone, light skin tone  
png/1F469-1F3FC-200D-2764-FE0F-200D-1F469-1F3FC.png	couple with heart: woman, woman, medium-light skin tone	Menschen & Gesten	 couple with heart: woman, woman, medium-light skin tone  
png/1F469-1F3FC-200D-2764-FE0F-200D-1F469-1F3FD.png	couple with heart: woman, woman, medium-light skin tone, medium skin tone	Menschen & Gesten	 couple with heart: woman, woman, medium-light skin tone, medium skin tone  
png/1F469-1F3FC-200D-2764-FE0F-200D-1F469-1F3FE.png	couple with heart: woman, woman, medium-light skin tone, medium-dark skin tone	Menschen & Gesten	 couple with heart: woman, woman, medium-light skin tone, medium-dark skin tone  
png/1F469-1F3FC-200D-2764-FE0F-200D-1F469-1F3FF.png	couple with heart: woman, woman, medium-light skin tone, dark skin tone	Menschen & Gesten	 couple with heart: woman, woman, medium-light skin tone, dark skin tone  
png/1F469-1F3FD-200D-2764-FE0F-200D-1F469-1F3FB.png	couple with heart: woman, woman, medium skin tone, light skin tone	Menschen & Gesten	 couple with heart: woman, woman, medium skin tone, light skin tone  
png/1F469-1F3FD-200D-2764-FE0F-200D-1F469-1F3FC.png	couple with heart: woman, woman, medium skin tone, medium-light skin tone	Menschen & Gesten	 couple with heart: woman, woman, medium skin tone, medium-light skin tone  
png/1F469-1F3FD-200D-2764-FE0F-200D-1F469-1F3FD.png	couple with heart: woman, woman, medium skin tone	Menschen & Gesten	 couple with heart: woman, woman, medium skin tone  
png/1F469-1F3FD-200D-2764-FE0F-200D-1F469-1F3FE.png	couple with heart: woman, woman, medium skin tone, medium-dark skin tone	Menschen & Gesten	 couple with heart: woman, woman, medium skin tone, medium-dark skin tone  
png/1F469-1F3FD-200D-2764-FE0F-200D-1F469-1F3FF.png	couple with heart: woman, woman, medium skin tone, dark skin tone	Menschen & Gesten	 couple with heart: woman, woman, medium skin tone, dark skin tone  
png/1F469-1F3FE-200D-2764-FE0F-200D-1F469-1F3FB.png	couple with heart: woman, woman, medium-dark skin tone, light skin tone	Menschen & Gesten	 couple with heart: woman, woman, medium-dark skin tone, light skin tone  
png/1F469-1F3FE-200D-2764-FE0F-200D-1F469-1F3FC.png	couple with heart: woman, woman, medium-dark skin tone, medium-light skin tone	Menschen & Gesten	 couple with heart: woman, woman, medium-dark skin tone, medium-light skin tone  
png/1F469-1F3FE-200D-2764-FE0F-200D-1F469-1F3FD.png	couple with heart: woman, woman, medium-dark skin tone, medium skin tone	Menschen & Gesten	 couple with heart: woman, woman, medium-dark skin tone, medium skin tone  
png/1F469-1F3FE-200D-2764-FE0F-200D-1F469-1F3FE.png	couple with heart: woman, woman, medium-dark skin tone	Menschen & Gesten	 couple with heart: woman, woman, medium-dark skin tone  
png/1F469-1F3FE-200D-2764-FE0F-200D-1F469-1F3FF.png	couple with heart: woman, woman, medium-dark skin tone, dark skin tone	Menschen & Gesten	 couple with heart: woman, woman, medium-dark skin tone, dark skin tone  
png/1F469-1F3FF-200D-2764-FE0F-200D-1F469-1F3FB.png	couple with heart: woman, woman, dark skin tone, light skin tone	Menschen & Gesten	 couple with heart: woman, woman, dark skin tone, light skin tone  
png/1F469-1F3FF-200D-2764-FE0F-200D-1F469-1F3FC.png	couple with heart: woman, woman, dark skin tone, medium-light skin tone	Menschen & Gesten	 couple with heart: woman, woman, dark skin tone, medium-light skin tone  
png/1F469-1F3FF-200D-2764-FE0F-200D-1F469-1F3FD.png	couple with heart: woman, woman, dark skin tone, medium skin tone	Menschen & Gesten	 couple with heart: woman, woman, dark skin tone, medium skin tone  
png/1F469-1F3FF-200D-2764-FE0F-200D-1F469-1F3FE.png	couple with heart: woman, woman, dark skin tone, medium-dark skin tone	Menschen & Gesten	 couple with heart: woman, woman, dark skin tone, medium-dark skin tone  
png/1F469-1F3FF-200D-2764-FE0F-200D-1F469-1F3FF.png	couple with heart: woman, woman, dark skin tone	Menschen & Gesten	 couple with heart: woman, woman, dark skin tone  
png/1F468-200D-1F469-200D-1F466.png	family: man, woman, boy	Menschen & Gesten	 family: man, woman, boy boy, child, family, man, woman 
png/1F468-200D-1F469-200D-1F467.png	family: man, woman, girl	Menschen & Gesten	 family: man, woman, girl child, family, girl, man, woman child
png/1F468-200D-1F469-200D-1F467-200D-1F466.png	family: man, woman, girl, boy	Menschen & Gesten	 family: man, woman, girl, boy boy, child, family, girl, man, woman 
png/1F468-200D-1F469-200D-1F466-200D-1F466.png	family: man, woman, boy, boy	Menschen & Gesten	 family: man, woman, boy, boy boy, child, family, man, woman 
png/1F468-200D-1F469-200D-1F467-200D-1F467.png	family: man, woman, girl, girl	Menschen & Gesten	 family: man, woman, girl, girl child, family, girl, man, woman 
png/1F468-200D-1F468-200D-1F466.png	family: man, man, boy	Menschen & Gesten	 family: man, man, boy boy, child, family, man 
png/1F468-200D-1F468-200D-1F467.png	family: man, man, girl	Menschen & Gesten	 family: man, man, girl child, family, girl, man 
png/1F468-200D-1F468-200D-1F467-200D-1F466.png	family: man, man, girl, boy	Menschen & Gesten	 family: man, man, girl, boy boy, child, family, girl, man 
png/1F468-200D-1F468-200D-1F466-200D-1F466.png	family: man, man, boy, boy	Menschen & Gesten	 family: man, man, boy, boy boy, child, family, man 
png/1F468-200D-1F468-200D-1F467-200D-1F467.png	family: man, man, girl, girl	Menschen & Gesten	 family: man, man, girl, girl child, family, girl, man 
png/1F469-200D-1F469-200D-1F466.png	family: woman, woman, boy	Menschen & Gesten	 family: woman, woman, boy boy, child, family, woman 
png/1F469-200D-1F469-200D-1F467.png	family: woman, woman, girl	Menschen & Gesten	 family: woman, woman, girl child, family, girl, woman 
png/1F469-200D-1F469-200D-1F467-200D-1F466.png	family: woman, woman, girl, boy	Menschen & Gesten	 family: woman, woman, girl, boy boy, child, family, girl, woman 
png/1F469-200D-1F469-200D-1F466-200D-1F466.png	family: woman, woman, boy, boy	Menschen & Gesten	 family: woman, woman, boy, boy boy, child, family, woman 
png/1F469-200D-1F469-200D-1F467-200D-1F467.png	family: woman, woman, girl, girl	Menschen & Gesten	 family: woman, woman, girl, girl child, family, girl, woman 
png/1F468-200D-1F466.png	family: man, boy	Menschen & Gesten	 family: man, boy boy, child, family, man 
png/1F468-200D-1F466-200D-1F466.png	family: man, boy, boy	Menschen & Gesten	 family: man, boy, boy boy, child, family, man 
png/1F468-200D-1F467.png	family: man, girl	Menschen & Gesten	 family: man, girl child, family, girl, man 
png/1F468-200D-1F467-200D-1F466.png	family: man, girl, boy	Menschen & Gesten	 family: man, girl, boy boy, child, family, girl, man 
png/1F468-200D-1F467-200D-1F467.png	family: man, girl, girl	Menschen & Gesten	 family: man, girl, girl child, family, girl, man 
png/1F469-200D-1F466.png	family: woman, boy	Menschen & Gesten	 family: woman, boy boy, child, family, woman 
png/1F469-200D-1F466-200D-1F466.png	family: woman, boy, boy	Menschen & Gesten	 family: woman, boy, boy boy, child, family, woman 
png/1F469-200D-1F467.png	family: woman, girl	Menschen & Gesten	 family: woman, girl child, family, girl, woman 
png/1F469-200D-1F467-200D-1F466.png	family: woman, girl, boy	Menschen & Gesten	 family: woman, girl, boy boy, child, family, girl, woman 
png/1F469-200D-1F467-200D-1F467.png	family: woman, girl, girl	Menschen & Gesten	 family: woman, girl, girl child, family, girl, woman 
png/1F5E3.png	sprechender Kopf	Menschen & Gesten	Gesicht Kopf Silhouette sprechen sprechend Sprechende Person sprechender Kopf speaking head face, head, silhouette, speak, speaking human, person
png/1F464.png	Silhouette einer Büste	Menschen & Gesten	Büste Person Silhouette einer Büste bust in silhouette bust, mysterious, shadow, silhouette human, person
png/1F465.png	Silhouette mehrerer Büsten	Menschen & Gesten	Büsten Personen Silhouette mehrerer Büsten busts in silhouette bff, bust, busts, everyone, friend, friends, people, silhouette human, person
png/1FAC2.png	sich umarmende Personen	Menschen & Gesten	Abschied Danke drücken Drücker Freundschaft Hallo Liebe sich umarmende Personen Tschüss Umarmung people hugging comfort, embrace, farewell, friendship, goodbye, hello, hug, hugging, love, people, thanks love, harmony, humans, like, making out, arms
png/1F46A.png	Familie	Menschen & Gesten	Familie Junge Kind Mutter Vater family child man, woman, boy, child
png/1F9D1-200D-1F9D1-200D-1F9D2.png	Familie: 2 Erwachsene, 1 Kind	Menschen & Gesten	Erwachsene Erwachsener Familie Kind family: adult, adult, child adult, child, family 
png/1F9D1-200D-1F9D1-200D-1F9D2-200D-1F9D2.png	Familie: 2 Erwachsene, 2 Kinder	Menschen & Gesten	Erwachsene Erwachsener Familie Kind family: adult, adult, child, child adult, child, family 
png/1F9D1-200D-1F9D2.png	Familie: 1 Erwachsene(r), 1 Kind	Menschen & Gesten	Erwachsene Erwachsener Familie Kind family: adult, child adult, child, family 
png/1F9D1-200D-1F9D2-200D-1F9D2.png	Familie: 1 Erwachsene(r), 2 Kinder	Menschen & Gesten	Erwachsene Erwachsener Familie Kind family: adult, child, child adult, child, family 
png/1F463.png	Fußabdrücke	Menschen & Gesten	Abdruck auf dem Weg Fuß Fußabdruck Fußabdrücke footprints barefoot, clothing, footprint, omw, print, walk clothing, footprint, print
png/1FAC6.png	Fingerabdruck	Menschen & Gesten	Fingerabdruck Forensik Identität Sicherheit fingerprint clue, crime, detective, forensics, identity, mystery, print, safety, trace 
png/1F3FB.png	helle Hautfarbe	Bestandteile	Hautfarbe Hauttyp 1–2 helle Hautfarbe light skin tone 1–2, light, skin, tone, type 
png/1F3FC.png	mittelhelle Hautfarbe	Bestandteile	Hautfarbe Hauttyp 3 mittelhelle Hautfarbe medium-light skin tone 3, medium-light, skin, tone, type 
png/1F3FD.png	mittlere Hautfarbe	Bestandteile	Hautfarbe Hauttyp 4 mittlere Hautfarbe medium skin tone 4, medium, skin, tone, type 
png/1F3FE.png	mitteldunkle Hautfarbe	Bestandteile	Hautfarbe Hauttyp 5 mitteldunkle Hautfarbe medium-dark skin tone 5, medium-dark, skin, tone, type 
png/1F3FF.png	dunkle Hautfarbe	Bestandteile	dunkle Hautfarbe Hautfarbe Hauttyp 6 dark skin tone 6, dark, skin, tone, type 
png/1F9B0.png	rotes Haar	Bestandteile	rote Haare rotes Haar rothaarig Rotschopf red hair ginger, hair, red, redhead 
png/1F9B1.png	lockiges Haar	Bestandteile	Afro Lockenkopf lockig lockiges Haar curly hair afro, curly, hair, ringlets 
png/1F9B3.png	weißes Haar	Bestandteile	grau graues Haar grauhaarig weißes Haar weißhaarig white hair gray, hair, old, white 
png/1F9B2.png	Glatze	Bestandteile	Chemo Glatze haarlos kein Haar rasiert bald chemotherapy, hair, hairless, no, shaven 
png/1F435.png	Affengesicht	Tiere & Natur	Affe Affengesicht Banane Dschungel Gesicht Tier Zoo monkey face animal, banana, face, monkey jungle, ape, evolution, primate, africa
png/1F412.png	Affe	Tiere & Natur	Affe Tier monkey animal, banana jungle, ape, evolution, primate
png/1F98D.png	Gorilla	Tiere & Natur	Affe Gesicht Gorilla Tier gorilla animal monkey, primate, evolution
png/1F9A7.png	Orang-Utan	Tiere & Natur	Affe Orang-Utan Tier orangutan animal, ape, monkey 
png/1F436.png	Hundegesicht	Tiere & Natur	Gesicht Hund Hundegesicht Tier treu Wau wuff dog face adorbs, animal, dog, face, pet, puppies, puppy friend, puppy, doggy
png/1F415.png	Hund	Tiere & Natur	Haustier Hund Tier wau wuff dog animal, animals, dogs, pet puppy, doggy
png/1F9AE.png	Blindenhund	Tiere & Natur	Barrierefreiheit Behinderung blind Blindenhund Hund sehbehindert Tier guide dog accessibility, animal, blind, dog, guide 
png/1F415-200D-1F9BA.png	Assistenzhund	Tiere & Natur	Assistenz Assistenzhund Barrierefreiheit Behinderung Hund Tier service dog accessibility, animal, assistance, dog, service 
png/1F429.png	Pudel	Tiere & Natur	Hund Pudel Tier poodle animal, dog, fluffy 
png/1F43A.png	Wolf	Tiere & Natur	Gesicht Tier Wolf Wolfsgesicht wolf animal, face pack, wild, free, forest, dog
png/1F98A.png	Fuchs	Tiere & Natur	Fuchs Fuchsgesicht Gesicht Tier fox animal, face smart, red, quick, intelligent
png/1F99D.png	Waschbär	Tiere & Natur	klug neugierig schlau Tier Waschbär raccoon animal, curious, sly 
png/1F431.png	Katzengesicht	Tiere & Natur	Gesicht Katze Katzengesicht Miau Miez Miezekatze Tier cat face animal, cat, face, kitten, kitty, pet pet, kitty, kitten, miau
png/1F408.png	Katze	Tiere & Natur	Haustier Katze miau Tier cat animal, animals, cats, kitten, pet pet, kitty, kitten, miau
png/1F408-200D-2B1B.png	schwarze Katze	Tiere & Natur	Kater Katze miau Pech schwarz schwarze Katze schwarzer Kater Tier Unglück black cat animal, black, cat, feline, halloween, meow, unlucky bad luck
png/1F981.png	Löwe	Tiere & Natur	Gesicht Löwe Löwengesicht Sternzeichen Tier Tierkreis lion alpha, animal, face, leo, mane, order, rawr, roar, safari, strong, zodiac king, simba, royal, wild, cat
png/1F42F.png	Tigergesicht	Tiere & Natur	Gesicht Raubkatze Tier Tiger Tigergesicht tiger face animal, big, cat, face, predator, tiger stripes, strong, cat, wild
png/1F405.png	Tiger	Tiere & Natur	Tier Tiger tiger animal, big, cat, predator, zoo stripes, strong, cat, wild
png/1F406.png	Leopard	Tiere & Natur	gepunktet Leopard Punkte Raubkatze Raubtier Tier Zoo leopard animal, big, cat, predator, zoo dots, strong, cat, wild, spots
png/1F434.png	Pferdegesicht	Tiere & Natur	Gesicht Pferd Pferdegesicht Pferdekopf Tier horse face animal, dressage, equine, face, farm, horse, horses riding, sport
png/1FACE.png	Elch	Tiere & Natur	Elch Geweih Säugetier Tier moose alces, animal, antlers, elk, mammal 
png/1FACF.png	Esel	Tiere & Natur	austreten Dickschädel Dummkopf Esel Maultier Säugetier störrisch stur Tier donkey animal, ass, burro, hinny, mammal, mule, stubborn 
png/1F40E.png	Pferd	Tiere & Natur	Pferd Rennen Rennpferd Tier horse animal, equestrian, farm, racehorse, racing riding, sport
png/1F984.png	Einhorn	Tiere & Natur	Einhorn Einhorngesicht Gesicht unicorn face fabulous, magical, rainbow, schwäbisch, gmünd
png/1F993.png	Zebra	Tiere & Natur	streifen Streifen tier zebra Zebra zebra animal, stripe horse, black, white
png/1F98C.png	Hirsch	Tiere & Natur	Gesicht Hirsch Tier deer animal forest, hunt, antler
png/1F9AC.png	Bison	Tiere & Natur	Bison Büffel Herde Ochse Tier Wisent bison animal, buffalo, herd, wisent 
png/1F42E.png	Kuhgesicht	Tiere & Natur	Gesicht Kuh Kuhgesicht Tier cow face animal, cow, face, farm, milk, moo farm, milk, beef, grass, dairy, horns, cheese
png/1F402.png	Ochse	Tiere & Natur	Kuh Ochse Sternzeichen Stier Tier Tierkreis ox animal, animals, bull, farm, taurus, zodiac strong, farm, acre, horns, beef
png/1F403.png	Wasserbüffel	Tiere & Natur	Büffel Tier Wasser Wasserbüffel water buffalo animal, buffalo, water, zoo black, horns, beef
png/1F404.png	Kuh	Tiere & Natur	Bauernhof Kuh muh Tier cow animal, animals, farm, milk, moo farm, milk, beef, grass, dairy, horns, cheese
png/1F437.png	Schweinegesicht	Tiere & Natur	Gesicht Schwein Schweinegesicht Tier pig face animal, bacon, face, farm, pig, pork pork, farm, pink, meat, oink
png/1F416.png	Schwein	Tiere & Natur	Bauernhof Sau Schwein Tier pig animal, bacon, farm, pork, sow pork, farm, pink, meat, oink
png/1F417.png	Wildschwein	Tiere & Natur	Eber Schwein Tier Wildschwein boar animal, pig wild, strong, forest, angry, teeth, tusk
png/1F43D.png	Schweinerüssel	Tiere & Natur	Nase Schwein Schweinerüssel Tier pig nose animal, face, farm, nose, pig, smell, snout smell, socket, nose
png/1F40F.png	Widder	Tiere & Natur	Schaf Sternzeichen Tierkreis Widder ram animal, aries, horns, male, sheep, zodiac, zoo horns, grass, hooves, wool
png/1F411.png	Schaf	Tiere & Natur	Bock mäh Schaf Tier Widder Wolle ewe animal, baa, farm, female, fluffy, lamb, sheep, wool horns, grass, hooves, wool, farm
png/1F410.png	Ziege	Tiere & Natur	Steinbock Sternzeichen Tier Tierkreis Ziege goat animal, capricorn, farm, milk, zodiac horns, farm, milk, cheese
png/1F42A.png	Dromedar	Tiere & Natur	Dromedar einhöckrig Kamel Tier Wüste camel animal, desert, dromedary, hump, one desert, oasis, sahara, sun, hot, hump
png/1F42B.png	Kamel	Tiere & Natur	Kamel Tier Wüste zweihöckrig two-hump camel animal, bactrian, camel, desert, hump, two, two-hump desert, oasis, sahara, sun, hot, hump
png/1F999.png	Lama	Tiere & Natur	Alpaca Alpaka Anden Kamel Lama Tier Vicuña Wolle llama alpaca, animal, guanaco, vicuña, wool 
png/1F992.png	Giraffe	Tiere & Natur	flecken Flecken giraffe Giraffe tier giraffe animal, spots long, neck, trees, big
png/1F418.png	Elefant	Tiere & Natur	Elefant Tier elephant animal big, wrinkles, trunk, töröö
png/1F9A3.png	Mammut	Tiere & Natur	Aussterben groß Mammut Natur Stoßzahn Tier wollig mammoth animal, extinction, large, tusk, wooly 
png/1F98F.png	Nashorn	Tiere & Natur	Nashorn Rhinozeros Tier rhinoceros animal rhino, horn, africa
png/1F99B.png	Nilpferd	Tiere & Natur	Flusspferd Hippo Nilpferd Tier hippopotamus animal, hippo 
png/1F42D.png	Mäusegesicht	Tiere & Natur	Gesicht Maus Mäusegesicht Mausgesicht Nagetier Tier mouse face animal, face, mouse cute, whiskers, tiny, rodent
png/1F401.png	Maus	Tiere & Natur	Maus Nage Tier mouse animal, animals small, cute, whiskers, tiny, rodent
png/1F400.png	Ratte	Tiere & Natur	Nagetier Ratte Tier rat animal rodent, plaque, fleas, canal, garbage
png/1F439.png	Hamster	Tiere & Natur	Gesicht Hamster Hamstergesicht Tier hamster animal, face, pet rodent, fat, fluffy, corn
png/1F430.png	Hasengesicht	Tiere & Natur	Gesicht Hase Hasengesicht Kaninchen Karnickel Langohr Mümmelmann Nager Nagetier Tier rabbit face animal, bunny, face, pet, rabbit rodent, teeth, cute, ears, bunny, hopping, easter
png/1F407.png	Hase	Tiere & Natur	Hase Kaninchen Karnickel Mümmelmann Nagetier Tier rabbit animal, bunny, pet rodent, teeth, cute, ears, bunny, hopping, easter
png/1F43F.png	Streifenhörnchen	Tiere & Natur	Streifenhörnchen Tier chipmunk animal, squirrel squirrel, alvin
png/1F9AB.png	Biber	Tiere & Natur	Biber Biberschwanz Biberzahn Damm Natur Otter Tier beaver animal, dam, teeth 
png/1F994.png	Igel	Tiere & Natur	igel Igel stachelig stacheln tier hedgehog animal, spiny prickly
png/1F987.png	Fledermaus	Tiere & Natur	Fledermaus Tier Vampir bat animal, vampire batman, dracula
png/1F43B.png	Bär	Tiere & Natur	Bär Bärengesicht Gesicht Tier bear animal, face, grizzly, growl, honey brown
png/1F43B-200D-2744-FE0F.png	Eisbär	Tiere & Natur	Arktis Eisbär Nordpol weiß polar bear animal, arctic, bear, polar, white ice, arctic, animal, ursa
png/1F428.png	Koala	Tiere & Natur	Koala Koalabär Koalagesicht Tier koala animal, australia, bear, down, face, marsupial, under grey, fluffy, eucalyptus, australia, clingy
png/1F43C.png	Panda	Tiere & Natur	Gesicht Panda Pandabär Pandagesicht Tier panda animal, bamboo, face kawaii, cute, japan
png/1F9A5.png	Faultier	Tiere & Natur	faul Faultier langsam Tier träge sloth lazy, slow 
png/1F9A6.png	Otter	Tiere & Natur	fischen Otter Tier verspielt otter animal, fishing, playful 
png/1F9A8.png	Stinktier	Tiere & Natur	Skunk stinken Stinktier Tier skunk animal, stink 
png/1F998.png	Känguru	Tiere & Natur	Australien Beuteltier Down Under hüpfen Hüpfen Känguru Quokka Skippy springen Tier Wallaby kangaroo animal, joey, jump, marsupial 
png/1F9A1.png	Dachs	Tiere & Natur	Dachs Dachse Frechdachs Honigdachs Ratel Tier badger animal, honey, pester 
png/1F43E.png	Tatzenabdrücke	Tiere & Natur	Abdruck Tatzen Tatzenabdrücke Tier paw prints feet, paw, paws, print, prints paws, feet, pet, animal
png/1F983.png	Truthahn	Tiere & Natur	Geflügel Pute Thanksgiving Truthahn turkey bird, gobble, thanksgiving 
png/1F414.png	Huhn	Tiere & Natur	Geflügel Henne Huhn Tier Tierkopf chicken animal, bird, ornithology egg
png/1F413.png	Hahn	Tiere & Natur	Hahn Tier rooster animal, bird, ornithology egg
png/1F423.png	schlüpfendes Küken	Tiere & Natur	Ei Küken Küken in Eierschale Piep schlüpfen schlüpfendes Küken Tier Vogel hatching chick animal, baby, bird, chick, egg, hatching baby, egg
png/1F424.png	Küken	Tiere & Natur	Küken Kükenkopf Tier baby chick animal, baby, bird, chick, ornithology small, baby, egg
png/1F425.png	Küken von vorne	Tiere & Natur	Geflügel Küken Küken in Frontansicht Küken von vorne Tier front-facing baby chick animal, baby, bird, chick, front-facing, newborn, ornithology 
png/1F426.png	Vogel	Tiere & Natur	Papagei Taube Tier Vogel Vogelkopf bird animal, ornithology fly, colourful
png/1F427.png	Pinguin	Tiere & Natur	Pinguin Pinguinkopf Tier Vogel penguin animal, antarctica, bird, ornithology 
png/1F54A.png	Taube	Tiere & Natur	fliegen Friede Frieden Friedenstaube Taube Vogel dove bird, fly, ornithology, peace fly
png/1F985.png	Adler	Tiere & Natur	Adler Tier Vogel eagle animal, bird, ornithology fly
png/1F986.png	Ente	Tiere & Natur	Ente Tier Vogel duck animal, bird, ornithology water, fly
png/1F9A2.png	Schwan	Tiere & Natur	hässliches Entlein Schwan Tier Vogel swan animal, bird, cygnet, duckling, ornithology, ugly 
png/1F989.png	Eule	Tiere & Natur	Eule Raubvogel Tier Uhu Vogel weise owl animal, bird, ornithology, wise 
png/1F9A4.png	Dodo	Tiere & Natur	Aussterben Dodo Dronte groß Mauritius Natur Tier Vogel dodo animal, bird, extinction, large, ornithology 
png/1FAB6.png	Feder	Tiere & Natur	Feder federleicht Federn fliegen Gefieder leicht Vogelfeder feather bird, flight, light, plumage 
png/1F9A9.png	Flamingo	Tiere & Natur	bunt farbenfroh Flamingo rosa Tier Tropen tropisch Vogel flamingo animal, bird, flamboyant, ornithology, tropical flamingo
png/1F99A.png	Pfau	Tiere & Natur	bunt Pfau stolz stolzieren Tier Vogel peacock animal, bird, colorful, ornithology, ostentatious, peahen, pretty, proud 
png/1F99C.png	Papagei	Tiere & Natur	ausplaudern Papagei Pirat plappern sprechen Tier Vogel Wiederholen parrot animal, bird, ornithology, pirate, talk 
png/1FABD.png	Flügel	Tiere & Natur	Engel Engelsflügel Federn fliegen Flug Flügel himmlisch Mythologie Vogel wing angelic, ascend, aviation, bird, fly, flying, heavenly, mythology, soar 
png/1F426-200D-2B1B.png	schwarzer Vogel	Tiere & Natur	Amsel krächzen Krähe Rabe Schnabel schwarz schwarzer Vogel Tier Vogel black bird animal, beak, bird, black, caw, corvid, crow, ornithology, raven, rook 
png/1FABF.png	Gans	Tiere & Natur	blöd dumm dumme Gans Gans Gänserich Ganter Geflügel schnattern Tier Vogel goose animal, bird, duck, flock, fowl, gaggle, gander, geese, honk, ornithology, silly 
png/1F426-200D-1F525.png	Phönix	Tiere & Natur	Asche Fabelwesen Fantasy Feuer Feuervogel Phönix Reinkarnation Tier Vogel Wiedergeburt phoenix ascend, ascension, emerge, fantasy, firebird, glory, immortal, rebirth, reincarnation, reinvent, renewal, revival, revive, rise, transform 
png/1F438.png	Frosch	Tiere & Natur	Frosch Froschgesicht Gesicht grün quak Tier frog animal, face jump, green
png/1F40A.png	Krokodil	Tiere & Natur	Krokodil Reptil Schnappi Tier crocodile animal, zoo dinosaur
png/1F422.png	Schildkröte	Tiere & Natur	Schildkröte Tier turtle animal, terrapin, tortoise slow, water, sand
png/1F98E.png	Eidechse	Tiere & Natur	Eidechse Reptil lizard animal, reptile fast, small
png/1F40D.png	Schlange	Tiere & Natur	Schlange Schlangenträger Sternzeichen Tier Tierkreis snake animal, bearer, ophiuchus, serpent, zodiac wriggle, fast
png/1F432.png	Drachengesicht	Tiere & Natur	Drache Drachengesicht Gesicht Märchen Tier dragon face animal, dragon, face, fairy, fairytale, tale fire, fly
png/1F409.png	Drache	Tiere & Natur	chinesisch Neujahr Drache Märchen Tier dragon animal, fairy, fairytale, knights, tale fire, fly
png/1F995.png	Sauropode	Tiere & Natur	Brachiosaurus Brontosaurus Dino Dinosaurier Diplodocus Saurier Sauropode sauropod brachiosaurus, brontosaurus, dinosaur, diplodocus dinosaur
png/1F996.png	T-Rex	Tiere & Natur	Dino dinosaurier Dinosaurier saurier Saurier t-rex T-Rex tree Tyrannosaurus Rex T-Rex dinosaur, rex, t, t-rex, tyrannosaurus dinosaur
png/1F433.png	blasender Wal	Tiere & Natur	blasender Wal Blasender Wal Meer Ozean Tier Wal spouting whale animal, beach, face, ocean, spouting, whale cetacean, swim, animal, water
png/1F40B.png	Wal	Tiere & Natur	Ozean Tier Wal whale animal, beach, ocean cetacean, swim, animal, water
png/1F42C.png	Delfin	Tiere & Natur	Delfin Meer Ozean Strand Tier dolphin animal, beach, flipper, ocean cetacean, swim, animal, water
png/1FACD.png	Orca	Tiere & Natur	Meer Meeressäuger Meerestier Orka Ozean Wal orca marine, ocean, whale cetacean, whale, orca, killer whale, blackfish, swim, animal, water
png/1F9AD.png	Seehund	Tiere & Natur	Meer Ozean Robbe Seehund Seelöwe Tier seal animal, lion, ocean, sea 
png/1F41F.png	Fisch	Tiere & Natur	Aquarium Fisch Fische Meehr Sternzeichen Tier Tierkreis fish animal, dinner, fishes, fishing, pisces, zodiac swim, animal, water
png/1F420.png	Tropenfisch	Tiere & Natur	Fisch Tier Tropenfisch tropical fish animal, fish, fishes, tropical swim, animal, water
png/1F421.png	Kugelfisch	Tiere & Natur	Fisch Kugelfisch kugelrund Meer Tier blowfish animal, fish swim, animal, water
png/1F988.png	Hai	Tiere & Natur	Fisch Hai Haifisch Meer Tier shark animal, fish swim, animal, water
png/1F419.png	Oktopus	Tiere & Natur	Krake Meer Oktopus Tier Tintenfisch octopus animal, creature, ocean swim, animal, water
png/1F41A.png	Schneckenhaus	Tiere & Natur	Muschel Schneckenhaus Strand Tier spiral shell animal, beach, conch, sea, shell, spiral beach, sand, water
png/1FAB8.png	Koralle	Tiere & Natur	Great Barrier Reef Klimawandel Koralle Korallenriff Meer Ozean Riff Tier coral change, climate, ocean, reef, sea 
png/1FABC.png	Qualle	Tiere & Natur	autsch brennen Gallert Glibber Meer Meeresbewohner Meerestier Nesseltier Ozean Qualle Tentakeln jellyfish animal, aquarium, burn, invertebrate, jelly, life, marine, ocean, ouch, plankton, sea, sting, stinger, tentacles 
png/1F980.png	Krebs	Tiere & Natur	Krabbe Krebs Meer Sternzeichen Strand Tierkreis crab cancer, zodiac cancer, zodiac
png/1F99E.png	Hummer	Tiere & Natur	Hummer Lobster Meeresfrucht Meeresfrüchte Meerestier Scheren Tier lobster animal, bisque, claws, seafood 
png/1F990.png	Garnele	Tiere & Natur	Garnele Gourmet Krustentier Meeresfrucht Shrimp shrimp food, shellfish, small swim, animal, water, food
png/1F991.png	Tintenfisch	Tiere & Natur	Kalmar Tier Tintenfisch squid animal, food, mollusk swim, animal, water
png/1F9AA.png	Auster	Tiere & Natur	Auster Meer Muschel Perle tauchen Tier oyster diving, pearl shell
png/1F40C.png	Schnecke	Tiere & Natur	langsam Schnecke Tier snail animal, escargot, garden, nature, slug 
png/1F98B.png	Schmetterling	Tiere & Natur	Insekt Schmetterling schön butterfly insect, pretty 
png/1F41B.png	Raupe	Tiere & Natur	gefräßig Insekt Raupe Tier bug animal, garden, insect 
png/1F41C.png	Ameise	Tiere & Natur	Ameise Insekt Tier ant animal, garden, insect 
png/1F41D.png	Biene	Tiere & Natur	Biene Honig Honigbiene Hummel Insekt Maja Natur Summ Tier honeybee animal, bee, bumblebee, honey, insect, nature, spring 
png/1FAB2.png	Käfer	Tiere & Natur	Insekt Käfer Krabbeltier Minzkäfer Tier Wanze beetle animal, bug, insect 
png/1F41E.png	Marienkäfer	Tiere & Natur	Glückskäfer Insekt Käfer krabbel Marienkäfer Punkte Tier lady beetle animal, beetle, garden, insect, lady, ladybird, ladybug, nature 
png/1F997.png	Grille	Tiere & Natur	grashüpfer grille Grille Heuschrecke insekt tier zikade cricket animal, bug, grasshopper, insect, orthoptera 
png/1FAB3.png	Kakerlake	Tiere & Natur	Insekt Käfer Kakerlake krabbeln Krabbeltier Küchenschabe La Cucaracha Schabe Tier cockroach animal, insect, pest, roach 
png/1F577.png	Spinne	Tiere & Natur	Insekt Spinne Tier spider animal, insect 
png/1F578.png	Spinnennetz	Tiere & Natur	Netz Spinne Spinnennetz spider web spider, web 
png/1F982.png	Skorpion	Tiere & Natur	Horoskop Skorpion Sternzeichen Tierkreis scorpion scorpio, scorpius, zodiac 
png/1F99F.png	Mücke	Tiere & Natur	Biss Fieber Insekt Insektenbiss Insektenstich Krankheit Malaria Moskito Mücke Schnake Stechmücke Stich Tier Virus mosquito bite, disease, fever, insect, malaria, pest, virus 
png/1FAB0.png	Fliege	Tiere & Natur	Fliege fliegen Insekt Krankheit Made Mücke Plage Schmeißfliege Tier verwesen fly animal, disease, insect, maggot, pest, rotting 
png/1FAB1.png	Wurm	Tiere & Natur	Insekt Natur Parasit Regenwurm Ringelwurm Tier Wurm worm animal, annelid, earthworm, parasite 
png/1F9A0.png	Mikrobe	Tiere & Natur	Amöbe Amöben Bakterie Bakterien Einzeller Medizin Mikrobe Virus Wissenschaft microbe amoeba, bacteria, science, virus corona, virus, COVID-19
png/1F490.png	Blumenstrauß	Tiere & Natur	Blumen Blumenstrauß Bouquet bouquet anniversary, birthday, date, flower, love, plant, romance present, flower, tulip, bouquet
png/1F338.png	Kirschblüte	Tiere & Natur	Blume Blüte Kirschblüte Kirsche Pflanze cherry blossom blossom, cherry, flower, plant, spring, springtime pink
png/1F4AE.png	Blumenstempel	Tiere & Natur	Blume Blumenstempel white flower flower, white 
png/1FAB7.png	Lotusblüte	Tiere & Natur	Blume Buddhismus Erleuchtung Gleichmut Hinduismus Liebe Lotosblume Lotusblüte Pflanze Reinheit Ruhe Schönheit lotus beauty, buddhism, calm, flower, hinduism, peace, purity, serenity 
png/1F3F5.png	Rosette	Tiere & Natur	Pflanze Rosette rosette plant 
png/1F339.png	Rose	Tiere & Natur	Blume Blüte Pflanze Rose rose beauty, elegant, flower, love, plant, red, valentine rose, red, nature, present, valentines day
png/1F940.png	welke Blume	Tiere & Natur	am sterben Blume sterbend verwelkt welk welke Blume welkende Blume wilted flower dying, flower, wilted rose, red, sad, plant
png/1F33A.png	Hibiskus	Tiere & Natur	Blume Blüte Hibiskus Pflanze Rosa hibiscus flower, plant pink
png/1F33B.png	Sonnenblume	Tiere & Natur	Blume Blüte Pflanze Sonne Sonnenblume sunflower flower, outdoors, plant, sun sun, flower, yellow, summer
png/1F33C.png	gelbe Blüte	Tiere & Natur	Blume Blüte gelbe Blüte Gelbe Blüte Pflanze blossom buttercup, dandelion, flower, plant yellow, nature
png/1F337.png	Tulpe	Tiere & Natur	Blume Blüte Pflanze Tulpe tulip blossom, flower, growth, plant pink, eastern
png/1FABB.png	Hyazinthe	Tiere & Natur	blaue Wiesenlupine blühen Blume Blüte Frühling Hyazinthe Lavendel lila Löwenmaul Lupine Pflanze violett hyacinth bloom, bluebonnet, flower, indigo, lavender, lilac, lupine, plant, purple, shrub, snapdragon, spring, violet 
png/1F331.png	Spross	Tiere & Natur	junge Pflanze Spross seedling plant, sapling, sprout, young farming, growing, green, leaf, leaves, plant
png/1FAB4.png	Topfpflanze	Tiere & Natur	Dekor Grünpflanze Haus Pflanze pflegen Topfpflanze wachsen Zimmerpflanze potted plant decor, grow, house, nurturing, plant, pot, potted 
png/1F332.png	Nadelbaum	Tiere & Natur	Baum Nadelbaum Pflanze Tannenbaum evergreen tree christmas, evergreen, forest, pine, tree green, fir, plant
png/1F333.png	Laubbaum	Tiere & Natur	Baum Blätter grün Laub Laubbaum Pflanze Wald deciduous tree deciduous, forest, green, habitat, shedding, tree green, plant
png/1F334.png	Palme	Tiere & Natur	Baum Kokusnuss Oase Palme Pflanze Strand Tropen palm tree beach, palm, plant, tree, tropical sea, vacation, beach, relax
png/1F335.png	Kaktus	Tiere & Natur	Dürre Kaktus Natur Pflanze Trockenzeit Wüste cactus desert, drought, nature, plant desert, sun, warm, hot, texas, plant
png/1F33E.png	Reisähre	Tiere & Natur	Ähre Pflanze Reis Reisähre Reispflanze sheaf of rice ear, grain, grains, plant, rice, sheaf 
png/1F33F.png	Kräuter	Tiere & Natur	Blätter Kräuter Pflanze herb leaf, plant green, leaves, plant
png/2618.png	Kleeblatt	Tiere & Natur	grün Kleeblatt Pflanze shamrock irish, plant green, leaf, leaves
png/1F340.png	Glücksklee	Tiere & Natur	Blatt Glück Glücksklee Klee Kleeblatt Pflanze Silverster vier vierblättrig Vierblättriges Kleeblatt four leaf clover 4, clover, four, four-leaf, irish, leaf, lucky, plant luck, leaves, green, plant
png/1F341.png	Ahornblatt	Tiere & Natur	Ahorn Ahornblatt Blatt Herbst Laub Pflanze maple leaf falling, leaf, maple autumn, fall, orange
png/1F342.png	Laub	Tiere & Natur	Blatt Blätter Fallendes Laub Herbst Laub Pflanze fallen leaf autumn, fall, fallen, falling, leaf 
png/1F343.png	Blätter im Wind	Tiere & Natur	Blatt Blätter Blätter im Wind Laub Pflanze Wind leaf fluttering in wind blow, flutter, fluttering, leaf, wind 
png/1FAB9.png	leeres Nest	Tiere & Natur	Heim leeres Nest Nest Nestbau nisten Vogelnest Zuhause empty nest branch, empty, home, nest, nesting 
png/1FABA.png	Nest mit Eiern	Tiere & Natur	Heim Nest Nest mit blauen Eiern Nest mit Eiern Nestbau nisten Vogelnest Zuhause nest with eggs bird, branch, egg, eggs, nest, nesting 
png/1F344.png	Fliegenpilz	Tiere & Natur	Fliegenpilz giftig Pilz mushroom fungus, toadstool mushroom
png/1FABE.png	kahler Baum	Tiere & Natur	dürr kahl kahler Baum karg trocken Winter leafless tree bare, barren, branches, dead, drought, leafless, tree, trunk, winter, wood 
png/1F347.png	Trauben	Essen & Trinken	Frucht Obst Traube Trauben Wein grapes dionysus, fruit, grape 
png/1F348.png	Honigmelone	Essen & Trinken	cantaloupe Frucht Honigmelone Melone Obst melon cantaloupe, fruit 
png/1F349.png	Wassermelone	Essen & Trinken	Frucht Melone Obst Wasser Wassermelone watermelon fruit melon, red
png/1F34A.png	Mandarine	Essen & Trinken	Apfelsine Frucht Mandarine Obst Orange Vitamin tangerine c, citrus, fruit, nectarine, orange, vitamin 
png/1F34B.png	Zitrone	Essen & Trinken	Frucht Obst sauer Zitrone Zitrusfrucht lemon citrus, fruit, sour yellow
png/1F34B-200D-1F7E9.png	Limette	Essen & Trinken	Cocktail Essen Frucht Limette Obst Saft sauer Tequila tropisch Zitrusfrucht lime acidity, citrus, cocktail, fruit, garnish, key, margarita, mojito, refreshing, salsa, sour, tangy, tequila, tropical, zest 
png/1F34C.png	Banane	Essen & Trinken	Banane Frucht Obst Schale banana fruit, potassium yellow
png/1F34D.png	Ananas	Essen & Trinken	Ananas Frucht Obst pineapple colada, fruit, pina, tropical tropical
png/1F96D.png	Mango	Essen & Trinken	Essen Frucht Früchte Mango Obst Shaker tropisch mango food, fruit, tropical 
png/1F34E.png	roter Apfel	Essen & Trinken	Apfel Frucht Obst rot roter Apfel red apple apple, diet, food, fruit, health, red, ripe 
png/1F34F.png	grüner Apfel	Essen & Trinken	Apfel Frucht gesund grün grüner Apfel Obst green apple apple, fruit, green 
png/1F350.png	Birne	Essen & Trinken	Birne Frucht Obst pear fruit green
png/1F351.png	Pfirsich	Essen & Trinken	Frucht Obst Pfirsich peach fruit pink, red
png/1F352.png	Kirschen	Essen & Trinken	Frucht Kirsche Kirschen Obst cherries berries, cherry, fruit, red 
png/1F353.png	Erdbeere	Essen & Trinken	Beere Erdbeere Essen Frucht Obst strawberry berry, fruit 
png/1FAD0.png	Blaubeeren	Essen & Trinken	Beere blau Blaubeere Blaubeeren Essen Frucht Heidelbeere Heidelbeeren Lebensmittel Nahrung Obst blueberries berries, berry, bilberry, blue, blueberry, food, fruit 
png/1F95D.png	Kiwi	Essen & Trinken	Frucht Kiwi Obst kiwi fruit food, fruit, kiwi green
png/1F345.png	Tomate	Essen & Trinken	Essen Gemüse Obst Tomate tomato food, fruit, vegetable red
png/1FAD2.png	Olive	Essen & Trinken	Essen grün Lebensmittel Nahrung Olive Olivenöl Olivenzweig Zweig olive food 
png/1F965.png	Kokosnuss	Essen & Trinken	Colada Essen Frucht Kokosnuss Palme Piña coconut colada, palm, piña nut
png/1F951.png	Avocado	Essen & Trinken	Avocado Essen Frucht avocado food, fruit avocado
png/1F346.png	Aubergine	Essen & Trinken	Aubergine Gemüse eggplant aubergine, vegetable purple
png/1F954.png	Kartoffel	Essen & Trinken	Essen Gemüse Kartoffel potato food, vegetable 
png/1F955.png	Karotte	Essen & Trinken	Gemüse Karotte Möhre Mohrrübe carrot food, vegetable 
png/1F33D.png	Maiskolben	Essen & Trinken	Gemüse Mais Maiskolben ear of corn corn, crops, ear, farm, maize, maze yellow
png/1F336.png	Peperoni	Essen & Trinken	Chili Paprika Peperoni Pfeffer Pflanze scharf hot pepper hot, pepper red
png/1FAD1.png	Paprika	Essen & Trinken	Essen Gemüse Gemüsepaprika grün Lebensmittel Nahrung Paprika Peperoni bell pepper bell, capsicum, food, pepper, vegetable 
png/1F952.png	Gurke	Essen & Trinken	Essen Gemüse Gurke Scheiben cucumber food, pickle, vegetable 
png/1F96C.png	Blattgemüse	Essen & Trinken	Blattgemüse blattgrün Essen Gemüse Grünkohl Grünzeug Kohl Kraut Mangold Pak Choi Pok Choi Salat Salatblatt Spinat leafy green bok, burgers, cabbage, choy, green, kale, leafy, lettuce, salad 
png/1F966.png	Brokkoli	Essen & Trinken	Broccoli Brokkoli essen Gemüse Gemüsekohl Kohl broccoli cabbage, wild 
png/1F9C4.png	Knoblauch	Essen & Trinken	Essen Geschmack Knoblauch Lebensmittel Nahrung Würze Zutat garlic flavoring 
png/1F9C5.png	Zwiebel	Essen & Trinken	Essen Geschmack Gewürz Lebensmittel Nahrung Würze Zwiebel onion flavoring 
png/1F95C.png	Erdnuss	Essen & Trinken	Erdnuss Essen peanuts food, nut, peanut, vegetable 
png/1FAD8.png	Bohnen	Essen & Trinken	Bohne Bohnen Essen Gemüse Hülsenfrucht Kidney-Bohne Kidneybohne Lebensmittel beans food, kidney, legume, small 
png/1F330.png	Kastanie	Essen & Trinken	Kastanie Marone chestnut almond, plant 
png/1FADA.png	Ingwer	Essen & Trinken	gesund Gewürz Ginger Ale Ingwer Ingwerbier scharf Wurzel würzig ginger root beer, ginger, health, herb, natural, root, spice 
png/1FADB.png	Erbsenschote	Essen & Trinken	Bohne Edamame Erbse Erbsen Erbsenschote Essen Gemüse Hülsenfrucht Hülsenfrüchte Schote pea pod beans, beanstalk, edamame, legume, pea, pod, soybean, vegetable, veggie 
png/1F344-200D-1F7EB.png	brauner Pilz	Essen & Trinken	braun Essen Fungus Gemüse Lebensmittel Natur Pflanze Pilz Wald brown mushroom food, fungi, fungus, mushroom, nature, pizza, portobello, shiitake, shroom, spore, sprout, toppings, truffle, vegetable, vegetarian, veggie 
png/1FADC.png	Wurzelgemüse	Essen & Trinken	Bete Garten Gemüse Rote Bete Rübe Wurzel root vegetable beet, food, garden, radish, root, salad, turnip, vegetable, vegetarian 
png/1F35E.png	Brot	Essen & Trinken	Brot Brotlaib Essen Kohlenhydrate Laib Brot Toast Weißbrot Weizen bread carbs, food, grain, loaf, restaurant, toast, wheat 
png/1F950.png	Croissant	Essen & Trinken	Corissant Croissant französisch Frühstück Frühstückshörnchen croissant bread, breakfast, crescent, food, french, roll 
png/1F956.png	Baguette	Essen & Trinken	Baguette Brot französisch Frühstück baguette bread baguette, bread, food, french 
png/1FAD3.png	Fladenbrot	Essen & Trinken	Arepa Brot Essen Fladenbrot Lavasch Lebensmittel Naan Nahrung Pita flatbread arepa, bread, food, gordita, lavash, naan, pita 
png/1F968.png	Brezel	Essen & Trinken	brezel Brezel brezen brezn essen gedreht oktoberfest pretzel convoluted, twisted 
png/1F96F.png	Bagel	Essen & Trinken	Bäckerei Backwaren Bagel Brötchen Essen Frühstück Pausenbrot bagel bakery, bread, breakfast, schmear 
png/1F95E.png	Pfannkuchen	Essen & Trinken	Crepe Eierpfannkuchen Essen Pfannkuchen pancakes breakfast, crêpe, food, hotcake, pancake 
png/1F9C7.png	Waffel	Essen & Trinken	Essen Lebensmittel Nahrung Waffel Waffel mit Butter waffle breakfast, indecisive, iron breakfast, indecisive, iron
png/1F9C0.png	Käsestück	Essen & Trinken	Käse Käsestück cheese wedge cheese, wedge 
png/1F356.png	Fleischhachse	Essen & Trinken	Fleisch Fleischhachse Knochen Restaurant meat on bone bone, meat 
png/1F357.png	Hähnchenschenkel	Essen & Trinken	Fleisch Geflügel Hähnchenschenkel Hühnerbein Restaurant poultry leg bone, chicken, drumstick, hungry, leg, poultry, turkey 
png/1F969.png	Fleischstück	Essen & Trinken	essen Fleisch Fleischstück Kotelett Lammkotelett rot Schnitzel Schweinekotelett Steak cut of meat chop, cut, lambchop, meat, porkchop, red, steak 
png/1F953.png	Bacon	Essen & Trinken	Bacon Essen Frühstücksspeck Speck Speckstreifen bacon breakfast, food, meat 
png/1F354.png	Hamburger	Essen & Trinken	Burger Fast Food Hamburger Restaurant hamburger burger, eat, fast, food, hungry 
png/1F35F.png	Pommes frites	Essen & Trinken	Fritten Pommes Pommes frites Pommes Frites french fries fast, food, french, fries 
png/1F355.png	Pizza	Essen & Trinken	Pizza Pizzastück Pizzeria pizza cheese, food, hungry, pepperoni, slice 
png/1F32D.png	Hotdog	Essen & Trinken	Essen Frankfurter Hot Dog Hotdog Wurst Würstchen hot dog dog, frankfurter, hot, hotdog, sausage 
png/1F96A.png	Sandwich	Essen & Trinken	brot Brot essen sandwich Sandwich sandwich bread 
png/1F32E.png	Taco	Essen & Trinken	Essen mexikanisch Taco taco mexican 
png/1F32F.png	Burrito	Essen & Trinken	Burrito essen mexikanisch burrito mexican, wrap 
png/1FAD4.png	Tamale	Essen & Trinken	Burrito eingewickelt Essen Lebensmittel mexikanisch Streetfood Tamale Wrap tamale food, mexican, pamonha, wrapped 
png/1F959.png	Döner	Essen & Trinken	Döner Döner Kebab Falafel Wrap stuffed flatbread falafel, flatbread, food, gyro, kebab, stuffed 
png/1F9C6.png	Falafel	Essen & Trinken	Bällchen Essen Falafel Fleischbällchen Kichererbsen Lebensmittel Nahrung falafel chickpea, meatball hummus, pita
png/1F95A.png	Ei	Essen & Trinken	Ei Frühstück Frühstücksei egg breakfast, food 
png/1F373.png	Spiegelei in Bratpfanne	Essen & Trinken	braten Bratpfanne Kochen Pfanne Spiegelei Spiegelei in Bratpfanne cooking breakfast, easy, egg, fry, frying, over, pan, restaurant, side, sunny, up 
png/1F958.png	Pfannengericht	Essen & Trinken	Essen Paella Pfannengericht Reispfanne shallow pan of food casserole, food, paella, pan, shallow 
png/1F372.png	Topf mit Essen	Essen & Trinken	Eintopf Gericht Schüssel Suppe Topf mit Essen pot of food food, pot, soup, stew 
png/1FAD5.png	Fondue	Essen & Trinken	Essen Fondue geschmolzen Käse Schokolade schweizerisch Topf fondue cheese, chocolate, food, melted, pot, ski 
png/1F963.png	Schüssel mit Löffel	Essen & Trinken	brei Cerealien essen Frühstück haferbrei Reisbrei schüssel Schüssel mit Löffel suppe bowl with spoon bowl, breakfast, cereal, congee, oatmeal, porridge, spoon 
png/1F957.png	Salat	Essen & Trinken	Blattgemüse Essen gesund grün Salat green salad food, green, salad 
png/1F37F.png	Popcorn	Essen & Trinken	Kino Popcorn Snack popcorn corn, movie, pop 
png/1F9C8.png	Butter	Essen & Trinken	Butter Essen Lebensmittel Milchprodukt Nahrung butter dairy 
png/1F9C2.png	Salz	Essen & Trinken	gesalzen Geschmack Gewürz Salz salzig Salzstreuer Würze Zutat salt condiment, flavor, mad, salty, shaker, taste, upset 
png/1F96B.png	Konserve	Essen & Trinken	Büchse Dose essen Konserve canned food can, canned, food 
png/1F371.png	Bento-Box	Essen & Trinken	Bento Bento-Box Japanisches essen Sushi bento box bento, box, food 
png/1F358.png	Reiscracker	Essen & Trinken	Cracker Reiscracker rice cracker cracker, food, rice 
png/1F359.png	Reisbällchen	Essen & Trinken	Essen japanisch Reis Reisbällchen rice ball ball, food, japanese, rice 
png/1F35A.png	Reis in Schüssel	Essen & Trinken	Essen Reis Reis in Schüssel cooked rice cooked, food, rice 
png/1F35B.png	Reis mit Curry	Essen & Trinken	Curry Reis Reis mit Curry curry rice curry, food, rice 
png/1F35C.png	Schüssel und Essstäbchen	Essen & Trinken	chinesisches Essen dampfend Eiernudeln Nudeln Schüssel Schüssel und Essstäbchen Stäbchen Suppe steaming bowl bowl, chopsticks, food, noodle, pho, ramen, soup, steaming 
png/1F35D.png	Spaghetti	Essen & Trinken	Essse Nudeln mit Tomatensoße Pasta Restaurant Spaghetti spaghetti food, meatballs, pasta, restaurant 
png/1F360.png	geröstete Süßkartoffel	Essen & Trinken	Essen Gemüse geröstet Süßkartoffel roasted sweet potato food, potato, roasted, sweet 
png/1F362.png	Oden	Essen & Trinken	japanisches Gericht Oden Restaurant oden food, kebab, restaurant, seafood, skewer, stick 
png/1F363.png	Sushi	Essen & Trinken	japanisches Gericht Restaurant Sushi sushi food 
png/1F364.png	frittierte Garnele	Essen & Trinken	frittierte Garnele Frittierte Garnele Garnele Restaurant tempura fried shrimp fried, prawn, shrimp, tempura 
png/1F365.png	Fischfrikadelle	Essen & Trinken	Fisch Fischfrikadelle Restaurant Spirale fish cake with swirl cake, fish, food, pastry, restaurant, swirl 
png/1F96E.png	Mondkuchen	Essen & Trinken	Essen Fest Festival Herbst Kuchen Mondfest Mondkuchen Pinyin Yuebing moon cake autumn, cake, festival, moon, yuèbǐng 
png/1F361.png	Dango	Essen & Trinken	Dango japanisches Gericht Mochi-Kugeln auf einem Spieß Restaurant dango dessert, japanese, skewer, stick, sweet 
png/1F95F.png	Teigtasche	Essen & Trinken	chinesische Teigtasche dumpling empanada Empanada essen Gyōza Jiaozi kloß Pierogi potsticker Teigtasche dumpling empanada, gyōza, jiaozi, pierogi, potsticker 
png/1F960.png	Glückskeks	Essen & Trinken	essen Glückskeks Prophezeiung fortune cookie cookie, fortune, prophecy 
png/1F961.png	Takeaway-Schachtel	Essen & Trinken	chinesisches essen essen stäbchen Takeaway-Box Takeaway-Schachtel takeout box box, chopsticks, delivery, food, oyster, pail, takeout 
png/1F366.png	Softeis	Essen & Trinken	Eis Softeis soft ice cream cream, dessert, food, ice, icecream, restaurant, serve, soft, sweet 
png/1F367.png	Wassereis	Essen & Trinken	Eis Sorbet Wassereis zerstoßen shaved ice dessert, ice, restaurant, shaved, sweet 
png/1F368.png	Eiscreme	Essen & Trinken	Eis Eisbecher Eiscreme Eisdiele ice cream cream, dessert, food, ice, restaurant, sweet 
png/1F369.png	Donut	Essen & Trinken	Donut Doughnut Essen Kuchen süß doughnut breakfast, dessert, donut, food, sweet 
png/1F36A.png	Keks	Essen & Trinken	Cookie Keks Plätchen cookie chip, chocolate, dessert, sweet 
png/1F382.png	Geburtstagskuchen	Essen & Trinken	Essen feier Feier Geburtstag Geburtstagskuchen Geburtstagstorte happy birthday kerzen Kuchen Lebensmittel Torte birthday cake bday, birthday, cake, celebration, dessert, happy, pastry, sweet 
png/1F370.png	Torte	Essen & Trinken	Kuchen Kuchenstück Stück Torte Torte Tortenstück shortcake cake, dessert, pastry, slice, sweet 
png/1F9C1.png	Cupcake	Essen & Trinken	Bäckerei Cupcake Dessert Essen Gebäck Kalorienbombe Konditorei Muffin Nachspeise Streusel süß Zucker cupcake bakery, dessert, sprinkles, sugar, sweet, treat 
png/1F967.png	Kuchen	Essen & Trinken	Essen Füllung Gebäck Kuchen Pastete Torte pie apple, filling, fruit, meat, pastry, pumpkin, slice 
png/1F36B.png	Schokoladentafel	Essen & Trinken	Essen Schokolade Schokoladentafel Süßigkeit chocolate bar bar, candy, chocolate, dessert, halloween, sweet, tooth 
png/1F36C.png	Bonbon	Essen & Trinken	Bonbon süß Süßigkeit candy cavities, dessert, halloween, restaurant, sweet, tooth, wrapper 
png/1F36D.png	Lutscher	Essen & Trinken	Lolli Lutscher Süßigkeit lollipop candy, dessert, food, restaurant, sweet 
png/1F36E.png	Pudding	Essen & Trinken	Dessert Flan Nachspeise Nachtisch Pudding Schokolade Soße custard dessert, pudding, sweet 
png/1F36F.png	Honigtopf	Essen & Trinken	Honig Honigtopf süß honey pot barrel, bear, food, honey, honeypot, jar, pot, sweet 
png/1F37C.png	Babyflasche	Essen & Trinken	Baby Babyflasche Fläschchen Flasche Kind Milch trinken baby bottle babies, baby, birth, born, bottle, drink, infant, milk, newborn baby, drink, sweet
png/1F95B.png	Glas Milch	Essen & Trinken	Getränk Glas Milch trinken glass of milk drink, glass, milk 
png/2615.png	Heißgetränk	Essen & Trinken	Cafe dampfend Getränk heiß Heißgetränk Kaffee Tasse Tee trinken hot beverage beverage, cafe, caffeine, chai, coffee, drink, hot, morning, steaming, tea 
png/1FAD6.png	Teekanne	Essen & Trinken	Getränk Kanne Lebensmittel Tee Tee brühen Teekanne Teekrug trinken teapot brew, drink, food, pot, tea 
png/1F375.png	Teetasse ohne Henkel	Essen & Trinken	Getränk grüner Tee Oolong Schale Tee Teetasse Teetasse ohne Henkel teacup without handle beverage, cup, drink, handle, oolong, tea, teacup glass, hot
png/1F376.png	Sake-Flasche mit Tasse	Essen & Trinken	Flasche Getränk Sake Sake-Flasche mit Tasse Sake-Flasche und -tasse Tasse trinken sake bar, beverage, bottle, cup, drink, restaurant 
png/1F37E.png	Flasche mit knallendem Korken	Essen & Trinken	Champagner Flasche Flasche mit knallendem Korken Getränk knallen Korken Sekt trinken bottle with popping cork bar, bottle, cork, drink, popping party, celebrate, event
png/1F377.png	Weinglas	Essen & Trinken	Alkohol Bar Glas Wein Weinglas wine glass alcohol, bar, beverage, booze, club, drink, drinking, drinks, glass, restaurant, wine classic, drink, beverage, alcohol
png/1F378.png	Cocktailglas	Essen & Trinken	Bar Cocktail Cocktailglas Drink martini cocktail glass alcohol, bar, booze, club, cocktail, drink, drinking, drinks, glass, mad, martini, men classic, alcohol, elegant, party
png/1F379.png	Cocktail	Essen & Trinken	Bar Cocktail exotisches Getränk tropical drink alcohol, bar, booze, club, cocktail, drink, drinking, drinks, drunk, mai, party, tai, tropical, tropics cocktail, glass, drink, party, summer, party
png/1F37A.png	Bierkrug	Essen & Trinken	Bar Bier Bierkrug Krug Oktoberfest prost Weizenbier beer mug alcohol, ale, bar, beer, booze, drink, drinking, drinks, mug, octoberfest, oktoberfest, pint, stein, summer beer, german, alcohol, bavaria, party
png/1F37B.png	Bierkrüge	Essen & Trinken	anstoßen Bier Bierkrüge Oktoberfest prosit prost Weizen clinking beer mugs alcohol, bar, beer, booze, bottoms, cheers, clink, clinking, drinking, drinks, mugs beer, german, party, alcohol, bavaria, party
png/1F942.png	Sektgläser	Essen & Trinken	anstoßen Feier feiern Getränk Gläser prost Sekt Sektgläser clinking glasses celebrate, clink, clinking, drink, glass, glasses party, secco
png/1F943.png	Trinkglas	Essen & Trinken	Bar Schnaps Trinkglas Whiskey tumbler glass glass, liquor, scotch, shot, tumbler, whiskey, whisky alcohol, classic
png/1FAD7.png	Flüssigkeit ausgießen	Essen & Trinken	ausgießen ausleeren Flüssigkeit ausgießen Getränk gießen Glas leer Missgeschick tropfende Flüssigkeit verschütten pouring liquid accident, drink, empty, glass, liquid, oops, pour, pouring, spill, water 
png/1F964.png	Becher mit Strohhalm	Essen & Trinken	becher Becher mit Strohhalm brause erfrischung Saft Selters soda strohhalm trinken trinkhalm wasser cup with straw cup, drink, juice, malt, soda, soft, straw, water beverage, fastfood
png/1F9CB.png	Bubble Tea	Essen & Trinken	Blase Bubble Tea Essen Getränk Lebensmittel Milch Perle Taiwan Tee bubble tea boba, bubble, food, milk, pearl, tea 
png/1F9C3.png	Trinkpäckchen	Essen & Trinken	Fruchtsaft Getränk Obstsaft Saft Saftpackung Trinkpäckchen beverage box beverage, box, juice, straw, sweet 
png/1F9C9.png	Mate-Tee	Essen & Trinken	Getränk Mate-Tee Tee mate drink 
png/1F9CA.png	Eiswürfel	Essen & Trinken	Eisberg Eiswürfel gefroren kalt kühlen Würfel ice cold, cube, iceberg isometric
png/1F962.png	Essstäbchen	Essen & Trinken	chinesisches essen essen Essstäbchen Hashi japanisches essen stäbchen Stäbchen chopsticks hashi, jeotgarak, kuaizi sticks, eat, chopstick
png/1F37D.png	Teller mit Messer und Gabel	Essen & Trinken	Gabel Geschirr kochen Messer Teller Teller mit Messer und Gabel fork and knife with plate cooking, dinner, eat, fork, knife, plate eat
png/1F374.png	Messer und Gabel	Essen & Trinken	Abendessen Besteck Essen Frühstück Gabel Gabel und Messer Geschirr Hunger lecker Messer Messer und Gabel Mittagessen Restaurant fork and knife breakfast, breaky, cooking, cutlery, delicious, dinner, eat, feed, food, fork, hungry, knife, lunch, restaurant, yum, yummy eat
png/1F944.png	Löffel	Essen & Trinken	Besteck Löffel spoon eat, tableware metal, spoon, eat
png/1F52A.png	Küchenmesser	Essen & Trinken	Küchenmesser Messer schneiden kitchen knife chef, cooking, hocho, kitchen, knife, tool, weapon eat
png/1FAD9.png	Einmachglas	Essen & Trinken	Einmachglas Einweckglas Essen Gewürzglas leer leerer Behälter leeres Einweckglas leeres Glas Marmeladeglas Schraubglas jar condiment, container, empty, nothing, sauce, store 
png/1F3FA.png	Amphore	Essen & Trinken	Amphore Gefäß kochen Krug Sternzeichen Tierkreis trinken Vase Wassermann amphora aquarius, cooking, drink, jug, tool, weapon, zodiac 
png/1F30D.png	Globus mit Europa und Afrika	Reisen & Orte	Afrika Erde Europa Globus mit Europa und Afrika Weltkugel globe showing Europe-Africa africa, earth, europe, europe-africa, globe, showing, world geographic, continent, global, planet
png/1F30E.png	Globus mit Amerika	Reisen & Orte	Erde Globus Globus mit Amerika Nordamerika Südamerika Weltkugel globe showing Americas americas, earth, globe, showing, world geographic, continent, global, planet
png/1F30F.png	Globus mit Asien und Australien	Reisen & Orte	Asien Australien Erde Globus Globus mit Asien und Australien Weltkugel globe showing Asia-Australia asia, asia-australia, australia, earth, globe, showing, world geographic, continent, global, planet
png/1F310.png	Globus mit Meridianen	Reisen & Orte	Breitengrad Globus mit Meridianen Längengrad globe with meridians earth, globe, internet, meridians, web, world, worldwide geographic, continent, global, planet, grid
png/1F5FA.png	Weltkarte	Reisen & Orte	Karte Landkarte reisen Welt Weltkarte world map map, world geographic, continent, global, planet, earth
png/1F5FE.png	Umriss von Japan	Reisen & Orte	Japan Karte Umriss von Japan map of Japan japan, map 
png/1F9ED.png	Kompass	Reisen & Orte	Himmelsrichtung Kompass magnetisch Navigation Orientierung Richtung Windrose compass direction, magnetic, navigation, orienteering wayfinding, direction
png/1F3D4.png	schneebedeckter Berg	Reisen & Orte	Berg Gebirge kalt Schnee schneebedeckter Berg Schneebedeckter Berg snow-capped mountain cold, mountain, snow, snow-capped landscape, nature, hiking, climbing, white, outdoor, adventure
png/26F0.png	Berg	Reisen & Orte	Berg Gebirge mountain mountain landscape, nature, hiking, climbing, outdoor, adventure
png/1F6D8.png	Erdrutsch	Reisen & Orte	Berg Erdbeben Felsen Gefahr Katastrophe Lawine Murenabgang Murgang Schlammlawine landslide avalanche, danger, disaster, earthquake, mountain, mudslide, rocks 
png/1F30B.png	Vulkan	Reisen & Orte	Ausbruch Berg Lava Vulkan Vulkanausbruch Wetter volcano eruption, mountain, nature vulcano, landscape, nature, fire, smoke, hot
png/1F5FB.png	Fuji	Reisen & Orte	Berg Fuji Vulkan mount fuji fuji, mount, mountain, nature japan, japanese, geographic
png/1F3D5.png	Camping	Reisen & Orte	campen Camping Zelt zelten camping camping nature, outdoor, tent, adventure, sleeping
png/1F3D6.png	Strand mit Sonnenschirm	Reisen & Orte	Meer Sonnenschirm Strand Strand mit Sonnenschirm beach with umbrella beach, umbrella nature, summer, sun, sand, water, holidays
png/1F3DC.png	Wüste	Reisen & Orte	heiß Wüste desert desert nature, hot, sun, sand, dry
png/1F3DD.png	einsame Insel	Reisen & Orte	einsam einsame Insel Einsame Insel Insel Meer Palme Strand verlassen desert island desert, island sun, lonely, sand, water, stranded, palm, nature
png/1F3DE.png	Nationalpark	Reisen & Orte	Berg Fluss Nationalpark Natur Park Schutzgebiet national park national, park nature, outdoor, adventure, woods, mountain
png/1F3DF.png	Stadion	Reisen & Orte	Arena Stadion stadium stadium building, football, sports, olympic
png/1F3DB.png	antikes Gebäude	Reisen & Orte	antik antikes Gebäude Antikes Gebäude Gebäude klassizistisch classical building building, classical building, historical, old, antique
png/1F3D7.png	Kran	Reisen & Orte	Bau bauen Kran building construction building, construction, crane work, building lot, crane
png/1F9F1.png	Ziegelstein	Reisen & Orte	bauen Grenze Klinker Mauer Mauerwerk Mörtel Wand Ziegel Ziegelstein Ziegelsteine zugemauert brick bricks, clay, mortar, wall 
png/1FAA8.png	Felsen	Reisen & Orte	Felsen felsig hart Natur schwer Stein steinig rock boulder, heavy, solid, stone, tough 
png/1FAB5.png	Holz	Reisen & Orte	Baumstamm Feuerholz Holz holzig Holzscheite Lagerfeuer wood log, lumber, timber 
png/1F6D6.png	Hütte	Reisen & Orte	Behausung Gebäude Haus Hütte Jurte Objekt Rundhaus Schutz hut home, house, roundhouse, shelter, yurt 
png/1F3D8.png	Wohnhäuser	Reisen & Orte	Dorf Gebäude Haus Häuser Wohnhaus Wohnhäuser Wohnsiedlung houses house buildings, neighbourhood
png/1F3DA.png	verfallenes Haus	Reisen & Orte	Gebäude Haus heruntergekommen verfallen verfallenes Haus verlassen Verlassenes Haus derelict house derelict, home, house building, old, rotten, dangerous
png/1F3E0.png	Haus	Reisen & Orte	Gebäude Haus Zuhause house building, country, heart, home, ranch, settle, simple, suburban, suburbia, where building
png/1F3E1.png	Haus mit Garten	Reisen & Orte	Baum Haus Haus mit Baum Haus mit Garten house with garden building, country, garden, heart, home, house, ranch, settle, simple, suburban, suburbia, where building, grass, green, tree
png/1F3E2.png	Bürogebäude	Reisen & Orte	Bürogebäude Hochhaus office building building, city, cubical, job, office workplace, company, firm, business
png/1F3E3.png	japanisches Postgebäude	Reisen & Orte	Japan japanisches Postgebäude Japanisches Postgebäude Post Japanese post office building, japanese, office, post delivery, mailing, communication
png/1F3E4.png	Postgebäude	Reisen & Orte	Europa Europäisches Postgebäude Post Postgebäude post office building, european, office, post delivery, mailing, yellow, communication
png/1F3E5.png	Krankenhaus	Reisen & Orte	Ambulanz Arzt Gebäude krank Krankenhaus Medizin Notaufnahme hospital building, doctor, medicine building, cross, help, social, public
png/1F3E6.png	Bank	Reisen & Orte	Bank Gebäude Geld bank building money, business, finance, venture
png/1F3E8.png	Hotel	Reisen & Orte	Gebäude Hotel übernachten Unterkunft hotel building sleep, travel, business, holiday, vacation
png/1F3E9.png	Stundenhotel	Reisen & Orte	Gebäude Hotel Liebe Stundenhotel Unterkunft love hotel building, hotel, love building, sex, affair
png/1F3EA.png	Minimarkt	Reisen & Orte	einkaufen Gebäude Geschäft Lebensmittel Minimarkt convenience store 24, building, convenience, hours, store building, shopping, buying, 24
png/1F3EB.png	Schule	Reisen & Orte	Gebäude Schule Schulgebäude school building learning, public, teaching, education
png/1F3EC.png	Kaufhaus	Reisen & Orte	einkaufen Gebäude Geschäft Kaufhaus shoppen department store building, department, store building, shopping, buying
png/1F3ED.png	Fabrik	Reisen & Orte	Fabrik Fabrikgebäude Gebäude factory building firm, workplace, business
png/1F3EF.png	japanisches Schloss	Reisen & Orte	Bauwerk Gebäude Japan japanisch japanisches Schloss Japanisches Schloss Schloss Japanese castle building, castle, japanese building, culture, historical, war
png/1F3F0.png	Schloss	Reisen & Orte	Bauwerk Burg Europa europäisch Gebäude Märchen Märchenschloss Schloss castle building, european building, culture, historical, war
png/1F492.png	Hochzeit	Reisen & Orte	Herz Hochzeit Kirche wedding chapel, hitched, nuptials, romance building, love, marriage, heart
png/1F5FC.png	Tokyo Tower	Reisen & Orte	Fernsehturm Tokio Tokyo Tower Tokyo tower tokyo, tower 
png/1F5FD.png	Freiheitsstatue	Reisen & Orte	Amerika Freiheit Freiheitsstatue Statue of Liberty liberty, new, ny, nyc, statue, york 
png/26EA.png	Kirche	Reisen & Orte	Christ Christentum christlich Gebäude Kirche Kreuz Religion church bless, chapel, christian, cross, religion religious, pray, cross, building, god, mess, faith
png/1F54C.png	Moschee	Reisen & Orte	Islam Moschee Moslem Muslim Religion mosque islam, masjid, muslim, religion religious, pray, building, god, faith
png/1F6D5.png	Hindutempel	Reisen & Orte	Gebäude Hindu Hindutempel Tempel hindu temple hindu, temple 
png/1F54D.png	Synagoge	Reisen & Orte	Jude jüdisch Religion Synagoge Tempel synagogue jew, jewish, judaism, religion, temple religious, pray, building, god, faith
png/26E9.png	Shinto-Schrein	Reisen & Orte	Religion Schrein Shinto Shinto-Schrein shinto shrine religion, shinto, shrine 
png/1F54B.png	Kaaba	Reisen & Orte	Hajj Islam Kaaba Moslem Muslim Religion kaaba hajj, islam, muslim, religion, umrah religious, pray, building, god, black, mecca, faith
png/26F2.png	Springbrunnen	Reisen & Orte	Brunnen Garten Park Springbrunnen fountain fountain 
png/26FA.png	Zelt	Reisen & Orte	Camping Campingurlaub Zelt Zeltplatz tent camping nature, outdoor, adventure
png/1F301.png	neblig	Reisen & Orte	Nebel neblig Wetter foggy fog 
png/1F303.png	Sternenhimmel	Reisen & Orte	City Hochhäuser Nacht Skyline Stadt Sterne Sternenhimmel night with stars night, star, stars 
png/1F3D9.png	Skyline	Reisen & Orte	Gebäude Großstadt Häuser Hochhäuser Skyline Stadt Wolkenkratzer cityscape city buildings, metropolis
png/1F304.png	Sonnenaufgang über Bergen	Reisen & Orte	Berge Sonnenaufgang Sonnenaufgang über Bergen sunrise over mountains morning, mountains, over, sun, sunrise 
png/1F305.png	Sonnenaufgang über dem Meer	Reisen & Orte	Meer Sonnenaufgang Sonnenaufgang über dem Meer sunrise morning, nature, sun 
png/1F306.png	Abendstimmung in der Stadt	Reisen & Orte	Abendstimmung in der Stadt Hochhäuser New York Skyline Sonnenaufgang Sonnenuntergang Wolkenkratzer cityscape at dusk at, building, city, cityscape, dusk, evening, landscape, sun, sunset 
png/1F307.png	Sonnenuntergang in der Stadt	Reisen & Orte	Großstadt Hochhäuser Morgenrot Sonnenaufgang Sonnenuntergang Sonnenuntergang in der Stadt Wolkenkratzer sunset building, dusk, sun 
png/1F309.png	Brücke vor Nachthimmel	Reisen & Orte	Brücke Brücke vor Nachthimmel Golden Gate Nacht nachts bridge at night at, bridge, night 
png/2668.png	heiße Quellen	Reisen & Orte	Dampf dampfend heiß heiße Quelle heiße Quellen Quelle Quellen hot springs hot, hotsprings, springs, steaming 
png/1F3A0.png	Karussellpferd	Reisen & Orte	Karussell Karussellpferd Pferd reiten carousel horse carousel, entertainment, horse 
png/1F6DD.png	Spielplatzrutsche	Reisen & Orte	Rutschbahn Rutsche spielen Spielplatz Spielplatzrutsche Vergnügungspark playground slide amusement, park, play, playground, playing, slide, sliding, theme 
png/1F3A1.png	Riesenrad	Reisen & Orte	Freizeitpark Rad Riesenrad Volksfest ferris wheel amusement, ferris, park, theme, wheel 
png/1F3A2.png	Achterbahn	Reisen & Orte	Achterbahn Freizeitpark Volksfest roller coaster amusement, coaster, park, roller, theme 
png/1F488.png	Barbershop-Säule	Reisen & Orte	Barbershop-Säule Friseur Herrenfriseur Säule barber pole barber, cut, fresh, haircut, pole, shave beauty, hairdresser
png/1F3AA.png	Zirkuszelt	Reisen & Orte	Unterhaltung Zelt Zirkus Zirkuszelt circus tent circus, tent fun, leisure, entertainment, red, white
png/1F682.png	Dampflokomotive	Reisen & Orte	Bahn Dampf Dampflok Dampflokomotive Fahrzeug Lokomotive Schiene Zug locomotive caboose, engine, railway, steam, train, trains, travel train, locomotive, travel, drive
png/1F683.png	Eisenbahnwagen	Reisen & Orte	Eisenbahnwagen Fahrzeug Straßenbahn Straßenbahnwagen Tram Wagen Waggon Wagon Zug railway car car, electric, railway, train, tram, travel, trolleybus train, locomotive, railway car, travel
png/1F684.png	Hochgeschwindigkeitszug mit spitzer Nase	Reisen & Orte	Hochgeschwindigkeitszug mit spitzer Nase ICE Shinkansen TGV Zug high-speed train high-speed, railway, shinkansen, speed, train 
png/1F685.png	Hochgeschwindigkeitszug	Reisen & Orte	Bahn Hochgeschwindigkeitszug Japan Shinkansen Zug bullet train bullet, high-speed, nose, railway, shinkansen, speed, train, travel train, locomotive, railway car, travel, transportation
png/1F686.png	Zug	Reisen & Orte	Bahn Eisenbahn ICE Zug train arrived, choo, railway 
png/1F687.png	U-Bahn	Reisen & Orte	Metro U-Bahn metro subway, travel 
png/1F688.png	S-Bahn	Reisen & Orte	Bahn ICE Monorail S-Bahn Zug light rail arrived, light, monorail, rail, railway 
png/1F689.png	Bahnhof	Reisen & Orte	Bahn Bahnhof Zug station railway, train train station, station, stop, train, railway, travel, departure, arrives
png/1F68A.png	Straßenbahn	Reisen & Orte	Straßenbahn Tram Verkehrsmittel tram trolleybus 
png/1F69D.png	Einschienenbahn	Reisen & Orte	Bahn Einschienenbahn Magnetschwebebahn Monorail monorail vehicle train, locomotive, monorail, travel, transportation
png/1F69E.png	Bergbahn	Reisen & Orte	Bahn Bergbahn Bimmelbahn Zug mountain railway car, mountain, railway, trip 
png/1F68B.png	Straßenbahnwagen	Reisen & Orte	Straßenbahn Straßenbahnwagen Tram Tramwagen Transport Verkehrsmittel Waggon tram car bus, car, tram, trolley, trolleybus 
png/1F68C.png	Bus	Reisen & Orte	Bus Fahrzeug Schulbus bus school, vehicle bus, travel, transportation
png/1F68D.png	Bus von vorne	Reisen & Orte	Bus Bus von vorne Verkehrsmittel Vorderansicht Bus oncoming bus bus, cars, oncoming 
png/1F68E.png	Oberleitungsbus	Reisen & Orte	Oberleitungsbus Straßenbahn Trolleybus trolleybus bus, tram, trolley 
png/1F690.png	Kleinbus	Reisen & Orte	Bus Fahrzeug Kleinbus minibus bus, drive, van, vehicle bus, travel, transportation, car
png/1F691.png	Krankenwagen	Reisen & Orte	Ambulanz Krankenwagen Notfall ambulance emergency, vehicle travel, hospital, ambulance, alarm, doctor, help
png/1F692.png	Feuerwehrauto	Reisen & Orte	Brand Feuerwehrauto Löschfahrzeug fire engine engine, fire, truck travel, fire, fire engine, red, alarm
png/1F693.png	Polizeiwagen	Reisen & Orte	Polizei Polizeiwagen Streifenwagen police car 5–0, car, cops, patrol, police travel, car, police, patrol
png/1F694.png	Polizeiwagen von vorne	Reisen & Orte	Polizei Polizeiwagen von vorne Streifenwagen Vorderansicht Polizeiwagen oncoming police car car, oncoming, police 
png/1F695.png	Taxi	Reisen & Orte	Auto Fahrzeug Taxi taxi cab, cabbie, car, drive, vehicle, yellow travel, transportation, car, taxi, cab
png/1F696.png	Taxi von vorne	Reisen & Orte	Auto fahren gelb Taxi Taxi von vorne Vorderansicht Taxi oncoming taxi cab, cabbie, cars, drove, hail, oncoming, taxi, yellow 
png/1F697.png	Auto	Reisen & Orte	Auto fahren Fahrzeug rot Verkehr automobile car, driving, vehicle car, travel, automobile, vehicle, transportation
png/1F698.png	Auto von vorne	Reisen & Orte	Auto Auto von vorne Automobil Fahrzeug rot Vorderansicht Auto oncoming automobile automobile, car, cars, drove, oncoming, vehicle 
png/1F699.png	Wohnmobil	Reisen & Orte	Auto blau fahren verreisen Wohnmobil sport utility vehicle car, drive, recreational, sport, sportutility, utility, vehicle car, travel, automobile, vehicle, transportation, sport, utility
png/1F6FB.png	Pick-up	Reisen & Orte	Auto fahren Fahrzeug Laster Lastwagen Lieferwagen LKW Pick-up Transport pickup truck automobile, car, flatbed, pick-up, pickup, transportation, truck 
png/1F69A.png	Lieferwagen	Reisen & Orte	Lastwagen Lieferwagen LKW delivery truck car, delivery, drive, truck, vehicle truck, delivery, car, transportation, travel, trucker, driver
png/1F69B.png	Sattelzug	Reisen & Orte	Lastwagen LKW Sattelzug umziehen ziehen um articulated lorry articulated, car, drive, lorry, move, semi, truck, vehicle delivery truck, truck, car, transportation, travel, trucker, truck driver
png/1F69C.png	Traktor	Reisen & Orte	Bauernhof Landwirtschaft Traktor Trecker tractor vehicle tractor, towing, vehicle, farm, farming, field, acre
png/1F3CE.png	Rennauto	Reisen & Orte	Autorennen Rennauto racing car car, racing, zoom sports, motor
png/1F3CD.png	Motorrad	Reisen & Orte	Moped Motorrad Motorrennen motorcycle racing motorsports, vehicle
png/1F6F5.png	Motorroller	Reisen & Orte	Motoroller Motorroller Roller Vespa motor scooter motor, scooter motor, scooter, transportation, bicycle
png/1F9BD.png	manueller Rollstuhl	Reisen & Orte	Barrierefreiheit Behinderung manueller Rollstuhl Rollstuhl manual wheelchair accessibility, manual, wheelchair 
png/1F9BC.png	elektrischer Rollstuhl	Reisen & Orte	Barrierefreiheit Behinderung elektrischer Rollstuhl Rollstuhl motorized wheelchair accessibility, motorized, wheelchair 
png/1F6FA.png	Autorikscha	Reisen & Orte	Autorikscha Fahrzeug Tuk-Tuk auto rickshaw auto, rickshaw, tuk 
png/1F6B2.png	Fahrrad	Reisen & Orte	BMX Fahrrad Rad Radeln Radler Spinning bicycle bike, class, cycle, cycling, cyclist, gang, ride, spin, spinning bike, vehicle, bicycle
png/1F6F4.png	Tretroller	Reisen & Orte	Roller Tretroller kick scooter kick, scooter kick, scooter, city roller
png/1F6F9.png	Skateboard	Reisen & Orte	Board Brett Räder Skateboard Skateboard fahren skaten Skater skateboard board, skate, skater, wheels 
png/1F6FC.png	Rollschuh	Reisen & Orte	Rollen Rollerskate Rollschuh Rollschuh laufen Schuh Sport roller skate blades, roller, skate, skates, sport 
png/1F68F.png	Bushaltestelle	Reisen & Orte	Bus Bushaltestelle Haltestelle bus stop bus, busstop, stop station, stop, bus, traffic, travel, bus stop, departure, arrive
png/1F6E3.png	Autobahn	Reisen & Orte	Autobahn Schnellstraße motorway highway, road 
png/1F6E4.png	Bahngleis	Reisen & Orte	Bahn Bahngleis Gleise Schienen railway track railway, track, train 
png/1F6E2.png	Ölfass	Reisen & Orte	Fass Öl Ölfass oil drum drum, oil 
png/26FD.png	Tanksäule	Reisen & Orte	Benzin Tanke tanken Tanksäule Tankstelle fuel pump diesel, fuel, fuelpump, gas, gasoline, pump, station fuel, gas, station, transportation
png/1F6DE.png	Autorad	Reisen & Orte	Autorad Autoreifen drehen Rad Reifen Reifen mit Felgen rotieren wheel car, circle, tire, turn, vehicle 
png/1F6A8.png	Polizeilicht	Reisen & Orte	Polizei Polizeilicht Sirene police car light alarm, alert, beacon, car, emergency, light, police, revolving, siren 
png/1F6A5.png	horizontale Verkehrsampel	Reisen & Orte	Ampel horizontale Verkehrsampel Horizontale Verkehrsampel Verkehrsampel vertikal horizontal traffic light horizontal, intersection, light, signal, stop, stoplight, traffic light, red, green, yellow, traffic, traffic light
png/1F6A6.png	vertikale Verkehrsampel	Reisen & Orte	Ampel horizontal Verkehrsampel vertikale Verkehrsampel Vertikale Verkehrsampel vertical traffic light drove, intersection, light, signal, stop, stoplight, traffic, vertical light, red, green, yellow, vertical, traffic, light
png/1F6D1.png	Stoppschild	Reisen & Orte	achteckig Schild Stopp Stoppschild stop sign octagonal, sign, stop stop, sign, signal, warning
png/1F6A7.png	Baustellenabsperrung	Reisen & Orte	Baustelle Baustellenabsperrung Baustellenschild Schild construction barrier barrier, warning, stop, attention, traffic
png/2693.png	Anker	Reisen & Orte	Anker Hafen Meer anchor ship, tool boat, ship, travel, sea, atlantic, ocean, water, tool, anchor, metal
png/1F6DF.png	Rettungsring	Reisen & Orte	Leben retten Lebensretter retten Rettung Rettungsring Schwimmring Sicherheit ring buoy buoy, float, life, lifesaver, preserver, rescue, ring, safety, save, saver, swim 
png/26F5.png	Segelboot	Reisen & Orte	Boot Segelboot sailboat boat, resort, sailing, sea, yacht boat, passengers, ship, travel, sea, atlantic, ocean, water, yacht, resort, sail, sailboat
png/1F6F6.png	Kanu	Reisen & Orte	Boot Kanu Wassersport canoe boat 
png/1F6A4.png	Schnellboot	Reisen & Orte	Boot Luxus Schnellboot See Sommer Wasser Yacht speedboat billionaire, boat, lake, luxury, millionaire, summer, travel boat, passengers, ship, travel, sea, atlantic, ocean, water, speed
png/1F6F3.png	Passagierschiff	Reisen & Orte	Aida Passagierschiff Rundreise Schiff Seereise Traumschiff passenger ship passenger, ship boat, passengers, ship, travel, sea, atlantic, ocean, water
png/26F4.png	Fähre	Reisen & Orte	Fähre Schiff ferry boat, passenger 
png/1F6E5.png	Motorboot	Reisen & Orte	Boot Motorboot Schiff motor boat boat, motor, motorboat boat, passengers, ship, travel, sea, atlantic, ocean, water, motor
png/1F6A2.png	Schiff	Reisen & Orte	Dampfer Kreuzfahrtschiff Schiff Traumschiff ship boat, passenger, travel boat, passengers, ship, travel, sea, atlantic, ocean, water
png/2708.png	Flugzeug	Reisen & Orte	Flieger Flugzeug airplane aeroplane, fly, flying, jet, plane, travel fly, airplane, aeroplane, air, sky, travel, departure, arrive
png/1F6E9.png	kleines Flugzeug	Reisen & Orte	Flugzeug klein kleines Flugzeug Kleines Flugzeug Privatjet small airplane aeroplane, airplane, plane, small fly, airplane, aeroplane, air, sky, travel
png/1F6EB.png	Abflug	Reisen & Orte	Abflug fliegen Flughafen Flugzeug Start Start eines Flugzeugs airplane departure aeroplane, airplane, check-in, departure, departures, plane fly, airplane, aeroplane, air, sky, travel, departure
png/1F6EC.png	Landung eines Flugzeugs	Reisen & Orte	Ankunft Flieger Flughafen Flugzeug landen Landung Landung eines Flugzeugs airplane arrival aeroplane, airplane, arrival, arrivals, arriving, landing, plane fly, airplane, aeroplane, air, sky, travel, arrive
png/1FA82.png	Fallschirm	Reisen & Orte	Fallschirm Fallschirmspringen Paragliding Skydiving Sport parachute hang-glide, parasail, skydive 
png/1F4BA.png	Sitzplatz	Reisen & Orte	Bus Flugzeug Sitz Sitzplatz Zug seat chair seat, chair, lounge, airplane, sitting, comfort
png/1F681.png	Hubschrauber	Reisen & Orte	fliegen Helikopter Hubschrauber reisen helicopter copter, roflcopter, travel, vehicle helicopter, air, transportation, sky, fly, flying
png/1F69F.png	Schwebebahn	Reisen & Orte	Hängebahn Schwebebahn suspension railway railway, suspension 
png/1F6A0.png	Bergschwebebahn	Reisen & Orte	Bergschwebebahn Schwebebahn mountain cableway cable, cableway, gondola, lift, mountain, ski travel, mountain, high
png/1F6A1.png	Bergseilbahn	Reisen & Orte	Bergseilbahn Gondel Seilbahn aerial tramway aerial, cable, car, gondola, ropeway, tramway 
png/1F6F0.png	Satellit	Reisen & Orte	Satellit Sputnik Weltraum satellite space space, galaxy, satellite
png/1F680.png	Rakete	Reisen & Orte	All Rakete Weltraum rocket launch, rockets, space, travel rocket, space, galaxy, adventure, alien, transportation
png/1F6F8.png	fliegende Untertasse	Reisen & Orte	Alien Außerirdisch fliegende Untertasse UFO flying saucer aliens, extra, flying, saucer, terrestrial, ufo alien, UFO, space, planets, adventures
png/1F6CE.png	Rezeptionsklingel	Reisen & Orte	Klingel Rezeptionsklingel bellhop bell bell, bellhop, hotel 
png/1F9F3.png	Gepäck	Reisen & Orte	Ballast Gepäck Hartschalenkoffer Koffer Reise Trolley-Tasche luggage bag, packing, roller, suitcase, travel 
png/231B.png	Sanduhr	Reisen & Orte	Prozess Sanduhr Vorgang läuft Zeit hourglass done done, hourglass, sand, time, timer countdown, hourglass
png/23F3.png	laufende Sanduhr	Reisen & Orte	laufende Sanduhr Laufende Sanduhr Prozess Sanduhr Vorgang läuft hourglass not done done, flowing, hourglass, hours, not, sand, timer, waiting, yolo 
png/231A.png	Armbanduhr	Reisen & Orte	Armbanduhr Uhr Zeit watch clock, time watch, time
png/23F0.png	Wecker	Reisen & Orte	Uhr Uhrzeit Wecker Zeit alarm clock alarm, clock, hours, hrs, late, time, waiting watch, time
png/23F1.png	Stoppuhr	Reisen & Orte	Stoppuhr Uhr Zeit stopwatch clock, time 
png/23F2.png	Zeitschaltuhr	Reisen & Orte	Timer Uhr Zeitschaltuhr timer clock clock, timer time
png/1F570.png	Kaminuhr	Reisen & Orte	Kaminuhr tick tack Uhr mantelpiece clock clock, mantelpiece, time 
png/1F55B.png	Ziffernblatt 12:00 Uhr	Reisen & Orte	0 Uhr 12 12:00 Uhr Mittag Mitternacht Uhr Ziffernblatt 12:00 Uhr Ziffernblatt 12.00 Uhr zwölf Uhr twelve o’clock 12, 12:00, clock, o’clock, time, twelve time
png/1F567.png	12:30 Uhr	Reisen & Orte	00:30 12:30 halb eins Uhr Zeit Ziffernblatt 12:30 Uhr Ziffernblatt 12.30 Uhr twelve-thirty 12, 12:30, 30, clock, thirty, time, twelve time
png/1F550.png	1:00 Uhr	Reisen & Orte	01:00 1 1:00 Uhr 13:00 Punkt eins Uhr Zeit Ziffernblatt 1:00 Uhr Ziffernblatt 1.00 Uhr one o’clock 1, 1:00, clock, one, o’clock, time time
png/1F55C.png	1:30 Uhr	Reisen & Orte	1 Uhr 30 1:30 Uhr halb zwei Uhr Ziffernblatt 1:30 Uhr Ziffernblatt 1.30 Uhr one-thirty 1, 1:30, 30, clock, one, thirty, time time
png/1F551.png	2:00 Uhr	Reisen & Orte	2 2:00 Uhr Uhr Zeit Ziffernblatt 2:00 Uhr Ziffernblatt 2.00 Uhr two o’clock 2, 2:00, clock, o’clock, time, two time
png/1F55D.png	2:30 Uhr	Reisen & Orte	2:30 Uhr halb drei Uhr Zeit Ziffernblatt 2:30 Uhr Ziffernblatt 2.30 Uhr two-thirty 2, 2:30, 30, clock, thirty, time, two time
png/1F552.png	3:00 Uhr	Reisen & Orte	3 3:00 Uhr Uhr Zeit Ziffernblatt 3:00 Uhr Ziffernblatt 3.00 Uhr three o’clock 3, 3:00, clock, o’clock, three, time time
png/1F55E.png	3:30 Uhr	Reisen & Orte	3:30 Uhr halb vier Uhr Ziffernblatt 3:30 Uhr Ziffernblatt 3.30 Uhr three-thirty 3, 30, 3:30, clock, thirty, three, time time
png/1F553.png	4:00 Uhr	Reisen & Orte	4 4:00 Uhr Uhr Zeit Ziffernblatt 4:00 Uhr Ziffernblatt 4.00 Uhr four o’clock 4, 4:00, clock, four, o’clock, time time
png/1F55F.png	4:30 Uhr	Reisen & Orte	04:30 16:30 4:30 Uhr halb fünf Uhr Zeit Ziffernblatt 4:30 Uhr Ziffernblatt 4.30 Uhr four-thirty 30, 4, 4:30, clock, four, thirty, time time
png/1F554.png	5:00 Uhr	Reisen & Orte	05:00 17:00 5 5:00 Uhr Punkt fünf Uhr Zeit Ziffernblatt 5:00 Uhr Ziffernblatt 5.00 Uhr five o’clock 5, 5:00, clock, five, o’clock, time time
png/1F560.png	5:30 Uhr	Reisen & Orte	05:30 17:30 5:30 Uhr halb sechs Uhr Ziffernblatt 5:30 Uhr Ziffernblatt 5.30 Uhr five-thirty 30, 5, 5:30, clock, five, thirty, time time
png/1F555.png	6:00 Uhr	Reisen & Orte	6 6:00 Uhr Uhr Zeit Ziffernblatt 6:00 Uhr Ziffernblatt 6.00 Uhr six o’clock 6, 6:00, clock, o’clock, six, time time
png/1F561.png	6:30 Uhr	Reisen & Orte	6:30 Uhr halb sieben Uhr Ziffernblatt 6.30 Uhr six-thirty 30, 6, 6:30, clock, six, thirty time
png/1F556.png	7:00 Uhr	Reisen & Orte	7 7:00 Uhr Uhr Ziffernblatt 7:00 Uhr Ziffernblatt 7.00 Uhr seven o’clock 0, 7, 7:00, clock, o’clock, seven time
png/1F562.png	7:30 Uhr	Reisen & Orte	7:30 Uhr halb acht Uhr Zeit Ziffernblatt 7:30 Uhr Ziffernblatt 7.30 Uhr seven-thirty 30, 7, 7:30, clock, seven, thirty time
png/1F557.png	8:00 Uhr	Reisen & Orte	8 8:00 Uhr Uhr um 8 Zeit Ziffernblatt 8:00 Uhr Ziffernblatt 8.00 Uhr eight o’clock 8, 8:00, clock, eight, o’clock, time time
png/1F563.png	8:30 Uhr	Reisen & Orte	8:30 Uhr halb neun Uhr Ziffernblatt 8:30 Uhr Ziffernblatt 8.30 Uhr eight-thirty 30, 8, 8:30, clock, eight, thirty, time time
png/1F558.png	9:00 Uhr	Reisen & Orte	9 9:00 Uhr Uhr Zeit Ziffernblatt 9:00 Uhr Ziffernblatt 9.00 Uhr nine o’clock 9, 9:00, clock, nine, o’clock, time time
png/1F564.png	9:30 Uhr	Reisen & Orte	9:30 Uhr halb zehn Uhr Zeit Ziffernblatt 9:30 Uhr Ziffernblatt 9.30 Uhr nine-thirty 30, 9, 9:30, clock, nine, thirty, time time
png/1F559.png	10:00 Uhr	Reisen & Orte	10 10:00 Uhr Uhr Zeit Ziffernblatt 10:00 Uhr Ziffernblatt 10.00 Uhr ten o’clock 0, 10, 10:00, clock, o’clock, ten time
png/1F565.png	10:30 Uhr	Reisen & Orte	10:30 Uhr halb elf Uhr Ziffernblatt 10:30 Uhr Ziffernblatt 10.30 Uhr ten-thirty 10, 10:30, 30, clock, ten, thirty, time time
png/1F55A.png	11:00 Uhr	Reisen & Orte	11 11:00 Uhr Uhr Zeit Ziffernblatt 11:00 Uhr Ziffernblatt 11.00 Uhr eleven o’clock 11, 11:00, clock, eleven, o’clock, time time
png/1F566.png	11:30 Uhr	Reisen & Orte	11:30 Uhr halb zwölf Uhr Zeit Ziffernblatt 11:30 Uhr Ziffernblatt 11.30 Uhr eleven-thirty 11, 11:30, 30, clock, eleven, thirty, time time
png/1F311.png	Neumond	Reisen & Orte	Mond Neumond new moon dark, moon, new, space 
png/1F312.png	erstes Mondviertel	Reisen & Orte	erstes Mondviertel Erstes Mondviertel Mond zunehmend waxing crescent moon crescent, dreams, moon, space, waxing 
png/1F313.png	zunehmender Halbmond	Reisen & Orte	Halbmond Mond zunehmend zunehmender Halbmond Zunehmender Halbmond first quarter moon first, moon, quarter, space 
png/1F314.png	zweites Mondviertel	Reisen & Orte	Mond zunehmend zweites Mondviertel Zweites Mondviertel waxing gibbous moon gibbous, moon, space, waxing 
png/1F315.png	Vollmond	Reisen & Orte	Mond Vollmond full moon full, moon, space 
png/1F316.png	drittes Mondviertel	Reisen & Orte	abnehmend drittes Mondviertel Drittes Mondviertel Mond waning gibbous moon gibbous, moon, space, waning 
png/1F317.png	abnehmender Halbmond	Reisen & Orte	abnehmend abnehmender Halbmond Abnehmender Halbmond Halbmond last quarter moon last, moon, quarter, space 
png/1F318.png	letztes Mondviertel	Reisen & Orte	abnehmend letztes Mondviertel Letztes Mondviertel Mond Nacht waning crescent moon crescent, moon, space, waning 
png/1F319.png	Mondsichel	Reisen & Orte	Mond Mondsichel Nacht crescent moon crescent, moon, ramadan, space crescent moon, full moon, night, night sky, moon, celestial body, crescent, planet, far away
png/1F31A.png	Neumond mit Gesicht	Reisen & Orte	Gesicht Mond Mondgesicht Neumond Neumond mit Gesicht new moon face face, moon, new, space 
png/1F31B.png	Mondsichel mit Gesicht links	Reisen & Orte	Gesicht Mond Mondsichel Mondsichel mit Gesicht links Weltall first quarter moon face face, first, moon, quarter, space face, first quarter, half moon, moon, full moon, night, night sky, starry sky, light, moonlight, round, celestial bodies, sickle, planet
png/1F31C.png	Mondsichel mit Gesicht rechts	Reisen & Orte	Gesicht Mondsichel Mondsichel mit Gesicht rechts Nacht last quarter moon face dreams, face, last, moon, quarter face, last quarter, half moon, moon, full moon, night, night sky, starry sky, light, moonlight, round, celestial bodies, sickle, planet
png/1F321.png	Thermometer	Reisen & Orte	Temperatur Thermometer Wetter thermometer weather temperatures, room temperatures, degrees, heat, warming, fever, cold, celsius, measure, sick
png/2600.png	Sonne	Reisen & Orte	Sonne Sonnenstrahlen sonnig Strahlen Wetter sun bright, rays, space, sunny, weather sun, sunrise, warm, sunbeams, feel good, beach, tanning, fire, fireball, hot, heavenly body
png/1F31D.png	Vollmond mit Gesicht	Reisen & Orte	Gesicht Vollmond Vollmond mit Gesicht full moon face bright, face, full, moon moon, full moon, night, stars, moonlight, disc, no clouds
png/1F31E.png	Sonne mit Gesicht	Reisen & Orte	Gesicht Sonne Sonne mit Gesicht Sonnengesicht Sonnenschein sun with face beach, bright, day, face, heat, shine, sun, sunny, sunshine, weather sun, face, bright, sun, sunrise, warm, rays, beach, tanning, fire, fireball, hot, celestial bodies, star
png/1FA90.png	Ringplanet	Reisen & Orte	Gasplanet Himmelskörper Planet Ringplanet Saturn ringed planet planet, ringed, saturn, saturnine saturn, saturnine
png/2B50.png	weißer mittelgroßer Stern	Reisen & Orte	astronomie gelber Stern Himmel Stern weißer mittelgroßer Stern star astronomy, medium, stars, white star, shine, small planet, sky, yellow, sparkle, far away
png/1F31F.png	funkelnder Stern	Reisen & Orte	funkeln funkelnder Stern Funkelnder Stern glitzern Stern glowing star glittery, glow, glowing, night, shining, sparkle, star, win star, shine, glow, bright, sparkle, small planet, sky, yellow, far away, constellation, shooting star, milky way
png/1F320.png	Sternschnuppe	Reisen & Orte	Himmel Sternschnuppe shooting star falling, night, shooting, space, star shooting star, star, sparkle, shine, bright, far away, sky, star sky, night, wish, lightning
png/1F30C.png	Milchstraße	Reisen & Orte	Galaxie Milchstraße Universum milky way milky, space, way 
png/2601.png	Wolke	Reisen & Orte	Wetter Wolke wolkig cloud weather cloud, cloudy, rain, gray, misty, diffuse, sky, dream, fleecy clouds
png/26C5.png	Sonne hinter Wolke	Reisen & Orte	Sonne Sonne hinter Wolke Wolke wolkig sun behind cloud behind, cloud, cloudy, sun, weather sun, behind, cloud, appear, cloudy, cool, sunny, weather
png/26C8.png	Wolke mit Blitz und Regen	Reisen & Orte	Blitz Gewitter Regen Wetter Wolke Wolke mit Blitz und Regen wolkig cloud with lightning and rain cloud, lightning, rain, thunder, thunderstorm cloud, lightning, rain, thunder, weather, storm, thunderstorm
png/1F324.png	Sonne hinter kleiner Wolke	Reisen & Orte	bewölkt kleine Wolke Sonne Sonne hinter kleiner Wolke Wetter Wolke sun behind small cloud behind, cloud, sun, weather sun, behind, small, cloud, sunny, cloudy, rain, cool, sky, weather
png/1F325.png	Sonne hinter großer Wolke	Reisen & Orte	bewölkt große Wolke Sonne Sonne hinter großer Wolke Wetter Wolke sun behind large cloud behind, cloud, sun, weather sun, behind, large, cloud, gray, cloudy, rain, diffuse, sky, weather
png/1F326.png	Sonne hinter Regenwolke	Reisen & Orte	Regenwolke Sonne Sonne hinter Regenwolke Wetter sun behind rain cloud behind, cloud, rain, sun, weather sun, behind, rain, cloud, wet, rainy, cloudy, cool, weather
png/1F327.png	Wolke mit Regen	Reisen & Orte	Regen Regenwolke Wetter Wolke Wolke mit Regen cloud with rain cloud, rain, weather cloud, rain, raindrops, falling, down, wet, cool, cloudy, weather, stormy
png/1F328.png	Wolke mit Schnee	Reisen & Orte	kalt Schnee Wetter Wolke Wolke mit Schnee cloud with snow cloud, cold, snow, weather cloud, snow, falling, ice, wet, cold, cloudy, stormy, weather
png/1F329.png	Wolke mit Blitz	Reisen & Orte	Blitz Gewitter Wetter Wolke Wolke mit Blitz cloud with lightning cloud, lightning, weather cloud, lightning, glaring, wet, cold, cloudy, gray, weather, storm, current, voltage, light up, light
png/1F32A.png	Wirbelsturm	Reisen & Orte	Tornado Wetter Wirbelsturm tornado cloud, weather, whirlwind tornado, wind, blow, sky, dangerous, severe weather, storm, hurricane, typhoon, cyclone
png/1F32B.png	Nebel	Reisen & Orte	Nebel neblig Wetter fog cloud, weather 
png/1F32C.png	Wind	Reisen & Orte	Wetter Wind windig wind face blow, cloud, face, wind wind, face, blowing, air, mouth, mother nature, sky
png/1F300.png	Wirbel	Reisen & Orte	Spirale Wirbel Wirbelsturm cyclone dizzy, hurricane, twister, typhoon, weather whirl, swirl, spiral, funnel, rotation, rotate, air, turbulent
png/1F308.png	Regenbogen	Reisen & Orte	Regenbogen Wetter rainbow gay, genderqueer, glbt, glbtq, lesbian, lgbt, lgbtq, lgbtqia, nature, pride, queer, rain, trans, transgender, weather rainbow, color, colorful, colors formed in the sky, sunbeams, sunlight, facet, sparkle, unicorn
png/1F302.png	geschlossener Regenschirm	Reisen & Orte	geschlossener Regenschirm Geschlossener Regenschirm Regen Regenschirm closed umbrella closed, clothing, rain, umbrella 
png/2602.png	Regenschirm	Reisen & Orte	Bekleidung Regen Regenschirm Wetter umbrella clothing, rain purple, umbrella, rain, wet, drop, raindrops
png/2614.png	Regenschirm im Regen	Reisen & Orte	Regen Regenschirm Regenschirm im Regen umbrella with rain drops clothing, drop, drops, rain, umbrella, weather umbrella, rain, raindrops, wet, drops, windy, rain falling
png/26F1.png	aufgestellter Sonnenschirm	Reisen & Orte	aufgestellt aufgestellter Sonnenschirm Aufgestellter Sonnenschirm Sonnenschirm Strand umbrella on ground ground, rain, sun, umbrella 
png/26A1.png	Hochspannung	Reisen & Orte	Blitz Elektrizität Gefahr Gewitter Hochspannung Hochspannungszeichen Strom high voltage danger, electric, electricity, high, lightning, nature, thunder, thunderbolt, voltage, zap lightning, high voltage, storm, current, voltage, volts, lights, light
png/2744.png	Schneeflocke	Reisen & Orte	Flocke kalt Schnee Schneeflocke schneien Wetter Winter snowflake cold, snow, weather snowflake, snow, ice, icy, wintry, snow storm, white, cold, frosty, season, weather, melting
png/2603.png	Schneemann im Schnee	Reisen & Orte	Schnee Schneemann Schneemann im Schnee snowman cold, man, snow 
png/26C4.png	Schneemann ohne Schneeflocken	Reisen & Orte	kalt Schnee Schneemann Schneemann ohne Schneeflocken Winter snowman without snow cold, man, snow, snowman snowman, frosty, frosty the snowman, snowman, olaf, winter, not snowing
png/2604.png	Komet	Reisen & Orte	Komet Weltall comet space 
png/1F525.png	Feuer	Reisen & Orte	brennen Feuer Flamme heiß fire af, burn, flame, hot, lit, litaf, tool fire, burn, hot, high temperature, flame, glow, flame, tool
png/1F4A7.png	Tropfen	Reisen & Orte	Schweiß Träne Tropfen Wasser Wassertropfen droplet cold, comic, drop, nature, sad, sweat, tear, water, weather drops, droplets, raindrops, wet, rain, cold, fluid, liquid, wet, puddle, pearl, tear
png/1F30A.png	Welle	Reisen & Orte	Meer Welle water wave nature, ocean, surf, surfer, surfing, water, wave wave, water, salty, sea, wet, cold, sun, beach, vacation, air, surf, sough, listen
png/1F383.png	Halloweenkürbis	Aktivitäten	Halloween Halloweenkürbis Herbst Kürbis Kürbislaterne jack-o-lantern celebration, halloween, jack, lantern, pumpkin pumpkin
png/1F384.png	Weihnachtsbaum	Aktivitäten	Baum Tanne Weihnachten Weihnachtsbaum Christmas tree celebration, christmas, tree celebration, christmas, tree, xmas
png/1F386.png	Feuerwerk	Aktivitäten	Feuerwerk Silvester fireworks boom, celebration, entertainment, yolo 
png/1F387.png	Wunderkerze	Aktivitäten	Feiern Feuerwerk Party Wunderkerze sparkler boom, celebration, fireworks, sparkle 
png/1F9E8.png	Feuerwerkskörper	Aktivitäten	Dynamit Explosion explosiv Feuer Feuerwerk Feuerwerkskörper Funken Knall knallen Knaller Kracher Silvester sprengen Sprengstoff Zündstoff firecracker dynamite, explosive, fire, fireworks, light, pop, popping, spark 
png/2728.png	funkelnde Sterne	Aktivitäten	* funkel funkeln funkelnde Sterne Funkelnde Sterne Sterne sparkles *, magic, sparkle, star magic, beautiful
png/1F388.png	Luftballon	Aktivitäten	Ballon Feier Geburtstag Luftballon balloon birthday, celebrate, celebration balloon, birthday, party, decoration
png/1F389.png	Konfettibombe	Aktivitäten	Böller Feier juhu Knaller Konfetti Konfettibombe Party super yay party popper awesome, birthday, celebrate, celebration, excited, hooray, party, popper, tada, woohoo decoration, happy
png/1F38A.png	Konfettiball	Aktivitäten	Feier Konfetti Konfettiball Party confetti ball ball, celebrate, celebration, confetti, party, woohoo decoration, happy
png/1F38B.png	Tanabata-Baum	Aktivitäten	Baum Fest Japan Sternenfest Tanabata-Baum Zettel tanabata tree banner, celebration, japanese, tanabata, tree 
png/1F38D.png	Piniendekoration	Aktivitäten	Japan Neujahrsfest Piniendekoration pine decoration bamboo, celebration, decoration, japanese, pine, plant 
png/1F38E.png	japanische Puppen	Aktivitäten	japanische Puppen Japanische Puppen Puppenfest Japan Japanese dolls celebration, doll, dolls, festival, japanese 
png/1F38F.png	traditionelle japanische Windsäcke	Aktivitäten	Feier Karpfen traditionelle japanische Windsäcke Traditionelle japanische Windsäcke Windsäcke carp streamer carp, celebration, streamer 
png/1F390.png	japanisches Windspiel	Aktivitäten	Bimmel Feier Glocke japanisches Windspiel Japanisches Windspiel Wind wind chime bell, celebration, chime, wind 
png/1F391.png	traditionelles Mondfest	Aktivitäten	Japan Mond Mondfest traditionelles Mondfest Traditionelles Mondfest moon viewing ceremony celebration, ceremony, moon, viewing 
png/1F9E7.png	roter Umschlag	Aktivitäten	Geld Geschenk Glück Hong Bao Hongbao roter Umschlag red envelope envelope, gift, good, hóngbāo, lai, luck, money, red, see 
png/1F380.png	pinke Schleife	Aktivitäten	Feier Geschenk pink rosa Schleife ribbon celebration present, gift, decoration, party, girl, girly, fashion
png/1F381.png	Geschenk	Aktivitäten	Feier Geburtstag Geschenk Schachtel Schleife Überraschung verpackt Weihnachten wrapped gift birthday, bow, box, celebration, christmas, gift, present, surprise, wrapped present, birthday, christmas
png/1F397.png	Gedenkschleife	Aktivitäten	Gedenkschleife Schleife reminder ribbon celebration, reminder, ribbon 
png/1F39F.png	Eintrittskarten	Aktivitäten	Billet Eintrittskarte Eintrittskarten Ticket admission tickets admission, ticket, tickets 
png/1F3AB.png	Ticket	Aktivitäten	Konzert Ticket Unterhaltung ticket admission, stub 
png/1F396.png	Militärorden	Aktivitäten	Militärorden Orden military medal award, celebration, medal, military medal, medallion, military, ribbon
png/1F3C6.png	Pokal	Aktivitäten	Bundesliga Champion gewinnen Pokal Preis Sieger Sport Trophäe trophy champion, champs, prize, slay, sport, victory, win, winning trophy, championship, winner, gold cup, award
png/1F3C5.png	Sportmedaille	Aktivitäten	Gewinn Goldmedaille Medaille Sportmedaille sports medal award, gold, medal, sports, winner sports, medal, sporting
png/1F947.png	Goldmedaille	Aktivitäten	Erster Gewinn Goldmedaille Medaille 1. Platz 1st place medal 1st, first, gold, medal, place gold medal, gold, medal, 1st place medal, first place medal
png/1F948.png	Silbermedaille	Aktivitäten	Medaille 2. Platz Silbermedaille Zweiter 2nd place medal 2nd, medal, place, second, silver silver, medal, silver medal, second place, second place medal, 2nd place medal
png/1F949.png	Bronzemedaille	Aktivitäten	Bronzemedaille Dritter Medaille 3. Platz 3rd place medal 3rd, bronze, medal, place, third bronze, medal, bronze medal, third place, third place medal, 3rd place medal
png/26BD.png	Fußball	Aktivitäten	Ball Bundesliga Fußball Messi soccer ball ball, football, futbol, soccer, sport soccer, ball, football, game, ball game, team sports
png/26BE.png	Baseball	Aktivitäten	Ball Baseball baseball ball, sport baseball, white, ball, american, game, ball game, team sports
png/1F94E.png	Softball	Aktivitäten	Ball Baseball Handschuh Softball Sport Unterarm werfen softball ball, glove, sports, underarm 
png/1F3C0.png	Basketball	Aktivitäten	Ball Basketball Korb Sport basketball ball, hoop, sport basketball, orange ball, team sport, sport, canadian sport, game
png/1F3D0.png	Volleyball	Aktivitäten	Ball Sport Volleyball volleyball ball, game ball, ball game, team sport, sport, hobby, olympic games
png/1F3C8.png	Football	Aktivitäten	American Football Amerika Ball Football Sport Super Bowl american football american, ball, bowl, football, sport, super american, football, american game, oval ball, ball game, superbowl, team sport
png/1F3C9.png	Rugbyball	Aktivitäten	Ball Rugby Rugbyball Sport rugby football ball, football, rugby, sport rugby, football, brown ball, league, rugby, union, team sport, british sports, sport
png/1F3BE.png	Tennisball	Aktivitäten	Ball Sport Tennis Tennisball tennis ball, racquet, sport tennis, tennis ball, ball game, game, racket, racquet, sport
png/1F94F.png	Frisbee	Aktivitäten	Disc Disk fliegende Untertasse Frisbee Scheibe Ultimate flying disc disc, flying, ultimate 
png/1F3B3.png	Bowling	Aktivitäten	Bowling Bowlingkugel Kugel Spiel bowling ball, game, sport, strike 
png/1F3CF.png	Kricket	Aktivitäten	Ball Cricket Kricket Schläger cricket game ball, bat, cricket, game cricket, game, cricket bat and ball, hobby, activity
png/1F3D1.png	Feldhockey	Aktivitäten	Feldhockey Hockey Schläger field hockey ball, field, game, hockey, stick field, hockey, field hockey stick and ball, ice hockey, team sport, hockey stick, puck
png/1F3D2.png	Eishockey	Aktivitäten	Eishockey Eishockey-Schläger und Puck Hockey Puck Schläger ice hockey game, hockey, ice, puck, stick ice hockey, hockey stick, puck, field hockey, game, team sport
png/1F94D.png	Lacrosse	Aktivitäten	Ball Lacrosse Schläger Sport Stick Stock Tor lacrosse ball, goal, sports, stick 
png/1F3D3.png	Tischtennis	Aktivitäten	Ball Ping Pong Schläger Spiel Sport Tischtennis ping pong ball, bat, game, paddle, ping, pingpong, pong, table, tennis ping pong, table tennis, paddle, ball, game, ball game, hobby
png/1F3F8.png	Badminton	Aktivitäten	Badminton Federball Schläger badminton birdie, game, racquet, shuttlecock 
png/1F94A.png	Boxhandschuh	Aktivitäten	Boxen Boxhandschuh Handschuh Sport boxing glove boxing, glove boxing, glove, red, mitt, sport, fist, beat, slap, slap in your face, muhammad ali
png/1F94B.png	Kampfsportanzug	Aktivitäten	Judo Kampfkunst Kampfsport Kampfsportanzug Karate Taekwondo martial arts uniform arts, judo, karate, martial, taekwondo, uniform white, uniform, judo, karate, keikogi, sport
png/1F945.png	Tor	Aktivitäten	Fußball Netz Sport Tor goal net goal, net 
png/26F3.png	Golffahne	Aktivitäten	Golffahne Golfplatz flag in hole flag, golf, hole, sport flag, golf, golf flag, golf hole with flag, sport, ball, goal
png/26F8.png	Schlittschuh	Aktivitäten	Eislauf Schlittschuh ice skate ice, skate, skating 
png/1F3A3.png	Angel mit Fisch	Aktivitäten	Angel mit Fisch Angeln Entspannung fishing pole entertainment, fish, fishing, pole, sport fishing rod, fishing pole, line, fish, caught, hobby
png/1F93F.png	Tauchmaske	Aktivitäten	schnorcheln schwimmen Sport Sporttauchen tauchen Tauchmaske diving mask diving, mask, scuba, snorkeling 
png/1F3BD.png	Laufshirt	Aktivitäten	Laufen Laufshirt Laufshirt mit Schärpe Schärpe Sport running shirt athletics, running, sash, shirt 
png/1F3BF.png	Ski	Aktivitäten	Ski Ski und Stöcke skis ski, snow, sport skis, skiing, ski boot, to ski, winter, snow, hobby, sport
png/1F6F7.png	Schlitten	Aktivitäten	Rodel Rodeln Schlitten Schnee sled luge, sledge, sleigh, snow, toboggan 
png/1F94C.png	Curlingstein	Aktivitäten	Curlingstein Spiel Sport Stein curling stone curling, game, rock, stone 
png/1F3AF.png	Darts	Aktivitäten	Dart Darts Pfeil Spiel Volltreffer Zielscheibe bullseye bull, dart, direct, entertainment, game, hit, target direct, hit, dart board, archery, bullseye, target, darts, game
png/1FA80.png	Jo-Jo	Aktivitäten	Jo-Jo Spielzeug Yo-Yo yo-yo fluctuate, toy 
png/1FA81.png	Drachen	Aktivitäten	Drachen fliegen hochfliegen steigen Wind kite fly, soar 
png/1F52B.png	Wasserpistole	Aktivitäten	Pistole Revolver Waffe Wasserpistole water pistol gun, handgun, pistol, revolver, tool, water, weapon gun, weapon, pistol
png/1F3B1.png	Billardkugel	Aktivitäten	8-Ball Billard Billardkugel Kugel schwarz Spiel pool 8 ball 8, 8ball, ball, billiard, eight, game, pool pool ball, 8 ball, black ball, cue ball, magic 8 ball, pool, snooker, billiards, game
png/1F52E.png	Kristallkugel	Aktivitäten	Kristallkugel Wahrsager Zukunft crystal ball ball, crystal, fairy, fairytale, fantasy, fortune, future, magic, tale, tool mystery
png/1FA84.png	Zauberstab	Aktivitäten	Abrakadabra Hexe Hexer Magie magisch Wunder Zauberei Zauberer Zauberin zaubern Zauberstab magic wand magic, magician, wand, witch, wizard 
png/1F3AE.png	Gamepad	Aktivitäten	Gamepad Gaming Unterhaltung Videospiel video game controller, entertainment, game, video gamble
png/1F579.png	Joystick	Aktivitäten	Gaming Joystick Videospiel joystick game, video, videogame 
png/1F3B0.png	Spielautomat	Aktivitäten	Glücksspiel Spiel Spielautomat slot machine casino, gamble, gambling, game, machine, slot, slots 
png/1F3B2.png	Spielwürfel	Aktivitäten	Casino Spiel Spielwürfel Unterhaltung Würfel würfeln Zufall game die dice, die, entertainment, game board game, isometric
png/1F9E9.png	Puzzleteil	Aktivitäten	Bestandteile Hinweise Hobby passen puzzeln Puzzle Puzzlestück Puzzleteil Puzzleteile Spiel Teile zusammenpassen zusammensetzen puzzle piece clue, interlocking, jigsaw, piece, puzzle 
png/1F9F8.png	Teddybär	Aktivitäten	Bär Kuscheltier Plüschteddy Plüschtier Spielwaren Spielzeug Stoffbär Stofftier Teddy Teddybär teddy bear bear, plaything, plush, stuffed, teddy, toy 
png/1FA85.png	Piñata	Aktivitäten	Feier Hau drauf mexikanisch Mexiko Objekt Party Pinada Pinata Piñata süß Süßigkeiten piñata candy, celebrate, celebration, cinco, de, festive, mayo, party, pinada, pinata 
png/1FAA9.png	Discokugel	Aktivitäten	Disco Discokugel Lichtreflexe Party Spiegel Spiegelkugel Tanz tanzen mirror ball ball, dance, disco, glitter, mirror, party 
png/1FA86.png	Matroschka	Aktivitäten	Babuschka Matrioschka Matrjoschka Matroschka Puppe Russland Spielzeug nesting dolls babooshka, baboushka, babushka, doll, dolls, matryoshka, nesting, russia 
png/2660.png	Pik	Aktivitäten	Karten Kartenspiel Pik spade suit card, game, spade, suit 
png/2665.png	Herz	Aktivitäten	Herz Kartenspiel heart suit card, emotion, game, heart, hearts, suit 
png/2666.png	Karo	Aktivitäten	Karo Kartenspiel diamond suit card, diamond, game, suit 
png/2663.png	Kreuz	Aktivitäten	Kartenspiel Kreuz club suit card, club, clubs, game, suit 
png/265F.png	Bauer Schach	Aktivitäten	Bauer Schach Schach chess pawn chess, dupe, expendable, pawn 
png/1F0CF.png	Jokerkarte	Aktivitäten	Joker Jokerkarte Spielkarte joker card, game, wildcard 
png/1F004.png	Mahjong-Stein	Aktivitäten	Mahjong Mahjong-Stein roter Drache Spiel mahjong red dragon dragon, game, mahjong, red 
png/1F3B4.png	japanische Blumenkarte	Aktivitäten	Blume Blumenkarte Hanafuda Japan japanische Blumenkarte Japanische Blumenkarte Karte flower playing cards card, cards, flower, game, japanese, playing 
png/1F3AD.png	Masken	Aktivitäten	Kunst Masken Theater Unterhaltung performing arts actor, actress, art, arts, entertainment, mask, performing, theater, theatre, thespian culture, entertainment, education
png/1F5BC.png	gerahmtes Bild	Aktivitäten	Bild Gemälde gerahmtes Bild Kunst malen Rahmen zeichnen Zeichnung framed picture art, frame, framed, museum, painting, picture culture, artist, entertainment
png/1F3A8.png	Mischpalette	Aktivitäten	Farben Kunst Künstler Mischpalette Palette artist palette art, artist, artsy, arty, colorful, creative, entertainment, museum, painter, painting, palette culture, artist, leisure, entertainment
png/1F9F5.png	Faden	Aktivitäten	Faden Nadel nähen Nähen Nähfaden Nähgarn Rolle Spule Zwirn thread needle, sewing, spool, string 
png/1FAA1.png	Nähnadel	Aktivitäten	einfädeln Faden Nadel Nadel und Faden nähen Nähnadel Nähte schneidern Stiche sticken sewing needle embroidery, needle, sew, sewing, stitches, sutures, tailoring, thread 
png/1F9F6.png	Wollknäuel	Aktivitäten	Ball Garn häkeln Häkeln spinnen stricken Stricken Wolle Wollknäuel Zwirn yarn ball, crochet, knit 
png/1FAA2.png	Knoten	Aktivitäten	Achterknoten binden Knoten Schnur Schnürsenkel Seemansknoten Segelboot segeln Seil verknoten zusammendrehen knot cord, rope, tangled, tie, twine, twist 
png/1F453.png	Brille	Gegenstände & Technik	Accessoire Brille glasses clothing, eye, eyeglasses, eyewear 
png/1F576.png	Sonnenbrille	Gegenstände & Technik	Augen Brille dunkel Sonnenbrille sunglasses dark, eye, eyewear, glasses sunglasses
png/1F97D.png	Schutzbrille	Gegenstände & Technik	Augenschutz Brille Schutzbrille schweißen Schweißen Schweißerbrille schwimmen Schwimmen tauchen Taucherbrille goggles dive, eye, protection, scuba, swimming, welding 
png/1F97C.png	Laborkittel	Gegenstände & Technik	Arzt Arztkittel Doc Doktor Experiment Kleidung Kleidungsstück Laborkittel Labormantel weiße Jacke weißer Mantel Wissenschaftler lab coat clothes, coat, doctor, dr, experiment, jacket, lab, scientist, white 
png/1F9BA.png	Sicherheitsweste	Gegenstände & Technik	Kleidung Notfall Sicherheit Sicherheitsweste Weste safety vest emergency, safety, vest 
png/1F454.png	Hemd mit Krawatte	Gegenstände & Technik	Hemd Hemd mit Krawatte Kleidung Kragen Schlips necktie clothing, employed, serious, shirt, tie cravatte, smart
png/1F455.png	T-Shirt	Gegenstände & Technik	Kleidung Shirt T-Shirt t-shirt blue, casual, clothes, clothing, collar, dressed, shirt, shopping, tshirt, weekend 
png/1F456.png	Jeans	Gegenstände & Technik	Hose Jeans Kleidung jeans blue, casual, clothes, clothing, denim, dressed, pants, shopping, trousers, weekend 
png/1F9E3.png	Schal	Gegenstände & Technik	Hals kalt Kleidung Schal warm anziehen scarf bundle, cold, neck, up 
png/1F9E4.png	Handschuhe	Gegenstände & Technik	Hand Handschuh Handschuhe gloves hand 
png/1F9E5.png	Mantel	Gegenstände & Technik	brr Jacke kalt Kleidung Mantel warm anziehen coat brr, bundle, cold, jacket, up 
png/1F9E6.png	Socken	Gegenstände & Technik	socken Socken strumpf strümpfe Strümpfe socks stocking 
png/1F457.png	Kleid	Gegenstände & Technik	Kleid Kleidung dress clothes, clothing, dressed, fancy, shopping beautiful, dress, woman
png/1F458.png	Kimono	Gegenstände & Technik	japanisch Kimono Kleid Kleidung kimono clothing, comfortable japan, clothing
png/1F97B.png	Sari	Gegenstände & Technik	Kleid Kleidung Sari sari clothing, dress 
png/1FA71.png	einteiliger Badeanzug	Gegenstände & Technik	Badeanzug einteiliger Badeanzug Kleidung one-piece swimsuit bathing, one-piece, suit, swimsuit 
png/1FA72.png	Slip	Gegenstände & Technik	Badeanzug Einteiler Kleidung Slip Unterwäsche briefs bathing, one-piece, suit, swimsuit, underwear 
png/1FA73.png	Shorts	Gegenstände & Technik	Badebekleidung Badehose Boxershorts Kleidung Schwimmshorts Shorts shorts bathing, pants, suit, swimsuit, underwear 
png/1F459.png	Bikini	Gegenstände & Technik	Badeanzug Bikini Kleidung bikini bathing, beach, clothing, pool, suit, swim summer
png/1F45A.png	Bluse	Gegenstände & Technik	Bluse Damenmode Kleidung Oberbekleidung Shirt woman’s clothes blouse, clothes, clothing, collar, dress, dressed, lady, shirt, shopping, woman, woman’s 
png/1FAAD.png	Faltfächer	Gegenstände & Technik	Abkühlung Fächer Faltfächer flirten heiß kühlen Luft zufächeln schüchtern spanisch Tanz warm folding hand fan clack, clap, cool, cooling, dance, fan, flirt, flutter, folding, hand, hot, shy 
png/1F45B.png	Geldbörse	Gegenstände & Technik	Accessoire Brieftasche Geldbörse Münzen Portemonnaie purse clothes, clothing, coin, dress, fancy, handbag, shopping money
png/1F45C.png	Handtasche	Gegenstände & Technik	Accessoire einkaufen Handtasche Tasche handbag bag, clothes, clothing, dress, lady, purse, shopping 
png/1F45D.png	Clutch	Gegenstände & Technik	Accessoire Beutel Clutch Handtasche Kulturbeutel Tasche Waschtasche clutch bag bag, clothes, clothing, clutch, dress, handbag, pouch, purse 
png/1F6CD.png	Einkaufstüten	Gegenstände & Technik	einkaufen Einkaufen Einkaufstüten shoppen Shopping Tasche Tüte shopping bags bag, bags, hotel, shopping buy
png/1F392.png	Schulranzen	Gegenstände & Technik	Ranzen Rucksack Schule Schulranzen Tornister backpack backpacking, bag, bookbag, education, rucksack, satchel, school young
png/1FA74.png	Zehensandale	Gegenstände & Technik	Badelatschen Flipflops Latschen Sandalen Schuh Strandschuh Zehensandale Zehensandalen thong sandal beach, flip, flop, sandal, sandals, shoe, thong, thongs, zōri 
png/1F45E.png	Herrenschuh	Gegenstände & Technik	gehen Herren Herrenschuh Schuh man’s shoe brown, clothes, clothing, feet, foot, kick, man, man’s, shoe, shoes, shopping 
png/1F45F.png	Sportschuh	Gegenstände & Technik	laufen rennen Schuh Sneaker sportlich Sportschuh Turnschuh running shoe athletic, clothes, clothing, fast, kick, running, shoe, shoes, shopping, sneaker, tennis 
png/1F97E.png	Wanderstiefel	Gegenstände & Technik	brauner Schuh campen Camping Kleidungsstück Outdoor Rucksacktour Schuh Stiefel Wandern Wanderstiefel Wanderung hiking boot backpacking, boot, brown, camping, hiking, outdoors, shoe 
png/1F97F.png	flacher Schuh	Gegenstände & Technik	Ballerina Ballet-Pumps bequem flacher Schuh Frauenschuh Kleidungsstück Schuh Slipper flat shoe ballet, comfy, flat, flats, shoe, slip-on, slipper 
png/1F460.png	Stöckelschuh	Gegenstände & Technik	Absatz Absatzschuh Damen elegant High Heel Highheels Pumps rot Schuh Stöckelschuh vornehm high-heeled shoe clothes, clothing, dress, fashion, heel, heels, high-heeled, shoe, shoes, shopping, stiletto, woman 
png/1F461.png	Damensandale	Gegenstände & Technik	Damen Damensandale Sandale Schuh woman’s sandal clothing, sandal, shoe, woman, woman’s 
png/1FA70.png	Ballettschuhe	Gegenstände & Technik	Ballett Ballettschuhe Kleidung Schuhe Tanz ballet shoes ballet, dance, shoes 
png/1F462.png	Damenstiefel	Gegenstände & Technik	Damen Damenstiefel Schuh Stiefel woman’s boot boot, clothes, clothing, dress, shoe, shoes, shopping, woman, woman’s 
png/1FAAE.png	Haarkamm	Gegenstände & Technik	afro Afro Afro Pick Haare Haarkamm Kamm kämmen hair pick afro, comb, groom, hair, pick 
png/1F451.png	Krone	Gegenstände & Technik	König Königin Kopfbedeckung Krone Majestät crown clothing, family, king, medieval, queen, royal, royalty, win crone, gold
png/1F452.png	Damenhut	Gegenstände & Technik	Damenhut Damenhut mit Schleife Hut Kleidung Kopfbedeckung Schleife woman’s hat clothes, clothing, garden, hat, hats, party, woman, woman’s beautiful
png/1F3A9.png	Zylinder	Gegenstände & Technik	Hut Kopfbedeckung Unterhaltung Zauberer Zylinder Zylinderhut top hat clothes, clothing, fancy, formal, hat, magic, top, tophat magic
png/1F393.png	Doktorhut	Gegenstände & Technik	Abschlussfeier Diplom Doktorhut graduation cap cap, celebration, clothing, education, graduation, hat, scholar 
png/1F9E2.png	Baseballmütze	Gegenstände & Technik	Baseball Baseball-Kappe Baseball-mütze Baseballkappe Baseballmütze Mütze Schirmkappe billed cap baseball, bent, billed, cap, dad, hat 
png/1FA96.png	Militärhelm	Gegenstände & Technik	Armee Heer Helm Kämpfer Kämpferin Krieg Militär Militärhelm Schutzhelm Soldat Soldatin military helmet army, helmet, military, soldier, war, warrior 
png/26D1.png	Rettungshelm	Gegenstände & Technik	bergen erste Hilfe Helm Helm mit weißem Kreuz Hilfe Kreuz retten Rettungshelm roter Helm Sanitäter rescue worker’s helmet aid, cross, face, hat, helmet, rescue, worker’s 
png/1F4FF.png	Gebetskette	Gegenstände & Technik	beten Gebet Gebetskette Kette Religion Rosenkranz prayer beads beads, clothing, necklace, prayer, religion expensive, jewelry
png/1F484.png	Lippenstift	Gegenstände & Technik	Kosmetik Lippenstift Make-up makeup Rot Schminke lipstick cosmetics, date, makeup 
png/1F48D.png	Ring	Gegenstände & Technik	Diamantring Edelstein Ring Schmuck Verlobung ring diamond, engaged, engagement, married, romance, shiny, sparkling, wedding expensive, jewelry
png/1F48E.png	Edelstein	Gegenstände & Technik	Diamant Edelstein gem stone diamond, engagement, gem, jewel, money, romance, stone, wedding expensive
png/1F507.png	durchgestrichener Lautsprecher	Gegenstände & Technik	durchgestrichener Lautsprecher Durchgestrichener Lautsprecher leise psst stumm stummgeschaltet muted speaker mute, muted, quiet, silent, sound, speaker 
png/1F508.png	Lautsprecher mit geringer Lautstärke	Gegenstände & Technik	eingeschaltet Lautsprecher mit geringer Lautstärke Ton an speaker low volume low, soft, sound, speaker, volume sound
png/1F509.png	Lautsprecher mit mittlerer Lautstärke	Gegenstände & Technik	Lautsprecher mit einer Schallwelle Lautsprecher mit mittlerer Lautstärke leise mittellaut Ton speaker medium volume medium, sound, speaker, volume 
png/1F50A.png	Lautsprecher mit hoher Lautstärke	Gegenstände & Technik	Dezibel laut Lautsprecher mit drei Schallwellen Lautsprecher mit hoher Lautstärke Musik Schallwellen speaker high volume high, loud, music, sound, speaker, volume sound
png/1F4E2.png	Lautsprecher	Gegenstände & Technik	Lautsprecher Megafon Schallendes Megafon loudspeaker address, communication, loud, public, sound sound
png/1F4E3.png	Megafon	Gegenstände & Technik	Jubel Lautsprecher Megafon megaphone cheering, sound 
png/1F4EF.png	Posthorn	Gegenstände & Technik	Brief E-Mail Post Posthorn postal horn horn, post, postal 
png/1F514.png	Glocke	Gegenstände & Technik	ding dong Glocke Klingeling Ton eingeschaltet bell break, church, sound sound
png/1F515.png	durchgestrichene Glocke	Gegenstände & Technik	durchgestrichene Glocke Durchgestrichene Glocke Glocke kein ton leise Ton ausgeschaltet bell with slash bell, forbidden, mute, no, not, prohibited, quiet, silent, slash, sound 
png/1F3BC.png	Notenschlüssel	Gegenstände & Technik	Musik Noten Notenschlüssel Partitur Violinschlüssel musical score music, musical, note, score violin key, rhythm
png/1F3B5.png	Musiknote	Gegenstände & Technik	Lied Melodie Musik Musiknote Note musical note music, musical, note, sound song, melody, sounds, tone
png/1F3B6.png	Musiknoten	Gegenstände & Technik	Musik Musiknoten Noten musical notes music, musical, note, notes, sound melody, harmony, sounds, rhythm
png/1F399.png	Studiomikrofon	Gegenstände & Technik	Mikrofon Studiomikrofon studio microphone mic, microphone, music, studio studio, microphone, stereo, recording
png/1F39A.png	Schieberegler	Gegenstände & Technik	Musik Schieberegler level slider level, music, slider studio, music slider
png/1F39B.png	Drehregler	Gegenstände & Technik	Bedienknöpfe Drehregler Knöpfe Stellknöpfe control knobs control, knobs, music music, mix, recording, tool, knobs
png/1F3A4.png	Mikrofon	Gegenstände & Technik	Karaoke Mikrofon Singen Unterhaltung microphone karaoke, mic, music, sing, sound sound, loud, stage, speech, singing, karaoke, mic, microphone, tone
png/1F3A7.png	Kopfhörer	Gegenstände & Technik	Kopfhörer Musik Unterhaltung headphone earbud, sound music, headphones
png/1F4FB.png	Radio	Gegenstände & Technik	Musik Radio radio entertainment, tbt, video radio, stereo radio, analog radio
png/1F3B7.png	Saxofon	Gegenstände & Technik	Instrument Musik Musikinstrument Saxofon saxophone instrument, music, sax saxophone, sax, jazz, instrument
png/1F3BA.png	Trompete	Gegenstände & Technik	Instrument Musik Musikinstrument Trompete trumpet instrument, music trumpet, horns, music, woodwind instrument
png/1FA8A.png	Posaune	Gegenstände & Technik	Blasinstrument Blechbläser Blechblasinstrument Instrument Jazz Musik schieben traurig ziehen trombone brass, instrument, jazz, music, sad, slide 
png/1FA97.png	Akkordeon	Gegenstände & Technik	Akkordeon Akkordeons Concertina Harmonika Instrument Musik Musikinstrument Quetschkommode Quetschkommoden Schifferklavier spielen Ziehharmonika Ziehharmonikas accordion box, concertina, instrument, music, squeeze, squeezebox 
png/1F3B8.png	Gitarre	Gegenstände & Technik	Gitarre Instrument Musik Musikinstrument guitar instrument, music, strat guitar, e-guitar, instrumental, acoustic, chords
png/1F3B9.png	Klaviatur	Gegenstände & Technik	Instrument Klaviatur Klavier Musik Musikinstrument Piano Tastatur Tasten musical keyboard instrument, keyboard, music, musical, piano keyboard, piano keys, chords
png/1F3BB.png	Geige	Gegenstände & Technik	Geige Instrument Musik Musikinstrument Violine violin instrument, music string, violin, fiddle, bow
png/1FA95.png	Banjo	Gegenstände & Technik	Banjo Instrument Musik Saiteninstrument Zupfinstrument banjo music, stringed 
png/1F941.png	Trommel	Gegenstände & Technik	Drumsticks Instrument Musik Schlägel Sticks Trommel Trommelstöcke drum drumsticks, music drum, drumsticks, music, beat
png/1FA98.png	afrikanische Trommel	Gegenstände & Technik	afrikanische Trommel Conga Handtrommel Instrument Musikinstrument Rhythmus Trommel trommeln long drum beat, conga, drum, instrument, long, rhythm 
png/1FA87.png	Maracas	Gegenstände & Technik	Cha-Cha-Cha Instrument Maracas Musik Musikinstrument musizieren Party Percussion Rassel rasseln Tanz tanzen maracas cha, dance, instrument, music, party, percussion, rattle, shake, shaker 
png/1FA88.png	Flöte	Gegenstände & Technik	Band Blaskapelle Flöte Holzblasinstrument Instrument Musik Musikinstrument musizieren Orchester Spielmannszug flute band, fife, flautist, instrument, marching, music, orchestra, piccolo, pipe, recorder, woodwind 
png/1FA89.png	Harfe	Gegenstände & Technik	Amor Cupido Harfe Instrument Liebe Musik Orchester harp cupid, instrument, love, music, orchestra 
png/1F4F1.png	Mobiltelefon	Gegenstände & Technik	Handy iPhone Mobiltelefon Smartphone telefonieren mobile phone cell, communication, mobile, phone, telephone smartphone, message, voice, communication
png/1F4F2.png	Mobiltelefon mit Pfeil	Gegenstände & Technik	Anruf Anrufen Handy iPhone Kommunikation Mobiltelefon Mobiltelefon mit Pfeil Pfeil WhatsApp mobile phone with arrow arrow, build, call, cell, communication, mobile, phone, receive, telephone voice, smartphone, message
png/260E.png	Telefon	Gegenstände & Technik	Anruf anrufen Festnetz Telefon telephone phone call, voice, communication
png/1F4DE.png	Telefonhörer	Gegenstände & Technik	anrufen Hörer Kommunikation Telefon Telefonhörer telephone receiver communication, phone, receiver, telephone, voip call, voice, communication
png/1F4DF.png	Pager	Gegenstände & Technik	Kommunikation Pager Piepser pager communication 
png/1F4E0.png	Faxgerät	Gegenstände & Technik	Fax Faxgerät Kommunikation fax machine communication, fax, machine office, paper, communication
png/1F50B.png	Batterie	Gegenstände & Technik	Akku Batterie battery battery electricity, energy, electric
png/1FAAB.png	schwache Batterie	Gegenstände & Technik	Akku Akku fast leer Akku leer aufladen Batterie Batterie fast leer Batterie leer Elektronik Ladestand niedriger Akkustand schwache Batterie schwacher Akku low battery battery, drained, electronic, energy, low, power 
png/1F50C.png	Netzstecker	Gegenstände & Technik	Netzstecker Stecker Stromstecker electric plug electric, electricity, plug 
png/1F4BB.png	Laptop	Gegenstände & Technik	Bildschirm Computer Computermonitor Laptop Monitor Notebook PC laptop computer, office, pc, personal old, retro
png/1F5A5.png	Desktopcomputer	Gegenstände & Technik	Bildschirm Computer Desktop Desktopcomputer iMac Monitor desktop computer computer, desktop, monitor electric, screen
png/1F5A8.png	Drucker	Gegenstände & Technik	Computer Drucker printer computer color, electric
png/2328.png	Tastatur	Gegenstände & Technik	Computer Keyboard Tastatur keyboard computer key, write, electric
png/1F5B1.png	Computermaus	Gegenstände & Technik	Computer Computermaus Maus computer mouse computer, mouse electric, computer, mouse
png/1F5B2.png	Trackball	Gegenstände & Technik	Computer Trackball trackball computer 
png/1F4BD.png	Minidisc	Gegenstände & Technik	MD Minidisc Minidisk computer disk computer, disk, minidisk, optical old, retro
png/1F4BE.png	Diskette	Gegenstände & Technik	Datenträger Diskette floppy disk computer, disk, floppy old, retro
png/1F4BF.png	CD	Gegenstände & Technik	Blu-Ray CD DVD optical disk blu-ray, cd, computer, disk, dvd, optical analog
png/1F4C0.png	DVD	Gegenstände & Technik	blu-ray CD computer DVD dvd blu-ray, cd, computer, disk, optical film
png/1F9EE.png	Abakus	Gegenstände & Technik	Abaki Abakus Abakusse Berechnung Kalkulation Mathe Mathematik Rechenhilfe Rechenrahmen Rechenschieber Rechnen zählen Zählrahmen abacus calculation, calculator 
png/1F3A5.png	Filmkamera	Gegenstände & Technik	Film Filmkamera Kino Unterhaltung movie camera bollywood, camera, cinema, film, hollywood, movie, record film, record
png/1F39E.png	Filmstreifen	Gegenstände & Technik	Film Filmband Filmstreifen Kino film frames cinema, film, frames, movie clip, film
png/1F4FD.png	Filmprojektor	Gegenstände & Technik	Filmprojektor Kino Unterhaltung film projector cinema, film, movie, projector, video play, film clip, movie
png/1F3AC.png	Filmklappe	Gegenstände & Technik	Film Filmklappe Klappe Unterhaltung clapper board action, board, clapper, movie cut, new recording
png/1F4FA.png	Fernseher	Gegenstände & Technik	Fernsehen Fernseher Film TV television tv, video flat screen, tv, modern
png/1F4F7.png	Fotoapparat	Gegenstände & Technik	Fotoapparat Fotos Kamera camera photo, selfie, snap, tbt, trip, video camera, digital
png/1F4F8.png	Fotoapparat mit Blitz	Gegenstände & Technik	Blitz Fotoapparat Fotoapparat mit Blitz camera with flash camera, flash, video camera, bright
png/1F4F9.png	Videokamera	Gegenstände & Technik	filmen Videokamera Videos video camera camcorder, camera, tbt, video record, recording, film, movie
png/1F4FC.png	Videokassette	Gegenstände & Technik	vhs Video Videokassette videocassette old, school, tape, vcr, vhs, video movie, film, vhs, cassette, record, recording
png/1F50D.png	Lupe nach links	Gegenstände & Technik	Lupe nach links Suche Vergrößerungsglas magnifying glass tilted left glass, lab, left, left-pointing, magnifying, science, search, tilted, tool detail, big, zoom, detective
png/1F50E.png	Lupe nach rechts	Gegenstände & Technik	Lupe Lupe nach rechts Suche Vergrößerungsglas magnifying glass tilted right contact, glass, lab, magnifying, right, right-pointing, science, search, tilted, tool detail, big, zoom, detective
png/1F56F.png	Kerze	Gegenstände & Technik	Kerze Licht candle light fire, bright, shine
png/1F4A1.png	Glühbirne	Gegenstände & Technik	Glühbirne hell Idee Lampe Licht light bulb bulb, comic, electric, idea, light shine, light, bulb, power, on, electric, idea
png/1F526.png	Taschenlampe	Gegenstände & Technik	Lampe Licht Taschenlampe flashlight electric, light, tool, torch bright, shine, light, flashlight, gadget
png/1F3EE.png	rote Papierlaterne	Gegenstände & Technik	Izakaya Japanische Laterne japanisches Lokal rote Papierlaterne red paper lantern bar, lantern, light, paper, red, restaurant 
png/1FA94.png	Öllampe	Gegenstände & Technik	Diya Lampe Öl Öllampe diya lamp diya, lamp, light, oil 
png/1F4D4.png	Notizbuch mit dekorativem Einband	Gegenstände & Technik	Einband Notizbuch Notizbuch mit dekorativem Einband notebook with decorative cover book, cover, decorated, decorative, education, notebook, school, writing 
png/1F4D5.png	geschlossenes Buch	Gegenstände & Technik	Buch geschlossen geschlossenes Buch Geschlossenes Buch closed book book, closed, education book, read, write, closed
png/1F4D6.png	offenes Buch	Gegenstände & Technik	Bibliothek blättern Buch geöffnet lernen lesen offen offenes Buch Offenes Buch Seite open book book, education, fantasy, knowledge, library, novels, open, reading book, read, write, open
png/1F4D7.png	grünes Buch	Gegenstände & Technik	Buch grün grünes Buch Grünes Buch lesen green book book, education, fantasy, green, library, reading 
png/1F4D8.png	blaues Buch	Gegenstände & Technik	blau blaues Buch Blaues Buch Buch blue book blue, book, education, fantasy, library, reading 
png/1F4D9.png	orangefarbenes Buch	Gegenstände & Technik	Buch orangefarben orangefarbenes Buch Orangefarbenes Buch orange book book, education, fantasy, library, orange, reading 
png/1F4DA.png	Bücherstapel	Gegenstände & Technik	Bücher Bücherstapel Fantasie lesen Roman books book, education, fantasy, knowledge, library, novels, reading, school, study book, read, write, isometric
png/1F4D3.png	Notizbuch	Gegenstände & Technik	Notizbuch Notizen notebook notebook book, read, write
png/1F4D2.png	Spiralblock	Gegenstände & Technik	Notizblock Spiralblock ledger notebook book, read, write
png/1F4C3.png	teilweise eingerolltes Blatt	Gegenstände & Technik	Dokument Papier Seite teilweise eingerolltes Blatt Teilweise eingerolltes Blatt page with curl curl, document, page, paper rolled, page, text
png/1F4DC.png	Schriftrolle	Gegenstände & Technik	Papier Schriftrolle scroll paper old, papyrus, text
png/1F4C4.png	Vorderseite eines Blattes	Gegenstände & Technik	Dokument Papier Seite Vorderseite eines Blattes page facing up document, facing, page, paper, up write, text, paper, notes
png/1F4F0.png	Zeitung	Gegenstände & Technik	Medien Nachrichten Presse Zeitung newspaper communication, news, paper read, news, paper, text
png/1F5DE.png	zusammengerollte Zeitung	Gegenstände & Technik	Zeitung zusammengerollt zusammengerollte Zeitung Zusammengerollte Zeitung rolled-up newspaper news, newspaper, paper, rolled, rolled-up 
png/1F4D1.png	Pagemarker	Gegenstände & Technik	Notizen Pagemarker bookmark tabs bookmark, mark, marker, tabs 
png/1F516.png	Lesezeichen	Gegenstände & Technik	Etikett Lesen Lesezeichen bookmark mark remember
png/1F3F7.png	Etikett	Gegenstände & Technik	Etikett Label Marke label tag stick
png/1FA99.png	Münze	Gegenstände & Technik	bezahlen Dollar Euro Geld Gold Goldesel Metall Münze reich Schatz Silber sparen coin dollar, euro, gold, metal, money, rich, silver, treasure 
png/1F4B0.png	Geldsack	Gegenstände & Technik	Geld Geldsack Moneten reich Sack money bag bag, bank, bet, billion, cash, cost, dollar, gold, million, money, moneybag, paid, paying, pot, rich, win 
png/1FA8E.png	Schatztruhe	Gegenstände & Technik	Beute Edelstein Geld Gold Juwelen Preis Reichtum Silber Wertgegenstände treasure chest gem, gold, jewels, loot, money, prize, silver, valuables, wealth pirate
png/1F4B4.png	Yen-Banknote	Gegenstände & Technik	Geld Geldschein Yen Yen-Banknote yen banknote bank, banknote, bill, currency, money, note, yen 
png/1F4B5.png	Dollar-Banknote	Gegenstände & Technik	Dollar Dollar-Banknote Geld Geldschein Währung dollar banknote bank, banknote, bill, currency, dollar, money, note 
png/1F4B6.png	Euro-Banknote	Gegenstände & Technik	Euro Euro-Banknote Euroschein Geld Geldschein euro banknote 100, bank, banknote, bill, currency, euro, money, note, rich 
png/1F4B7.png	Pfund-Banknote	Gegenstände & Technik	Geld Geldschein Pfund Pfund-Banknote pound banknote bank, banknote, bill, billion, cash, currency, money, note, pound, pounds 
png/1F4B8.png	Geldschein mit Flügeln	Gegenstände & Technik	Bank Euro Geld Geldschein mit Flügeln Knete Moneten money with wings bank, banknote, bill, billion, cash, dollar, fly, million, money, note, pay, wings 
png/1F4B3.png	Kreditkarte	Gegenstände & Technik	Bankkarte EC-Karte Geldkarte Guthaben Karte Kreditkarte credit card bank, card, cash, charge, credit, money, pay 
png/1F9FE.png	Beleg	Gegenstände & Technik	Abrechnung Aufstellung Beleg Blatt Buchhalter Buchhaltung Quittung Rechnung Rechnungswesen Schriftstück receipt accounting, bookkeeping, evidence, invoice, proof 
png/1F4B9.png	steigende Kurve mit Yen-Zeichen	Gegenstände & Technik	Diagramm Markt steigende Kurve mit Yen-Zeichen Steigender Trend mit Yen-Zeichen chart increasing with yen bank, chart, currency, graph, growth, increasing, market, money, rise, trend, upward, yen 
png/2709.png	Briefumschlag	Gegenstände & Technik	Brief Briefumschlag E-Mail envelope e-mail, email, letter post, message
png/1F4E7.png	E-Mail	Gegenstände & Technik	Brief E-Mail E-Mail-Symbol Post e-mail email, letter, mail message, electronic
png/1F4E8.png	eingehender Briefumschlag	Gegenstände & Technik	E-Mail eingehender Briefumschlag empfangen Umschlag incoming envelope delivering, e-mail, email, envelope, incoming, letter, mail, receive, sent 
png/1F4E9.png	Umschlag mit Pfeil	Gegenstände & Technik	E-Mail gesendet Umschlag mit Pfeil envelope with arrow arrow, communication, down, e-mail, email, envelope, letter, mail, outgoing, send, sent post
png/1F4E4.png	Postausgang	Gegenstände & Technik	Ablage E-Mail Postausgang outbox tray box, email, letter, mail, outbox, sent, tray post
png/1F4E5.png	Posteingang	Gegenstände & Technik	Ablage E-Mail Posteingang inbox tray box, email, inbox, letter, mail, receive, tray, zero post
png/1F4E6.png	Paket	Gegenstände & Technik	Päckchen Paket package box, communication, delivery, parcel, shipping shipping, post, mail, parcel
png/1F4EB.png	geschlossener Briefkasten mit Post	Gegenstände & Technik	Briefkasten E-Mail geschlossen geschlossener Briefkasten mit Post Geschlossener Briefkasten mit Post Post closed mailbox with raised flag closed, communication, flag, mail, mailbox, postbox, raised post
png/1F4EA.png	geschlossener Briefkasten ohne Post	Gegenstände & Technik	Briefkasten geschlossen geschlossener Briefkasten ohne Post Geschlossener Briefkasten ohne Post keine E-Mail keine Post Post closed mailbox with lowered flag closed, flag, lowered, mail, mailbox, postbox post
png/1F4EC.png	offener Briefkasten mit Post	Gegenstände & Technik	Briefkasten E-Mail offen offener Briefkasten mit Post Offener Briefkasten mit Post Post open mailbox with raised flag flag, mail, mailbox, open, postbox, raised 
png/1F4ED.png	offener Briefkasten ohne Post	Gegenstände & Technik	Briefkasten keine E-Mail keine Post offen offener Briefkasten ohne Post Post open mailbox with lowered flag flag, lowered, mail, mailbox, open, postbox 
png/1F4EE.png	Briefkasten	Gegenstände & Technik	Brief Briefkasten Post postbox mail, mailbox post
png/1F5F3.png	Urne mit Wahlzettel	Gegenstände & Technik	Urne Urne mit Wahlzettel Wahlen Wahlzettel ballot box with ballot ballot, box 
png/270F.png	Bleistift	Gegenstände & Technik	Bleistift Stift pencil pencil notes
png/2712.png	schwarzer Federhalter	Gegenstände & Technik	Federhalter Füller schwarz schwarzer Federhalter Schwarzer Federhalter Stift black nib black, nib, pen 
png/1F58B.png	Füllhalter	Gegenstände & Technik	Füller Füllfedehalter Füllfederhalter Füllhalter schreiben Stift fountain pen fountain, pen 
png/1F58A.png	Kugelschreiber	Gegenstände & Technik	Kugelschreiber Stift pen ballpoint 
png/1F58C.png	Pinsel	Gegenstände & Technik	Kunst malen Pinsel paintbrush painting colors, pain, brush
png/1F58D.png	Wachsmalstift	Gegenstände & Technik	Buntstift Filzstift Wachsmalstift crayon crayon painting, colors
png/1F4DD.png	Papier und Bleistift	Gegenstände & Technik	Bleistift Kurzmitteilung Nachricht Notiz Papier Papier und Bleistift Schreibblock schreiben memo communication, media, notes, pencil pencil, paper, notice, notes
png/1F4BC.png	Aktentasche	Gegenstände & Technik	Aktentasche Tasche briefcase office bag, briefcase, office bag, leather bag
png/1F4C1.png	Ordner	Gegenstände & Technik	Akten Büro Dokument geschlossen Ordner file folder file, folder file, folder, paper, organise, structure, office, box
png/1F4C2.png	geöffneter Ordner	Gegenstände & Technik	Dokument geöffneter Ordner Geöffneter Ordner offen Ordner open file folder file, folder, open open file, folder, organise, structure, office, box
png/1F5C2.png	Karteireiter	Gegenstände & Technik	Akten Büro Büroausstattung Büromaterial Karteibahnen Karteikarten Karteireiter card index dividers card, dividers, index 
png/1F4C5.png	Kalender	Gegenstände & Technik	Datum Kalender Kalenderblatt calendar date calendar, day view, pages, analog
png/1F4C6.png	Abreißkalender	Gegenstände & Technik	Abreißkalender Datum Kalender Termin tear-off calendar calendar, tear-off calendar, tear off
png/1F5D2.png	Notizblock	Gegenstände & Technik	Block Notiz Notizblock Papier spiral notepad note, notepad, pad, spiral notes, handwrite, paper, pen, spiral block, college
png/1F5D3.png	Spiralkalender	Gegenstände & Technik	Kalender Spiralkalender spiral calendar calendar, pad, spiral calendar, year, month view
png/1F4C7.png	Rotationskartei	Gegenstände & Technik	Rotationskartei Visitenkarten card index card, index, old, rolodex, school 
png/1F4C8.png	Aufwärtstrend	Gegenstände & Technik	Aufwärtstrend Diagramm Kurve steigend chart increasing chart, data, graph, growth, increasing, right, trend, up, upward graph going up, upward trend
png/1F4C9.png	Abwärtstrend	Gegenstände & Technik	Abwärtstrend Diagramm fallend Kurve chart decreasing chart, data, decreasing, down, downward, graph, negative, trend graph going down, downtrend
png/1F4CA.png	Balkendiagramm	Gegenstände & Technik	Balken Balkendiagramm Diagramm bar chart bar, chart, data, graph data, chart, sheet, graph
png/1F4CB.png	Klemmbrett	Gegenstände & Technik	Clipboard Clpboard Klemmbrett Zwischenablage clipboard do, list, notes board, clip, metal, wood, handwriting
png/1F4CC.png	Reißzwecke	Gegenstände & Technik	anpinnen Reißzwecke pushpin collage, pin pin, wall, push, paper
png/1F4CD.png	Stecknadel	Gegenstände & Technik	anpinnen Reißzwecke rund runde Reißzwecke Stecknadel round pushpin location, map, pin, pushpin, round pin, wall, push, paper, notes
png/1F4CE.png	Büroklammer	Gegenstände & Technik	Büroklammer paperclip paperclip office, paperclip, organisation
png/1F587.png	verhakte Büroklammern	Gegenstände & Technik	Büroklammer Büroklammern verhakt verhakte Büroklammern Verhakte Büroklammern linked paperclips link, linked, paperclip, paperclips 
png/1F4CF.png	Lineal	Gegenstände & Technik	Lineal straight ruler angle, edge, math, ruler, straight, straightedge ruler, straight, line, measure, detail
png/1F4D0.png	dreieckiges Lineal	Gegenstände & Technik	dreieckiges Lineal Dreieckiges Lineal Geodreieck Lineal triangular ruler angle, math, rule, ruler, set, slide, triangle, triangular triangle, ruler, line, measure, detail
png/2702.png	Schere	Gegenstände & Technik	Schere schneiden schnipp scissors cut, cutting, paper, tool scissors, cut, cutting, tool, work, paper, material
png/1F5C3.png	Karteikasten	Gegenstände & Technik	Büroausstattung Büromaterial Karteikasten card file box box, card, file card, file, system, organising, structure, tidy
png/1F5C4.png	Aktenschrank	Gegenstände & Technik	Ablage Aktenschrank Archiv Schublade file cabinet cabinet, file, filing, paper box, file system, cabinet, file organising
png/1F5D1.png	Papierkorb	Gegenstände & Technik	Abfalleimer Papierkorb wastebasket can, garbage, trash, waste paper, bin, trash
png/1F512.png	geschlossenes Schloss	Gegenstände & Technik	Datenschutz geschlossen geschlossenes Schloss Geschlossenes Schloss Schloss Sicherheit locked closed, lock, private locker, padlock
png/1F513.png	offenes Schloss	Gegenstände & Technik	nicht gesichert offen offenes Schloss Offenes Schloss Schloss unlocked cracked, lock, open, unlock locker, padlock
png/1F50F.png	Schloss mit Füller	Gegenstände & Technik	Datenschutz privat Schloss mit Füller Sicherheit locked with pen ink, lock, locked, nib, pen, privacy 
png/1F510.png	Schloss mit Schlüssel	Gegenstände & Technik	Datenschutz privat Schloss mit Schlüssel Sicherheit locked with key bike, closed, key, lock, locked, secure 
png/1F511.png	Schlüssel	Gegenstände & Technik	Passwort schließen Schlüssel key keys, lock, major, password, unlock closing
png/1F5DD.png	alter Schlüssel	Gegenstände & Technik	alt alter Schlüssel Alter Schlüssel Schloss Schlüssel old key clue, key, lock, old 
png/1F528.png	Hammer	Gegenstände & Technik	Hammer Werkzeug hammer home, improvement, repairs, tool toolbox, metal, wood
png/1FA93.png	Axt	Gegenstände & Technik	Axt Beil hacken Holz spalten Werkzeug axe ax, chop, hatchet, split, wood 
png/26CF.png	Pickel	Gegenstände & Technik	Pickel Werkzeug pick hammer, mining, tool weapon
png/2692.png	Hammer und Pickel	Gegenstände & Technik	Arbeiter Hammer Hammer und Pickel Pickel Werkzeug hammer and pick hammer, pick, tool 
png/1F6E0.png	Hammer und Schraubenschlüssel	Gegenstände & Technik	Hammer Hammer und Schraubenschlüssel Schraubenschlüssel Werkzeug hammer and wrench hammer, spanner, tool, wrench craft mans, logo
png/1F5E1.png	Dolch	Gegenstände & Technik	Dolch Schwert Waffe dagger knife, weapon metal
png/2694.png	gekreuzte Schwerter	Gegenstände & Technik	gekreuzt gekreuzte Schwerter Gekreuzte Schwerter Schwerter Waffe crossed swords crossed, swords, weapon 
png/1F4A3.png	Bombe	Gegenstände & Technik	Bombe Comic Dynamit Explodieren bomb boom, comic, dangerous, explosion, hot explosion
png/1FA83.png	Bumerang	Gegenstände & Technik	Aborigines Australien Boomerang Bumerang Schleuder Waffe werfen boomerang rebound, repercussion, weapon 
png/1F3F9.png	Pfeil und Bogen	Gegenstände & Technik	Bogen Pfeil Pfeil und Bogen bow and arrow archer, archery, arrow, bow, sagittarius, tool, weapon, zodiac 
png/1F6E1.png	Schutzschild	Gegenstände & Technik	Schild Schutzschild shield weapon protection, fight, middle ages
png/1FA9A.png	Handsäge	Gegenstände & Technik	Handsäge Holz Säge sägen Tischler trimmen Werkzeug carpentry saw carpenter, carpentry, cut, lumber, saw, tool, trim 
png/1F527.png	Schraubenschlüssel	Gegenstände & Technik	Schraubenschlüssel Werkzeug wrench home, improvement, spanner, tool toolbox, silver
png/1FA9B.png	Schraubenzieher	Gegenstände & Technik	Schraube schrauben Schraubendreher Schraubenzieher Werkzeug screwdriver flathead, handy, screw, tool 
png/1F529.png	Mutter und Schraube	Gegenstände & Technik	Mutter und Schraube Schraube nut and bolt bolt, home, improvement, nut, tool 
png/2699.png	Zahnrad	Gegenstände & Technik	Werkzeug Zahnrad gear cog, cogwheel, tool tool, metal, silver
png/1F5DC.png	Schraubzwinge	Gegenstände & Technik	Schraubzwinge Werkzeug clamp compress, tool, vice toolbox
png/2696.png	Waage	Gegenstände & Technik	Gerechtigkeit Gewicht Waage Werkzeug wiegen balance scale balance, justice, libra, scale, scales, tool, weight, zodiac silver
png/1F9AF.png	Blindenstock	Gegenstände & Technik	Barrierefreiheit Behinderung blind Blindenstock Gehstock white cane accessibility, blind, cane, probing, white 
png/1F517.png	Linksymbol	Gegenstände & Technik	Kettenglieder Linksymbol verknüpfen Verknüpfung Verknüpfungssymbol zwei Ringe link links silver, link
png/26D3-FE0F-200D-1F4A5.png	gebrochene Kette	Gegenstände & Technik	brechen Freiheit gebrochen gebrochene Kette Handschellen Kette zerbrechen broken chain break, breaking, broken, chain, cuffs, freedom break
png/26D3.png	Ketten	Gegenstände & Technik	Eisen Kette Ketten chains chain metal, silver
png/1FA9D.png	Haken	Gegenstände & Technik	Angelhaken aufhaken aufhängen einhaken Haken hängen Metallhaken hook catch, crook, curve, ensnare, point, selling fishing, catch
png/1F9F0.png	Werkzeugkasten	Gegenstände & Technik	Box Handkasten Kasten Kiste Mechaniker rote Kiste Werkzeug Werkzeugkasten Werkzeugkiste Werkzeugkoffer toolbox box, chest, mechanic, red, tool 
png/1F9F2.png	Magnet	Gegenstände & Technik	Anziehung Anziehungskraft Hufeisen Magnet magnetisch Pole positiv negativ U-Form magnet attraction, horseshoe, magnetic, negative, positive, shape, u 
png/1FA9C.png	Leiter	Gegenstände & Technik	hochsteigen Holzleiter klettern Leiter Sprosse Stufe ladder climb, rung, step 
png/1FA8F.png	Schaufel	Gegenstände & Technik	graben Loch Schaufel Schippe Spaten shovel bury, dig, garden, hole, plant, scoop, snow, spade 
png/2697.png	Destillierapparat	Gegenstände & Technik	Destillierapparat Werkzeug alembic chemistry, tool 
png/1F9EA.png	Reagenzglas	Gegenstände & Technik	Chemie Chemikalie Chemiker Experiment Labor Reagenzglas Substanz Versuche Wissenschaft test tube chemist, chemistry, experiment, lab, science, test, tube 
png/1F9EB.png	Petrischale	Gegenstände & Technik	Bakterien Bakterienkultur Biologe Biologie Biologin Kultur Labor Petrischale Pipette Probe petri dish bacteria, biologist, biology, culture, dish, lab, petri 
png/1F9EC.png	DNA	Gegenstände & Technik	Biologe Biologie Biologin DNA DNS Evolution Gen Genetik Genmanipulation Leben dna biologist, evolution, gene, genetics, life 
png/1F52C.png	Mikroskop	Gegenstände & Technik	Labor Mikroskop untersuchen Wissenschaft microscope experiment, lab, science, tool 
png/1F52D.png	Teleskop	Gegenstände & Technik	Himmel Teleskop telescope contact, extraterrestrial, science, tool stars, sky, space
png/1F4E1.png	Satellitenschüssel	Gegenstände & Technik	Antenne Sat-Schüssel Satellitenschüssel Satschüssel Schüssel satellite antenna aliens, antenna, contact, dish, satellite, science signal, receive, radiation
png/1F489.png	Spritze	Gegenstände & Technik	Arzt impfen Impfung Injektion Kanüle Nadel Spritze syringe doctor, flu, medicine, needle, shot, sick, tool, vaccination health, needle, injection, IV, drug, medicine
png/1FA78.png	Blutstropfen	Gegenstände & Technik	Blutspende Blutstropfen Flüssigkeit Medizin Menstruation drop of blood bleed, blood, donation, drop, injury, medicine, menstruation 
png/1F48A.png	Kapsel	Gegenstände & Technik	Arznei Arzt Kapsel Medizin Pille Tabletten pill doctor, drugs, medicated, medicine, pills, sick, vitamin health
png/1FA79.png	Heftpflaster	Gegenstände & Technik	Heftpflaster Pflaster verletzt Wunde adhesive bandage adhesive, bandage 
png/1FA7C.png	Krücke	Gegenstände & Technik	Behinderung Beinverletzung Fußverletzung Gehhilfe Gehstütze Hilfe Krücke Schmerzen Stock verletzt Verletzung crutch aid, cane, disability, help, hurt, injured, mobility, stick 
png/1FA7A.png	Stethoskop	Gegenstände & Technik	abhören Arzt Doktor Herz Herzschlag Medizin Stethoskop Untersuchung stethoscope doctor, heart, medicine 
png/1FA7B.png	Röntgenbild	Gegenstände & Technik	durchleuchten Knochen Medizin Radiologie Rippen Röntgen Röntgenbild Röntgenstrahlen Skelett x-ray bones, doctor, medical, skeleton, skull, xray 
png/1F6AA.png	Tür	Gegenstände & Technik	Eingang geschlossen Tür door back, closet, front 
png/1F6D7.png	Fahrstuhl	Gegenstände & Technik	Aufzug Fahrstuhl Haus Lift Symbol Transport elevator accessibility, hoist, lift 
png/1FA9E.png	Spiegel	Gegenstände & Technik	Holzspiegel Reflexion Spiegel Spiegelbild Wandspiegel mirror makeup, reflection, reflector, speculum 
png/1FA9F.png	Fenster	Gegenstände & Technik	Aussicht durchsichtig Fenster Fensterrahmen frische Luft Glas Haus lüften Öffnung Rahmen window air, frame, fresh, opening, transparent, view 
png/1F6CF.png	Bett	Gegenstände & Technik	Bett Hotel schlafen Übernachtung bed hotel, sleep furniture
png/1F6CB.png	Sofa und Lampe	Gegenstände & Technik	Couch Lampe Sofa Sofa und Lampe couch and lamp couch, hotel, lamp furniture
png/1FA91.png	Stuhl	Gegenstände & Technik	Holzstuhl Möbel sitzen Stuhl chair seat, sit 
png/1F6BD.png	Toilette	Gegenstände & Technik	Klo Toilette WC toilet bathroom 
png/1FAA0.png	Saugglocke	Gegenstände & Technik	Abfluss Gummiglocke Klempner Klo Pömpel Pümpel Sanitär Saugglocke Saugglocken Toilette verstopft WC Werkzeug plunger cup, force, plumber, poop, suction, toilet 
png/1F6BF.png	Dusche	Gegenstände & Technik	Dusche Duschkopf shower water wash
png/1F6C1.png	Badewanne	Gegenstände & Technik	Bad Badewanne Badezimmer Dusche bathtub bath wash, water, foam
png/1FAA4.png	Mausefalle	Gegenstände & Technik	anlocken Falle Käse Maus Mausefalle Mäusefalle mouse trap bait, cheese, lure, mouse, mousetrap, snare, trap isometric
png/1FA92.png	Rasierer	Gegenstände & Technik	Klinge rasieren Rasierer Rasiermesser scharf razor sharp, shave 
png/1F9F4.png	Creme	Gegenstände & Technik	Creme Feuchtigkeitscreme Feuchtigkeitsmilch Haarwaschmittel Körpercreme Lotion Nachtcreme Shampoo Sonnencreme lotion bottle bottle, lotion, moisturizer, shampoo, sunscreen 
png/1F9F7.png	Sicherheitsnadel	Gegenstände & Technik	Punk Sicherheitsnadel Windel safety pin diaper, pin, punk, rock, safety 
png/1F9F9.png	Besen	Gegenstände & Technik	Besen fegen Fegen Hexe Hexenbesen kehren Kehren reinigen sauber machen säubern broom cleaning, sweeping, witch 
png/1F9FA.png	Korb	Gegenstände & Technik	Bauernhof Korb Landwirtschaft Picknick Tragekorb Wäsche Wäschekorb basket farming, laundry, picnic 
png/1F9FB.png	Küchenrolle	Gegenstände & Technik	Hygiene Klopapier Küchenrolle Papierrolle Papiertücher Toilette Toilettenpapier WC WC-Papier roll of paper paper, roll, toilet, towels isometric
png/1FAA3.png	Eimer	Gegenstände & Technik	Behälter Bottich Eimer Kübel Wassereimer bucket cask, pail, vat 
png/1F9FC.png	Seife	Gegenstände & Technik	baden Baden putzen reinigen Riegel sauber sauber machen säubern Schaum schäumen Seife Seifenschale Seifenstück soap bar, bathing, clean, cleaning, lather, soapdish 
png/1FAE7.png	Blasen	Gegenstände & Technik	Blasen Perlen reinigen Schaum schweben Seife Seifenblasen unter Wasser Wasserblasen bubbles bubble, burp, clean, floating, pearl, soap, underwater 
png/1FAA5.png	Zahnbürste	Gegenstände & Technik	Badezimmer Bürste Körperpflege Mundhygiene putzen sauber Zahnbürste Zähne Zahnhygiene toothbrush bathroom, brush, clean, dental, hygiene, teeth, toiletry 
png/1F9FD.png	Schwamm	Gegenstände & Technik	absorbieren aufsaugen löchrig porös putzen Putzmittel reinigen sauber machen Schaum schäumen Schwamm sponge absorbing, cleaning, porous, soak 
png/1F9EF.png	Feuerlöscher	Gegenstände & Technik	Feuer Feuerlöscher löschen fire extinguisher extinguish, extinguisher, fire, quench 
png/1F6D2.png	Einkaufswagen	Gegenstände & Technik	einkaufen Einkaufswagen shopping cart cart, shopping, trolley 
png/1F6AC.png	Zigarette	Gegenstände & Technik	Kippe Rauchen Rauchersymbol Zigarette cigarette smoking tobacco, smoke
png/26B0.png	Sarg	Gegenstände & Technik	Beerdigung Sarg Tod tot Vampir coffin dead, death, vampire funeral, dead
png/1FAA6.png	Grabstein	Gegenstände & Technik	Friedhof Grab Grabstein RIP tot headstone cemetery, dead, grave, graveyard, memorial, rip, tomb, tombstone 
png/26B1.png	Urne	Gegenstände & Technik	Beerdigung Tod tot Urne funeral urn ashes, death, funeral, urn 
png/1F9FF.png	Nazar-Amulett	Gegenstände & Technik	Amulett blau böser Blick Glasperle Glücksbringer Kügelchen Nazar Nazar-Amulett Perle Talisman nazar amulet amulet, bead, blue, charm, evil-eye, nazar, talisman 
png/1FAAC.png	Hamsa	Gegenstände & Technik	Amulett Auge in offener Hand Fatima Glückssymbol Hamsa Hand jüdisch Maria muslimisch Schutz hamsa amulet, fatima, fortune, guide, hand, mary, miriam, palm, protect, protection 
png/1F5FF.png	Statue	Gegenstände & Technik	Gesicht Maske Osterinsel Statue moai face, moyai, statue, stoneface, travel moyai, shibuya, japan, meet, meeting point
png/1FAA7.png	Protestschild	Gegenstände & Technik	Ankündigung Bekanntmachung Demonstration Hinweis Mahnwache Plakat Protest Protestschild Schild placard card, demonstration, notice, picket, plaque, protest, sign 
png/1FAAA.png	Ausweis	Gegenstände & Technik	Ausweis Dokument Führerschein Karte Pass Personalausweis Plakette Reisepass identification card card, credentials, document, id, identification, license, security 
png/1F3E7.png	Symbol „Geldautomat“	Symbole	ATM Geldautomat Symbol „Geldautomat“ ATM sign atm, automated, bank, cash, money, sign, teller 
png/1F6AE.png	Symbol „Papierkorb“	Symbole	Abfall Müll Mülleimer Sauberkeit Symbol „Papierkorb“ wegschmeißen wegwerfen litter in bin sign bin, litter, litterbin, sign trash, litter, bin, garbage, can, throw, away
png/1F6B0.png	Trinkwasser	Symbole	Trinkwasser Wasser Wasserhahn potable water drinking, potable, water water, faucet, tap, glass
png/267F.png	Symbol „Rollstuhl“	Symbole	barrierefrei behindertengerecht Rollstuhl Symbol „Rollstuhl“ wheelchair symbol access, handicap, symbol, wheelchair disabled person, wheel chair, toilet, restroom
png/1F6B9.png	Herren	Symbole	Herren Herrentoilette WC men’s room bathroom, lavatory, man, men’s, restroom, room, toilet, wc man, restroom, guy, dude, male, toilet
png/1F6BA.png	Damen	Symbole	Damen Damentoilette WC women’s room bathroom, lavatory, restroom, room, toilet, wc, woman, women’s woman, female, restroom, chick, women, toilet
png/1F6BB.png	Toiletten	Symbole	Toilette Toiletten WC restroom bathroom, lavatory, toilet, wc unisex, restroom, male, toilet, woman, female
png/1F6BC.png	Symbol „Baby“	Symbole	Baby Symbol „Baby“ Wickelraum baby symbol baby, changing, symbol baby, changing, station, restroom, toilet
png/1F6BE.png	WC	Symbole	Toilette WC water closet bathroom, closet, lavatory, restroom, toilet, water, wc restroom, WC, toilet, water, closet
png/1F6C2.png	Passkontrolle	Symbole	Pass Passkontrolle passport control control, passport 
png/1F6C3.png	Zollkontrolle	Symbole	Zoll Zollkontrolle customs packing 
png/1F6C4.png	Gepäckausgabe	Symbole	Gepäck Gepäckausgabe baggage claim arrived, baggage, bags, case, checked, claim, journey, packing, plane, ready, travel, trip 
png/1F6C5.png	Gepäckaufbewahrung	Symbole	Gepäck Gepäckaufbewahrung Schließfach left luggage baggage, case, left, locker, luggage 
png/26A0.png	Warnung	Symbole	Achtung Dreieck Vorsicht Warnschild Warnung warning caution 
png/1F6B8.png	Kinder überqueren die Straße	Symbole	Kinder Kinder überqueren die Straße Kinder-queren-die-Straße-Schild Straßenschild Vorsicht children crossing child, children, crossing, pedestrian, traffic 
png/26D4.png	Zutritt verboten	Symbole	Einbahnstrasse kein Zutritt keine Durchfahrt verboten Zutritt verboten Zutritt-verboten-Schild no entry do, entry, fail, forbidden, no, not, pass, prohibited, traffic 
png/1F6AB.png	Verboten	Symbole	kein zutritt Kein-Zutritt-Zeichen Verboten Verbotszeichen prohibited entry, forbidden, no, not, smoke 
png/1F6B3.png	Fahrräder verboten	Symbole	Fahhrad Fahrrad-verboten-Schild Fahrräder verboten Radfahren verboten verboten no bicycles bicycle, bicycles, bike, forbidden, no, not, prohibited 
png/1F6AD.png	Rauchverbot	Symbole	Rauchen verboten Rauchverbot Zigarette no smoking forbidden, no, not, prohibited, smoke, smoking 
png/1F6AF.png	Abfall verboten	Symbole	Abfall Müll Müll-verboten-Zeichen verboten no littering forbidden, litter, littering, no, not, prohibited 
png/1F6B1.png	Kein Trinkwasser	Symbole	kein Trinkwasser Kein Trinkwasser verboten verschmutzt Wasser non-potable water dry, non-drinking, non-potable, prohibited, water 
png/1F6B7.png	Fußgänger verboten	Symbole	Fußgänger verboten Fußgänger-verboten-Schild verboten no pedestrians forbidden, no, not, pedestrian, pedestrians, prohibited 
png/1F4F5.png	Mobiltelefone verboten	Symbole	Handy Mobiltelefon Mobiltelefone verboten Verbot no mobile phones cell, forbidden, mobile, no, not, phone, phones, prohibited, telephone 
png/1F51E.png	Minderjährige verboten	Symbole	Erwachsene Minderjährige verboten Mindestalter nicht jugendfrei Zeichen mit durchgestrichener 18 no one under eighteen 18, age, eighteen, forbidden, no, not, one, prohibited, restriction, underage 
png/2622.png	Radioaktiv	Symbole	radioaktiv Radioaktiv radioactive sign 
png/2623.png	Biogefährdung	Symbole	Biogefährdung Zeichen biohazard sign 
png/2B06.png	Pfeil nach oben	Symbole	aufwärts Aufwärtspfeil nach oben Norden Pfeil Pfeil nach oben up arrow arrow, cardinal, direction, north, up up, above
png/2197.png	Pfeil nach rechts oben	Symbole	nach rechts oben Nordosten Pfeil Pfeil nach rechts oben up-right arrow arrow, direction, intercardinal, northeast, up-right diagonal, right up
png/27A1.png	Pfeil nach rechts	Symbole	nach rechts Osten Pfeil Pfeil nach rechts rechts Rechtspfeil right arrow arrow, cardinal, direction, east, right right, soon, future
png/2198.png	Pfeil nach rechts unten	Symbole	nach rechts unten Pfeil Pfeil nach rechts unten Südosten down-right arrow arrow, direction, down-right, intercardinal, southeast diagonal, right down
png/2B07.png	Pfeil nach unten	Symbole	abwärts Abwärtspfeil nach unten Pfeil Pfeil nach unten Süden down arrow arrow, cardinal, direction, down, south down, underneath
png/2199.png	Pfeil nach links unten	Symbole	nach links unten Pfeil Pfeil nach links unten down-left arrow arrow, direction, down-left, intercardinal, southwest diagonal, left down
png/2B05.png	Pfeil nach links	Symbole	Linkspfeil nach links Pfeil Pfeil nach links Westen left arrow arrow, cardinal, direction, left, west left, past
png/2196.png	Pfeil nach links oben	Symbole	nach links oben Nordwesten Pfeil Pfeil nach links oben up-left arrow arrow, direction, intercardinal, northwest, up-left diagonal, left up
png/2195.png	Pfeil nach oben und unten	Symbole	entgegengesetzt nach oben und unten Pfeil Pfeil nach oben und unten up-down arrow arrow, up-down directions, opposite, up and down
png/2194.png	Pfeil nach links und rechts	Symbole	entgegengesetzt nach links und rechts Pfeil Pfeil nach links und rechts left-right arrow arrow, left-right directions, opposite, left and right
png/21A9.png	geschwungener Pfeil nach links	Symbole	geschwungen geschwungener Pfeil nach links Geschwungener Pfeil nach links links nach links Pfeil right arrow curving left arrow, curving, left, right directions, turn around
png/21AA.png	geschwungener Pfeil nach rechts	Symbole	geschwungen nach rechts Pfeil rechts umdrehen left arrow curving right arrow, curving, left, right directions, turn around
png/2934.png	geschwungener Pfeil nach oben	Symbole	geschwungen nach oben oben Pfeil right arrow curving up arrow, curving, right, up direction, curve up
png/2935.png	geschwungener Pfeil nach unten	Symbole	geschwungen nach unten Pfeil unten right arrow curving down arrow, curving, down, right direction, curve down
png/1F503.png	kreisförmige Pfeile im Uhrzeigersinn	Symbole	im Uhrzeigersinn kreisförmige Pfeile im Uhrzeigersinn Kreisförmige Pfeile im Uhrzeigersinn Pfeile clockwise vertical arrows arrow, arrows, clockwise, refresh, reload, vertical 
png/1F504.png	Pfeile gegen den Uhrzeigersinn	Symbole	gegen den Uhrzeigersinn kreisförmige Pfeile gegen den Uhrzeigersinn Kreisförmige Pfeile gegen den Uhrzeigersinn Pfeile Pfeile gegen den Uhrzeigersinn counterclockwise arrows button again, anticlockwise, arrow, arrows, button, counterclockwise, deja, refresh, rewindershins, vu cycle
png/1F519.png	BACK-Pfeil	Symbole	BACK-Pfeil links Pfeil zurück BACK arrow arrow, back 
png/1F51A.png	END-Pfeil	Symbole	END-Pfeil Ende-Zeichen links Pfeil END arrow arrow, end 
png/1F51B.png	ON!-Pfeil	Symbole	anschalten Ein-Zeichen einschaltem ON!-Pfeil Pfeil rechts und links ON! arrow arrow, mark, on! 
png/1F51C.png	SOON-Pfeil	Symbole	Bald-Zeichen Pfeil rechts SOON-Pfeil SOON arrow arrow, brb, omw, soon 
png/1F51D.png	TOP-Pfeil	Symbole	Pfeil nach oben TOP-Pfeil Top-Zeichen TOP arrow arrow, homie, top, up 
png/1F6D0.png	religiöse Stätte	Symbole	Kultstätte Religion religiöse Stätte place of worship place, pray, religion, worship pray
png/269B.png	Atomzeichen	Symbole	Atheist Atom Atomzeichen atom symbol atheist, atom, symbol 
png/1F549.png	om	Symbole	Hinduismus om Religion om hindu, religion 
png/2721.png	Davidstern	Symbole	Davidstern jüdisch Religion star of David david, jew, jewish, judaism, religion, star 
png/2638.png	Dharma-Rad	Symbole	Buddhismus Dharma Dharma-Rad wheel of dharma buddhist, dharma, religion, wheel 
png/262F.png	Yin und Yang	Symbole	Daoismus Religion Yang Yin Yin und Yang yin yang difficult, lives, religion, tao, taoist, total, yang, yin, yinyang balance
png/271D.png	lateinisches Kreuz	Symbole	Christentum Kreuz lateinisch Religion römisch latin cross christ, christian, cross, latin, religion 
png/2626.png	orthodoxes Kreuz	Symbole	Christentum Kreuz orthodox Religion orthodox cross christian, cross, orthodox, religion 
png/262A.png	Hilal und Stern	Symbole	Hilal Islam Muslim Religion Stern star and crescent crescent, islam, muslim, ramadan, religion, star 
png/262E.png	Friedenszeichen	Symbole	Friedensbewegung Friedenssymbol Friedenszeichen peace symbol healing, peace, peaceful, symbol 
png/1F54E.png	Menora	Symbole	Leuchter Menora Religion menorah candelabrum, candlestick, hanukkah, jewish, judaism, religion 
png/1F52F.png	Hexagramm mit Punkt	Symbole	Hexagramm mit Punkt Wahrsager dotted six-pointed star dotted, fortune, jewish, judaism, six-pointed, star 
png/1FAAF.png	Khanda	Symbole	Deg Tegh Fateh Glaube Khalsa Khanda Khanda-Emblem Religion Schwert Sikh Sikhismus khanda deg, fateh, khalsa, religion, sikh, sikhism, tegh 
png/2648.png	Widder (Sternzeichen)	Symbole	Sternzeichen Widder Widder (Sternzeichen) Aries aries, horoscope, ram, zodiac 
png/2649.png	Stier (Sternzeichen)	Symbole	Horoskop Sternzeichen Stier Taurus bull, horoscope, ox, taurus, zodiac 
png/264A.png	Zwillinge (Sternzeichen)	Symbole	Horoskop Sternzeichen Zwilling Zwillinge Zwillinge (Sternzeichen) Gemini gemini, horoscope, twins, zodiac 
png/264B.png	Krebs (Sternzeichen)	Symbole	Krebs Krebs (Sternzeichen) Sternzeichen Cancer cancer, crab, horoscope, zodiac 
png/264C.png	Löwe (Sternzeichen)	Symbole	Horoskop Löwe Löwe (Sternzeichen) Sternzeichen Leo horoscope, leo, lion, zodiac 
png/264D.png	Jungfrau (Sternzeichen)	Symbole	Horoskop Jungfrau Jungfrau (Sternzeichen) Sternzeichen Virgo horoscope, virgo, zodiac 
png/264E.png	Waage (Sternzeichen)	Symbole	Horoskop Sternzeichen Waage Waage (Sternzeichen) Libra balance, horoscope, justice, libra, scales, zodiac 
png/264F.png	Skorpion (Sternzeichen)	Symbole	Horoskop Skorpion Skorpion (Sternzeichen) Sternzeichen Scorpio horoscope, scorpio, scorpion, scorpius, zodiac 
png/2650.png	Schütze (Sternzeichen)	Symbole	Schütze Schütze (Sternzeichen) Sternzeichen Sagittarius archer, horoscope, sagittarius, zodiac 
png/2651.png	Steinbock (Sternzeichen)	Symbole	Steinbock Steinbock (Sternzeichen) Sternzeichen Capricorn capricorn, goat, horoscope, zodiac 
png/2652.png	Wassermann (Sternzeichen)	Symbole	Sternzeichen Wassermann Wassermann (Sternzeichen) Aquarius aquarius, bearer, horoscope, water, zodiac 
png/2653.png	Fische (Sternzeichen)	Symbole	Fische Fische (Sternzeichen) Horoskop Sternzeichen Pisces fish, horoscope, pisces, zodiac 
png/26CE.png	Schlangenträger	Symbole	Schlagenträger Schlangenträger Sternbild Ophiuchus bearer, ophiuchus, serpent, snake, zodiac 
png/1F500.png	Zufallsmodus	Symbole	gekreuzt Pfeile Richtung verschlungene Pfeile nach rechts Verschlungene Pfeile nach rechts Zufallsmodus shuffle tracks button arrow, button, crossed, shuffle, tracks random
png/1F501.png	Wiederholen	Symbole	im Uhrzeigersinn keycap Pfeile tastenkappe wiederholen Wiederholen repeat button arrow, button, clockwise, repeat cycle
png/1F502.png	Titel wiederholen	Symbole	dasselbe wiederholen einmal im Uhrzeigersinn noch einmal Pfeile Titel wiederholen wiederholen repeat single button arrow, button, clockwise, once, repeat, single 
png/25B6.png	Wiedergabe	Symbole	abspielen Dreieck Pfeil rechts Wiedergabe play button arrow, button, play, right, triangle 
png/23E9.png	Doppelpfeile nach rechts	Symbole	Doppelpfeil Doppelpfeile nach rechts überspringen vorwärts weiter fast-forward button arrow, button, double, fast, fast-forward, forward 
png/23ED.png	Nächster Titel	Symbole	Doppelpfeil Dreieck nächster Titel Nächster Titel vorwärts weiter next track button arrow, button, next, scene, track, triangle 
png/23EF.png	Wiedergabe oder Pause	Symbole	Dreieck Pause Pfeil rechts Wiedergabe Wiedergabe oder Pause play or pause button arrow, button, pause, play, right, triangle 
png/25C0.png	Pfeil zurück	Symbole	Dreieck links Pfeil zurück reverse button arrow, button, left, reverse, triangle 
png/23EA.png	Zurückspulen	Symbole	Doppelpfeil Doppelpfeile nach links Dreieck Pfeil vorheriger Titel zurück Zurückspulen fast reverse button arrow, button, double, fast, reverse, rewind 
png/23EE.png	Vorheriger Titel	Symbole	Doppelpfeil Dreieck Pfeil vorheriger Titel Vorheriger Titel zurück last track button arrow, button, last, previous, scene, track, triangle 
png/1F53C.png	Aufwärts-Schaltfläche	Symbole	aufwärts Aufwärts-Schaltfläche nach oben Pfeil Schaltfläche upwards button arrow, button, red, up, upwards improve
png/23EB.png	Doppelpfeile nach oben	Symbole	aufwärts Doppelpfeil Doppelpfeile nach oben doppelt nach oben Pfeil fast up button arrow, button, double, fast, up 
png/1F53D.png	Abwärts-Schaltfläche	Symbole	abwärts Abwärts-Schaltfläche nach unten Pfeil Schaltfläche downwards button arrow, button, down, downwards, red decline, decrease
png/23EC.png	Doppelpfeile nach unten	Symbole	Doppelpfeil Doppelpfeile nach unten doppelt abwärts nach unten Pfeil fast down button arrow, button, double, down, fast 
png/23F8.png	Pause	Symbole	keycap Pause Streifen Tastenkappe vertikal pause button bar, button, double, pause, vertical 
png/23F9.png	Stopp	Symbole	Aufnahme stoppen keycap Quadrat Stopp Tastenkappe stop button button, square, stop 
png/23FA.png	Aufnehmen	Symbole	Aufnahme aufnehmen Aufnehmen keycap Kreis Tastenkappe record button button, circle, record 
png/23CF.png	Auswerfen	Symbole	auswerfen Auswurf Auswurftaste Medien eject button button, eject 
png/1F3A6.png	Kinosymbol	Symbole	Film Filmkamera Filmkamera in blauem Quadrat Kino Kinosymbol Unterhaltung cinema camera, film, movie 
png/1F505.png	Taste Dimmen	Symbole	dimmen gedimmt Helligkeit schwache Helligkeit Schwache Helligkeit Taste Dimmen dim button brightness, button, dim, low 
png/1F506.png	Heller-Taste	Symbole	heller Heller-Taste Helligkeit starke Helligkeit Starke Helligkeit bright button bright, brightness, button, light 
png/1F4F6.png	balkenförmige Signalstärkenanzeige	Symbole	balkenförmige Signalstärkenanzeige Balkenförmige Signalstärkenanzeige Empfang Mobilfunksignal Mobiltelefon Signalstärke antenna bars antenna, bar, bars, cell, communication, mobile, phone, signal, telephone 
png/1F6DC.png	WLAN	Symbole	Computer drahtlos Hotspot Internet kabellos Netzwerk Router Verbindung Wi-Fi WLAN wireless broadband, computer, connectivity, hotspot, internet, network, router, smartphone, wi-fi, wifi, wlan 
png/1F4F3.png	Vibrationsmodus	Symbole	Handy Kommunikation Mobiltelefon Symbol für Vibrationsalarm Vibration Vibrationsmodus vibrieren vibration mode cell, communication, mobile, mode, phone, telephone, vibration silent mode
png/1F4F4.png	Mobiltelefon aus	Symbole	ausschalten Handy aus Mobiltelefon Mobiltelefon aus mobile phone off cell, mobile, off, phone, telephone caos
png/2640.png	Frauensymbol	Symbole	Frau Frauensymbol weiblich Zeichen female sign female, sign, woman woman, sign, gender
png/2642.png	Männersymbol	Symbole	Mann Männersymbol Symbol Zeichen male sign male, man, sign man, sign, gender
png/26A7.png	Transgender-Symbol	Symbole	Symbol für Transgender Transgender Transgender-Symbol transgender symbol symbol, transgender LGBT, trans, queer, gender
png/2716.png	mal	Symbole	× abbrechen mal Multiplikation Multiplikationszeichen multiplizieren x multiply cancel, multiplication, sign, x, × multiplication, x, cancel, wrong
png/2795.png	plus	Symbole	+ addieren mathe Plus Pluszeichen plus + math, plus, sign
png/2796.png	minus	Symbole	- − Mathe Minus Minuszeichen minus -, heavy, math, sign, − math, minus, sign
png/2797.png	geteilt durch	Symbole	÷ Division Divisionszeichen geteilt geteilt durch Geteiltzeichen Mathe divide division, heavy, math, sign, ÷ math, division, sign
png/1F7F0.png	Gleichheitszeichen extrafett	Symbole	gleich Gleichheit Gleichheitszeichen Gleichheitszeichen extrafett ist gleich Mathematik Vergleichszeichen heavy equals sign answer, equal, equality, equals, heavy, math, sign 
png/267E.png	Unendlichkeit	Symbole	ewig grenzenlos unendlich Unendlichkeit infinity forever, unbounded, universal 
png/203C.png	doppeltes Ausrufezeichen	Symbole	Ausrufezeichen doppelt doppeltes Ausrufezeichen Doppeltes Ausrufezeichen muss rot Satzzeichen double exclamation mark !, !!, bangbang, double, exclamation, mark, punctuation 
png/2049.png	Ausrufe- und Fragezeichen	Symbole	Ausrufe- und Fragezeichen Ausrufezeichen Fragezeichen rot Satzzeichen exclamation question mark !, !?, ?, exclamation, interrobang, mark, punctuation, question 
png/2753.png	rotes Fragezeichen	Symbole	Frage Fragezeichen rot rotes Fragezeichen Rotes Fragezeichen Satzzeichen warum wieso red question mark ?, mark, punctuation, question, red question, punctuation
png/2754.png	weißes Fragezeichen	Symbole	Frage Fragezeichen Satzzeichen warum weiß weißes Fragezeichen white question mark ?, mark, outlined, punctuation, question, white punctuation, mark, question, white
png/2755.png	weißes Ausrufezeichen	Symbole	Ausrufezeichen muss Satzzeichen weiß weißes Ausrufezeichen white exclamation mark !, exclamation, mark, outlined, punctuation, white exclamation, mark, punctuation, white
png/2757.png	rotes Ausrufezeichen	Symbole	! Ausrufezeichen rot Satzzeichen red exclamation mark !, exclamation, mark, punctuation, red exclamation, mark, punctuation
png/3030.png	Wellenlinie	Symbole	gewellt Linie Wellenlinie wavy dash dash, punctuation, wavy dash, punctuation, wavy
png/1F4B1.png	Geldwechsel	Symbole	Geld Geldwechsel Währung Wechsel currency exchange bank, currency, exchange, money 
png/1F4B2.png	Dollarzeichen extrafett	Symbole	bezahlen Dollar Dollar-Zeichen Dollarzeichen extrafett Geld Knete Moneten teuer USD Währung heavy dollar sign billion, cash, charge, currency, dollar, heavy, million, money, pay, sign 
png/2695.png	Äskulapstab	Symbole	Apotheke Arznei Asklepiosstab Äskulapstab Medizin medical symbol aesculapius, medical, medicine, staff, symbol medical, staff
png/267B.png	Recycling-Symbol	Symbole	grüne Punkt grüner Punkt Recycling Recycling-Symbol recycling symbol recycle, recycling, symbol recycle, nature
png/269C.png	Lilie	Symbole	Fleur-de-Lis Lilie fleur-de-lis knights 
png/1F531.png	Dreizack	Symbole	Anker Dreizack Poseidon Triton trident emblem anchor, emblem, poseidon, ship, tool, trident trident, emblem
png/1F4DB.png	Namensschild	Symbole	Namensschild Schild name badge badge, name 
png/1F530.png	japanisches Anfänger-Zeichen	Symbole	Anfänger japanisches Anfänger-Zeichen Japanisches Anfänger-Zeichen japanisches Symbol Japanese symbol for beginner beginner, chevron, green, japanese, leaf, symbol, tool, yellow 
png/2B55.png	hohler roter Kreis	Symbole	großer Kreis Großer Kreis hohler roter Kreis Kreis o rot hollow red circle circle, heavy, hollow, large, o, red circle, red
png/2705.png	weißes Häkchen	Symbole	abgehakt erledigt weißes Häkchen Weißes Häkchen check mark button button, check, checked, checkmark, complete, completed, done, fixed, mark, tick, ✓ check, mark, white, right, done, todo
png/2611.png	abgehaktes Kästchen	Symbole	✓ abgehaktes Kästchen Abstimmungsfeld Abstimmungsfeld mit Häkchen ankreuz Feld Häkchen Kästchen Kästchen mit Häkchen Wahlurne check box with check ballot, box, check, checked, done, off, tick, ✓ check, right, box
png/2714.png	kräftiges Häkchen	Symbole	abhaken erledigt fertig Häkchen Haken kräftiges Häkchen check mark check, checked, checkmark, done, heavy, mark, tick, ✓ check, mark, right, todo
png/274C.png	Kreuzzeichen	Symbole	abbrechen durchgestrichen Kreuzzeichen mal Multiplikation multiplizieren Rotes Kreuz x cross mark cancel, cross, mark, multiplication, multiply, x, × cancel, wrong, multiply, x
png/274E.png	angekreuztes Kästchen	Symbole	angekreuztes Feld angekreuztes Kästchen Feld Kreuz Kreuzsymbol im Quadrat Quadrat X cross mark button button, cross, mark, multiplication, multiply, square, x, × mark, square, button
png/27B0.png	Schleife	Symbole	Schleife curly loop curl, curly, loop 
png/27BF.png	Doppelschleife	Symbole	blau Doppelschleife Rechteck Schleife double curly loop curl, curly, double, loop 
png/303D.png	Teilalternationszeichen	Symbole	japanisch Teilalternationszeichen Zeichensetzung part alternation mark alternation, mark, part 
png/2733.png	achtzackiger Stern	Symbole	* achtzackig achtzackiger Stern grün Quadrat Stern eight-spoked asterisk *, asterisk, eight-spoked 
png/2734.png	achtstrahliger Stern	Symbole	* achtstrahliger Stern Stern eight-pointed star *, eight-pointed, star 
png/2747.png	Funkeln	Symbole	* Funkeln grün Quadrat sparkle * 
png/00A9.png	Copyright	Symbole	C Copyright copyright c copyright, c, sign
png/00AE.png	Registered-Trademark	Symbole	Markenzeichen R Registered-Trademark registered r registered, r, sign
png/2122.png	Markenzeichen	Symbole	Markenzeichen TM Trademark trade mark mark, tm, trade, trademark 
png/1FADF.png	Spritzer	Symbole	Farbe Fleck Holi Klecks Spritzer Tinte splatter drip, holi, ink, liquid, mess, paint, spill, stain 
png/0023-FE0F-20E3.png	keycap: #	Symbole	 keycap: # keycap 
png/002A-FE0F-20E3.png	keycap: *	Symbole	 keycap: * keycap 
png/0030-FE0F-20E3.png	Taste: 0	Symbole	0 null Taste keycap: 0 0, keycap, zero 
png/0031-FE0F-20E3.png	Taste: 1	Symbole	1 eins Taste keycap: 1 1, keycap, one 
png/0032-FE0F-20E3.png	Taste: 2	Symbole	2 Taste zwei keycap: 2 2, keycap, two 
png/0033-FE0F-20E3.png	Taste: 3	Symbole	3 drei Taste keycap: 3 3, keycap, three 
png/0034-FE0F-20E3.png	Taste: 4	Symbole	4 Taste vier keycap: 4 4, four, keycap 
png/0035-FE0F-20E3.png	Taste: 5	Symbole	5 fünf Taste keycap: 5 5, five, keycap 
png/0036-FE0F-20E3.png	Taste: 6	Symbole	6 sechs Taste keycap: 6 6, keycap, six 
png/0037-FE0F-20E3.png	Taste: 7	Symbole	7 sieben Taste keycap: 7 7, keycap, seven 
png/0038-FE0F-20E3.png	Taste: 8	Symbole	8 acht Taste keycap: 8 8, eight, keycap 
png/0039-FE0F-20E3.png	Taste: 9	Symbole	9 neun Taste keycap: 9 9, keycap, nine 
png/1F51F.png	keycap: 10	Symbole	 keycap: 10 keycap 
png/1F520.png	Eingabesymbol lateinische Großbuchstaben	Symbole	abcd Buchstaben Eingabe Eingabesymbol Großbuchstaben großschreiben lateinisch input latin uppercase abcd, input, latin, letters, uppercase letters, alphabet
png/1F521.png	Eingabesymbol lateinische Kleinbuchstaben	Symbole	Eingabesymbol lateinische Kleinbuchstaben Kleinbuchstaben lateinische Kleinbuchstaben input latin lowercase abcd, input, latin, letters, lowercase letters, alphabet
png/1F522.png	Eingabesymbol Zahlen	Symbole	1234 Eingabe Eingabesymbol Symbol Zahlen Ziffern input numbers 1234, input, numbers numbers
png/1F523.png	Eingabesymbol Sonderzeichen	Symbole	& % ♪ 〒 Eingabe Eingabesymbol keycap Sonderzeichen Symbol Tastenkappe input symbols %, &, input, symbols, ♪, 〒 symbols
png/1F524.png	Eingabesymbol lateinische Buchstaben	Symbole	abc Alphabet Buchstaben Eingabe Eingabesymbol lateinisch Symbol input latin letters abc, alphabet, input, latin, letters letters, alphabet
png/1F170.png	Großbuchstabe A in rotem Quadrat	Symbole	a Blut Blutgruppe Großbuchstabe negativ positiv A button (blood type) blood, button, type 
png/1F18E.png	Großbuchstaben AB in rotem Quadrat	Symbole	ab Blut Blutgruppe Großbuchstaben AB in rotem Quadrat negativ positiv AB button (blood type) ab, blood, button, type 
png/1F171.png	Großbuchstabe B in rotem Quadrat	Symbole	b Blut Blutgruppe Großbuchstabe negativ positiv B button (blood type) b, blood, button, type 
png/1F191.png	Großbuchstaben CL in rotem Quadrat	Symbole	CL Großbuchstaben CL in rotem Quadrat CL button button, cl 
png/1F192.png	Wort „Cool“ in blauem Quadrat	Symbole	Cool Wort „Cool“ in blauem Quadrat COOL button button, cool popular, nice
png/1F193.png	Wort „Free“ in blauem Quadrat	Symbole	Free Wort „Free“ in blauem Quadrat FREE button button, free 
png/2139.png	Buchstabe „i“ in blauem Quadrat	Symbole	Buchstabe „i“ in blauem Quadrat i Information information i advice, info
png/1F194.png	Großbuchstaben ID in lila Quadrat	Symbole	Großbuchstaben ID in lila Quadrat ID ID button button, id, identity id card
png/24C2.png	Buchstabe „M“ in Kreis	Symbole	Buchstabe eingekreist Großbuchstabe Kreis M circled M circle, circled, m 
png/1F195.png	Wort „New“ in blauem Quadrat	Symbole	Neu New Wort „New“ in blauem Quadrat NEW button button, new modern, recent
png/1F196.png	Großbuchstaben NG in blauem Quadrat	Symbole	Großbuchstaben NG in blauem Quadrat NG NG button button, ng 
png/1F17E.png	Großbuchstabe O in rotem Quadrat	Symbole	0 Blut Blutgruppe Großbuchstabe negativ O positiv O button (blood type) blood, button, o, type 
png/1F197.png	Großbuchstaben OK in blauem Quadrat	Symbole	Großbuchstaben keycap OK okay Taste Tastenkappe OK button button, ok, okay okay
png/1F17F.png	Großbuchstabe P in blauem Quadrat	Symbole	Großbuchstabe P parken Parkplatz Taste P button button, p, parking place, drive, parking
png/1F198.png	SOS-Zeichen	Symbole	Hilfe SOS SOS-Zeichen SOS button button, help, sos emergency, warning
png/1F199.png	Schriftzug „UP!“ im blauen Quadrat	Symbole	Keycap Taste Tastenkappe UP UP! UP! button button, mark, up, up! 
png/1F19A.png	Schriftzug VS in orangem Quadrat	Symbole	gegen Taste versus VS VS button button, versus, vs 
png/1F201.png	Schriftzeichen „koko“	Symbole	„koko“ japanisches Schriftzeichen Schriftzeichen „koko“ Japanese “here” button button, here, japanese, katakana japanese
png/1F202.png	Schriftzeichen „sa“	Symbole	„sa“ japanisches Schriftzeichen Schriftzeichen „sa“ Japanese “service charge” button button, charge, japanese, katakana, service japanese
png/1F237.png	Schriftzeichen für „Monatsbetrag“	Symbole	japanisch monatlich Monatsbetrag Mond Schriftzeichen Taste Japanese “monthly amount” button amount, button, ideograph, japanese, monthly japanese
png/1F236.png	Schriftzeichen für „nicht gratis“	Symbole	berechnen existieren japanisch nicht gratis Schriftzeichen Taste Japanese “not free of charge” button button, charge, free, ideograph, japanese, not japanese
png/1F22F.png	Schriftzeichen für „reserviert“	Symbole	Finger japanisches Schriftzeichen reserviert Schriftzeichen für „Finger“ Schriftzeichen für „reserviert“ Japanese “reserved” button button, ideograph, japanese, reserved japanese
png/1F250.png	Schriftzeichen für „Schnäppchen“	Symbole	japanisches Schriftzeichen Schnäppchen Schriftzeichen für „Schnäppchen“ Schriftzeichen für „Vorteil“ Vorteil Japanese “bargain” button bargain, button, ideograph, japanese japanese
png/1F239.png	Schriftzeichen für „Rabatt“	Symbole	japanisches Schriftzeichen Rabatt Schriftzeichen für „Rabatt“ Schriftzeichen für „teilen“ teilen Japanese “discount” button button, discount, ideograph, japanese japanese
png/1F21A.png	Schriftzeichen für „gratis“	Symbole	gratis japanisches Schriftzeichen Schriftzeichen für „gratis“ Schriftzeichen für „Verhandlung“ Verhandlung Japanese “free of charge” button button, charge, free, ideograph, japanese japanese
png/1F232.png	Schriftzeichen für „verbieten“	Symbole	japanisches Schriftzeichen Kanji Schriftzeichen für „verbieten“ verbieten Japanese “prohibited” button button, ideograph, japanese, prohibited japanese
png/1F251.png	Schriftzeichen für „akzeptieren“	Symbole	akzeptieren japanisch Schriftzeichen Japanese “acceptable” button acceptable, button, ideograph, japanese japanese
png/1F238.png	Schriftzeichen für „anwenden“	Symbole	anwenden chinesisches Schriftzeichen japanisches Schriftzeichen Schriftzeichen für „anwenden“ Japanese “application” button application, button, ideograph, japanese japanese
png/1F234.png	Schriftzeichen für „Note zum Bestehen“	Symbole	bestanden bestehen chinesisches Schriftzeichen japanisches Schriftzeichen Schriftzeichen für „Note zum Bestehen“ Schriftzeichen für „zusammen“ zusammen Japanese “passing grade” button button, grade, ideograph, japanese, passing japanese
png/1F233.png	Schriftzeichen für „Zimmer frei“	Symbole	chinesisches Schriftzeichen japanisches Schriftzeichen leer Schriftzeichen für „leer“ Schriftzeichen für „Zimmer frei“ Zimmer frei Japanese “vacancy” button button, ideograph, japanese, vacancy japanese
png/3297.png	Schriftzeichen für „Gratulation“	Symbole	chinesisches Schriftzeichen Gratulation japanisches Schriftzeichen Schriftzeichen für „Gratulation“ Japanese “congratulations” button button, congratulations, ideograph, japanese japanese
png/3299.png	Schriftzeichen für „Geheimnis“	Symbole	chinesisches Schriftzeichen Geheimnis japanisches Schriftzeichen Japanisches Schriftzeichen Schriftzeichen für „Geheimnis“ Japanese “secret” button button, ideograph, japanese, secret japanese
png/1F23A.png	Schriftzeichen für „Geöffnet“	Symbole	Betrieb chinesisches Schriftzeichen geöffnet japanisches Schriftzeichen Schriftzeichen für „Betrieb“ Schriftzeichen für „Geöffnet“ Japanese “open for business” button business, button, ideograph, japanese, open japanese
png/1F235.png	Schriftzeichen für „Kein Zimmer frei“	Symbole	belegt besetzt chinesisches Schriftzeichen Fülle japanisches Schriftzeichen Kanji kein Zimmer frei Schriftzeichen für „Fülle“ Schriftzeichen für „Kein Zimmer frei“ Japanese “no vacancy” button button, ideograph, japanese, no, vacancy japanese
png/1F534.png	roter Punkt	Symbole	Ball Punkt rot roter Punkt red circle circle, geometric, red 
png/1F7E0.png	oranger Punkt	Symbole	Form Kreis orange orange Scheibe oranger Kreis oranger Punkt Punkt orange circle circle, orange 
png/1F7E1.png	gelber Punkt	Symbole	Form gelb gelbe Scheibe gelber Kreis gelber Punkt Kreis Punkt Scheibe yellow circle circle, yellow 
png/1F7E2.png	grüner Punkt	Symbole	Form grün grüne Scheibe grüner Kreis grüner Punkt Kreis Punkt green circle circle, green 
png/1F535.png	blauer Punkt	Symbole	Ball blau blauer Punkt Großer blauer Kreis Kreis Punkt blue circle blue, circle, geometric 
png/1F7E3.png	lila Punkt	Symbole	Form Kreis lila Punkt Scheibe violett purple circle circle, purple 
png/1F7E4.png	brauner Punkt	Symbole	braun braune Scheibe brauner Kreis brauner Punkt Form Kreis Punkt brown circle brown, circle 
png/26AB.png	schwarzer Punkt	Symbole	Ball Großer schwarzer Kreis Kreis Punkt rund schwarz schwarzer Punkt black circle black, circle, geometric 
png/26AA.png	weißer Punkt	Symbole	Ball Großer weißer Kreis Kreis Punkt weiß weißer Punkt white circle circle, geometric, white 
png/1F7E5.png	rotes Quadrat	Symbole	Form Quadrat rot rotes Quadrat rotes Viereck Viereck red square card, penalty, red, square 
png/1F7E7.png	oranges Quadrat	Symbole	Form orange oranges Quadrat oranges Viereck Quadrat Viereck orange square orange, square 
png/1F7E8.png	gelbes Quadrat	Symbole	Form gelb gelbes Quadrat gelbes Viereck Quadrat Viereck yellow square card, penalty, square, yellow 
png/1F7E9.png	grünes Quadrat	Symbole	Form grün grünes Quadrat grünes Viereck Quadrat Viereck green square green, square 
png/1F7E6.png	blaues Quadrat	Symbole	blau blaues Quadrat blaues Viereck Form Quadrat Viereck blue square blue, square 
png/1F7EA.png	lila Quadrat	Symbole	Form lila Quadrat Viereck violett purple square purple, square 
png/1F7EB.png	braunes Quadrat	Symbole	braun braunes Quadrat braunes Viereck Form Quadrat Viereck brown square brown, square 
png/2B1B.png	großes schwarzes Quadrat	Symbole	großes schwarzes Quadrat Großes schwarzes Quadrat Quadrat schwarz black large square black, geometric, large, square 
png/2B1C.png	großes weißes Quadrat	Symbole	großes weißes Quadrat Großes weißes Quadrat Quadrat weiß white large square geometric, large, square, white 
png/25FC.png	mittelgroßes schwarzes Quadrat	Symbole	mittelgroßes schwarzes Quadrat Mittelgroßes schwarzes Quadrat Quadrat schwarz black medium square black, geometric, medium, square 
png/25FB.png	mittelgroßes weißes Quadrat	Symbole	mittelgroßes weißes Quadrat Quadrat weiß white medium square geometric, medium, square, white 
png/25FE.png	mittelkleines schwarzes Quadrat	Symbole	mittelkleines schwarzes Quadrat Mittelkleines schwarzes Quadrat Quadrat schwarz black medium-small square black, geometric, medium-small, square 
png/25FD.png	mittelkleines weißes Quadrat	Symbole	geometrisch mittelkleines weißes Quadrat Mittelkleines weißes Quadrat Quadrat weiß white medium-small square geometric, medium-small, square, white 
png/25AA.png	kleines schwarzes Quadrat	Symbole	kleines schwarzes Quadrat Kleines schwarzes Quadrat Punkt Quadrat schwarz black small square black, geometric, small, square 
png/25AB.png	kleines weißes Quadrat	Symbole	kleines weißes Quadrat Kleines weißes Quadrat Quadrat weiß white small square geometric, small, square, white 
png/1F536.png	große orangefarbene Raute	Symbole	große orangefarbene Raute Große orangefarbene Raute orangefarben Raute large orange diamond diamond, geometric, large, orange 
png/1F537.png	große blaue Raute	Symbole	blau große blaue Raute Große blaue Raute Raute large blue diamond blue, diamond, geometric, large 
png/1F538.png	kleine orangefarbene Raute	Symbole	kleine orangefarbene Raute Kleine orangefarbene Raute orangefarben Raute small orange diamond diamond, geometric, orange, small 
png/1F539.png	kleine blaue Raute	Symbole	blau kleine blaue Raute Kleine blaue Raute Raute small blue diamond blue, diamond, geometric, small 
png/1F53A.png	rotes Dreieck mit der Spitze nach oben	Symbole	aufwärts Dreieck rot rotes Dreieck mit der Spitze nach oben Rotes Dreieck mit Spitze oben red triangle pointed up geometric, pointed, red, triangle, up arrow
png/1F53B.png	rotes Dreieck mit der Spitze nach unten	Symbole	abwärts Dreieck rot rotes Dreieck mit der Spitze nach unten red triangle pointed down down, geometric, pointed, red, triangle arrow
png/1F4A0.png	Rautenform mit Punkt	Symbole	Diamant mit Punkt Rautenform Rautenform mit Punkt diamond with a dot comic, diamond, dot, geometric 
png/1F518.png	Optionsfeld	Symbole	Optionsfeld Schaltfläche radio button button, geometric, radio 
png/1F533.png	weiße quadratische Schaltfläche	Symbole	Quadrat quadratisch Schaltfläche weiß weiße quadratische Schaltfläche Weiße quadratische Schaltfläche white square button button, geometric, outlined, square, white 
png/1F532.png	schwarze quadratische Schaltfläche	Symbole	quadratisch Schaltfläche schwarz schwarze quadratische Schaltfläche Schwarze quadratische Schaltfläche black square button black, button, geometric, square 
png/1F3C1.png	Zielflagge	Flaggen	Flagge formel 1 karierte Flagge nascar Rennen Sport Zielflagge chequered flag checkered, chequered, finish, flag, flags, game, race, racing, sport, win black, white, grid, racing
png/1F6A9.png	Wimpel	Flaggen	Dreiecksflagge Flagge rot Standortflagge Wimpel triangular flag construction, flag, golf, post, triangular 
png/1F38C.png	überkreuzte Flaggen	Flaggen	Japan japanische Flaggen überkreuzte Flaggen Überkreuzte Flaggen crossed flags celebration, cross, crossed, flags, japanese 
png/1F3F4.png	schwarze Flagge	Flaggen	Fahne schwarze Fahne schwarze Flagge wehen Wehende schwarze Fahne black flag black, flag, waving 
png/1F3F3.png	weiße Flagge	Flaggen	Fahne wehen Wehende weiße Fahne weiße Fahne weiße Flagge white flag flag, waving, white white
png/1F3F3-FE0F-200D-1F308.png	Regenbogenflagge	Flaggen	bisexuell bunt Fahne Flagge lesbisch lgbt lgbtq Pride queer Regenbogen Regenbogenflagge schwul trans rainbow flag bisexual, flag, gay, genderqueer, glbt, glbtq, lesbian, lgbt, lgbtq, lgbtqia, pride, queer, rainbow, trans, transgender color
png/1F3F3-FE0F-200D-26A7-FE0F.png	Transgender-Flagge	Flaggen	Flagge Transgender Transgender-Flagge transgender flag blue, flag, light, pink, transgender, white LGBT, trans, queer, gender
png/1F3F4-200D-2620-FE0F.png	Piratenflagge	Flaggen	Jolly Roger Pirat Piratenfahne Piratenflagge Schatz pirate flag flag, jolly, pirate, plunder, roger, treasure 
png/1F1E6-1F1E8.png	flag: Ascension Island	Flaggen	 flag: Ascension Island AC, flag 
png/1F1E6-1F1E9.png	flag: Andorra	Flaggen	 flag: Andorra AD, flag 
png/1F1E6-1F1EA.png	flag: United Arab Emirates	Flaggen	 flag: United Arab Emirates AE, flag 
png/1F1E6-1F1EB.png	flag: Afghanistan	Flaggen	 flag: Afghanistan AF, flag 
png/1F1E6-1F1EC.png	flag: Antigua & Barbuda	Flaggen	 flag: Antigua & Barbuda AG, flag 
png/1F1E6-1F1EE.png	flag: Anguilla	Flaggen	 flag: Anguilla AI, flag 
png/1F1E6-1F1F1.png	flag: Albania	Flaggen	 flag: Albania AL, flag 
png/1F1E6-1F1F2.png	flag: Armenia	Flaggen	 flag: Armenia AM, flag 
png/1F1E6-1F1F4.png	flag: Angola	Flaggen	 flag: Angola AO, flag 
png/1F1E6-1F1F6.png	flag: Antarctica	Flaggen	 flag: Antarctica AQ, flag 
png/1F1E6-1F1F7.png	flag: Argentina	Flaggen	 flag: Argentina AR, flag 
png/1F1E6-1F1F8.png	flag: American Samoa	Flaggen	 flag: American Samoa AS, flag 
png/1F1E6-1F1F9.png	flag: Austria	Flaggen	 flag: Austria AT, flag 
png/1F1E6-1F1FA.png	flag: Australia	Flaggen	 flag: Australia AU, flag 
png/1F1E6-1F1FC.png	flag: Aruba	Flaggen	 flag: Aruba AW, flag 
png/1F1E6-1F1FD.png	flag: Åland Islands	Flaggen	 flag: Åland Islands AX, flag 
png/1F1E6-1F1FF.png	flag: Azerbaijan	Flaggen	 flag: Azerbaijan AZ, flag 
png/1F1E7-1F1E6.png	flag: Bosnia & Herzegovina	Flaggen	 flag: Bosnia & Herzegovina BA, flag 
png/1F1E7-1F1E7.png	flag: Barbados	Flaggen	 flag: Barbados BB, flag 
png/1F1E7-1F1E9.png	flag: Bangladesh	Flaggen	 flag: Bangladesh BD, flag 
png/1F1E7-1F1EA.png	flag: Belgium	Flaggen	 flag: Belgium BE, flag 
png/1F1E7-1F1EB.png	flag: Burkina Faso	Flaggen	 flag: Burkina Faso BF, flag 
png/1F1E7-1F1EC.png	flag: Bulgaria	Flaggen	 flag: Bulgaria BG, flag 
png/1F1E7-1F1ED.png	flag: Bahrain	Flaggen	 flag: Bahrain BH, flag 
png/1F1E7-1F1EE.png	flag: Burundi	Flaggen	 flag: Burundi BI, flag 
png/1F1E7-1F1EF.png	flag: Benin	Flaggen	 flag: Benin BJ, flag 
png/1F1E7-1F1F1.png	flag: St. Barthélemy	Flaggen	 flag: St. Barthélemy BL, flag 
png/1F1E7-1F1F2.png	flag: Bermuda	Flaggen	 flag: Bermuda BM, flag 
png/1F1E7-1F1F3.png	flag: Brunei	Flaggen	 flag: Brunei BN, flag 
png/1F1E7-1F1F4.png	flag: Bolivia	Flaggen	 flag: Bolivia BO, flag 
png/1F1E7-1F1F6.png	flag: Caribbean Netherlands	Flaggen	 flag: Caribbean Netherlands BQ, flag 
png/1F1E7-1F1F7.png	flag: Brazil	Flaggen	 flag: Brazil BR, flag 
png/1F1E7-1F1F8.png	flag: Bahamas	Flaggen	 flag: Bahamas BS, flag 
png/1F1E7-1F1F9.png	flag: Bhutan	Flaggen	 flag: Bhutan BT, flag 
png/1F1E7-1F1FB.png	flag: Bouvet Island	Flaggen	 flag: Bouvet Island BV, flag 
png/1F1E7-1F1FC.png	flag: Botswana	Flaggen	 flag: Botswana BW, flag 
png/1F1E7-1F1FE.png	flag: Belarus	Flaggen	 flag: Belarus BY, flag 
png/1F1E7-1F1FF.png	flag: Belize	Flaggen	 flag: Belize BZ, flag 
png/1F1E8-1F1E6.png	flag: Canada	Flaggen	 flag: Canada CA, flag 
png/1F1E8-1F1E8.png	flag: Cocos (Keeling) Islands	Flaggen	 flag: Cocos (Keeling) Islands CC, flag 
png/1F1E8-1F1E9.png	flag: Congo - Kinshasa	Flaggen	 flag: Congo - Kinshasa CD, flag 
png/1F1E8-1F1EB.png	flag: Central African Republic	Flaggen	 flag: Central African Republic CF, flag 
png/1F1E8-1F1EC.png	flag: Congo - Brazzaville	Flaggen	 flag: Congo - Brazzaville CG, flag 
png/1F1E8-1F1ED.png	flag: Switzerland	Flaggen	 flag: Switzerland CH, flag 
png/1F1E8-1F1EE.png	flag: Côte d’Ivoire	Flaggen	 flag: Côte d’Ivoire CI, flag 
png/1F1E8-1F1F0.png	flag: Cook Islands	Flaggen	 flag: Cook Islands CK, flag 
png/1F1E8-1F1F1.png	flag: Chile	Flaggen	 flag: Chile CL, flag 
png/1F1E8-1F1F2.png	flag: Cameroon	Flaggen	 flag: Cameroon CM, flag 
png/1F1E8-1F1F3.png	flag: China	Flaggen	 flag: China CN, flag 
png/1F1E8-1F1F4.png	flag: Colombia	Flaggen	 flag: Colombia CO, flag 
png/1F1E8-1F1F5.png	flag: Clipperton Island	Flaggen	 flag: Clipperton Island CP, flag 
png/1F1E8-1F1F6.png	flag: Sark	Flaggen	 flag: Sark CQ, flag 
png/1F1E8-1F1F7.png	flag: Costa Rica	Flaggen	 flag: Costa Rica CR, flag 
png/1F1E8-1F1FA.png	flag: Cuba	Flaggen	 flag: Cuba CU, flag 
png/1F1E8-1F1FB.png	flag: Cape Verde	Flaggen	 flag: Cape Verde CV, flag 
png/1F1E8-1F1FC.png	flag: Curaçao	Flaggen	 flag: Curaçao CW, flag 
png/1F1E8-1F1FD.png	flag: Christmas Island	Flaggen	 flag: Christmas Island CX, flag 
png/1F1E8-1F1FE.png	flag: Cyprus	Flaggen	 flag: Cyprus CY, flag 
png/1F1E8-1F1FF.png	flag: Czechia	Flaggen	 flag: Czechia CZ, flag 
png/1F1E9-1F1EA.png	flag: Germany	Flaggen	 flag: Germany DE, flag 
png/1F1E9-1F1EC.png	flag: Diego Garcia	Flaggen	 flag: Diego Garcia DG, flag 
png/1F1E9-1F1EF.png	flag: Djibouti	Flaggen	 flag: Djibouti DJ, flag 
png/1F1E9-1F1F0.png	flag: Denmark	Flaggen	 flag: Denmark DK, flag 
png/1F1E9-1F1F2.png	flag: Dominica	Flaggen	 flag: Dominica DM, flag 
png/1F1E9-1F1F4.png	flag: Dominican Republic	Flaggen	 flag: Dominican Republic DO, flag 
png/1F1E9-1F1FF.png	flag: Algeria	Flaggen	 flag: Algeria DZ, flag 
png/1F1EA-1F1E6.png	flag: Ceuta & Melilla	Flaggen	 flag: Ceuta & Melilla EA, flag 
png/1F1EA-1F1E8.png	flag: Ecuador	Flaggen	 flag: Ecuador EC, flag 
png/1F1EA-1F1EA.png	flag: Estonia	Flaggen	 flag: Estonia EE, flag 
png/1F1EA-1F1EC.png	flag: Egypt	Flaggen	 flag: Egypt EG, flag 
png/1F1EA-1F1ED.png	flag: Western Sahara	Flaggen	 flag: Western Sahara EH, flag 
png/1F1EA-1F1F7.png	flag: Eritrea	Flaggen	 flag: Eritrea ER, flag 
png/1F1EA-1F1F8.png	flag: Spain	Flaggen	 flag: Spain ES, flag 
png/1F1EA-1F1F9.png	flag: Ethiopia	Flaggen	 flag: Ethiopia ET, flag 
png/1F1EA-1F1FA.png	flag: European Union	Flaggen	 flag: European Union EU, flag 
png/1F1EB-1F1EE.png	flag: Finland	Flaggen	 flag: Finland FI, flag 
png/1F1EB-1F1EF.png	flag: Fiji	Flaggen	 flag: Fiji FJ, flag 
png/1F1EB-1F1F0.png	flag: Falkland Islands	Flaggen	 flag: Falkland Islands FK, flag 
png/1F1EB-1F1F2.png	flag: Micronesia	Flaggen	 flag: Micronesia FM, flag 
png/1F1EB-1F1F4.png	flag: Faroe Islands	Flaggen	 flag: Faroe Islands FO, flag 
png/1F1EB-1F1F7.png	flag: France	Flaggen	 flag: France FR, flag 
png/1F1EC-1F1E6.png	flag: Gabon	Flaggen	 flag: Gabon GA, flag 
png/1F1EC-1F1E7.png	flag: United Kingdom	Flaggen	 flag: United Kingdom GB, flag union jack, england, uk, great britain
png/1F1EC-1F1E9.png	flag: Grenada	Flaggen	 flag: Grenada GD, flag 
png/1F1EC-1F1EA.png	flag: Georgia	Flaggen	 flag: Georgia GE, flag 
png/1F1EC-1F1EB.png	flag: French Guiana	Flaggen	 flag: French Guiana GF, flag 
png/1F1EC-1F1EC.png	flag: Guernsey	Flaggen	 flag: Guernsey GG, flag 
png/1F1EC-1F1ED.png	flag: Ghana	Flaggen	 flag: Ghana GH, flag 
png/1F1EC-1F1EE.png	flag: Gibraltar	Flaggen	 flag: Gibraltar GI, flag 
png/1F1EC-1F1F1.png	flag: Greenland	Flaggen	 flag: Greenland GL, flag 
png/1F1EC-1F1F2.png	flag: Gambia	Flaggen	 flag: Gambia GM, flag 
png/1F1EC-1F1F3.png	flag: Guinea	Flaggen	 flag: Guinea GN, flag 
png/1F1EC-1F1F5.png	flag: Guadeloupe	Flaggen	 flag: Guadeloupe GP, flag 
png/1F1EC-1F1F6.png	flag: Equatorial Guinea	Flaggen	 flag: Equatorial Guinea GQ, flag 
png/1F1EC-1F1F7.png	flag: Greece	Flaggen	 flag: Greece GR, flag 
png/1F1EC-1F1F8.png	flag: South Georgia & South Sandwich Islands	Flaggen	 flag: South Georgia & South Sandwich Islands GS, flag 
png/1F1EC-1F1F9.png	flag: Guatemala	Flaggen	 flag: Guatemala GT, flag 
png/1F1EC-1F1FA.png	flag: Guam	Flaggen	 flag: Guam GU, flag 
png/1F1EC-1F1FC.png	flag: Guinea-Bissau	Flaggen	 flag: Guinea-Bissau GW, flag 
png/1F1EC-1F1FE.png	flag: Guyana	Flaggen	 flag: Guyana GY, flag 
png/1F1ED-1F1F0.png	flag: Hong Kong SAR China	Flaggen	 flag: Hong Kong SAR China HK, flag 
png/1F1ED-1F1F2.png	flag: Heard & McDonald Islands	Flaggen	 flag: Heard & McDonald Islands HM, flag 
png/1F1ED-1F1F3.png	flag: Honduras	Flaggen	 flag: Honduras HN, flag 
png/1F1ED-1F1F7.png	flag: Croatia	Flaggen	 flag: Croatia HR, flag 
png/1F1ED-1F1F9.png	flag: Haiti	Flaggen	 flag: Haiti HT, flag 
png/1F1ED-1F1FA.png	flag: Hungary	Flaggen	 flag: Hungary HU, flag 
png/1F1EE-1F1E8.png	flag: Canary Islands	Flaggen	 flag: Canary Islands IC, flag 
png/1F1EE-1F1E9.png	flag: Indonesia	Flaggen	 flag: Indonesia ID, flag 
png/1F1EE-1F1EA.png	flag: Ireland	Flaggen	 flag: Ireland IE, flag 
png/1F1EE-1F1F1.png	flag: Israel	Flaggen	 flag: Israel IL, flag 
png/1F1EE-1F1F2.png	flag: Isle of Man	Flaggen	 flag: Isle of Man IM, flag 
png/1F1EE-1F1F3.png	flag: India	Flaggen	 flag: India IN, flag 
png/1F1EE-1F1F4.png	flag: British Indian Ocean Territory	Flaggen	 flag: British Indian Ocean Territory IO, flag 
png/1F1EE-1F1F6.png	flag: Iraq	Flaggen	 flag: Iraq IQ, flag 
png/1F1EE-1F1F7.png	flag: Iran	Flaggen	 flag: Iran IR, flag 
png/1F1EE-1F1F8.png	flag: Iceland	Flaggen	 flag: Iceland IS, flag 
png/1F1EE-1F1F9.png	flag: Italy	Flaggen	 flag: Italy IT, flag 
png/1F1EF-1F1EA.png	flag: Jersey	Flaggen	 flag: Jersey JE, flag 
png/1F1EF-1F1F2.png	flag: Jamaica	Flaggen	 flag: Jamaica JM, flag 
png/1F1EF-1F1F4.png	flag: Jordan	Flaggen	 flag: Jordan JO, flag 
png/1F1EF-1F1F5.png	flag: Japan	Flaggen	 flag: Japan JP, flag 
png/1F1F0-1F1EA.png	flag: Kenya	Flaggen	 flag: Kenya KE, flag 
png/1F1F0-1F1EC.png	flag: Kyrgyzstan	Flaggen	 flag: Kyrgyzstan KG, flag 
png/1F1F0-1F1ED.png	flag: Cambodia	Flaggen	 flag: Cambodia KH, flag 
png/1F1F0-1F1EE.png	flag: Kiribati	Flaggen	 flag: Kiribati KI, flag 
png/1F1F0-1F1F2.png	flag: Comoros	Flaggen	 flag: Comoros KM, flag 
png/1F1F0-1F1F3.png	flag: St. Kitts & Nevis	Flaggen	 flag: St. Kitts & Nevis KN, flag 
png/1F1F0-1F1F5.png	flag: North Korea	Flaggen	 flag: North Korea KP, flag 
png/1F1F0-1F1F7.png	flag: South Korea	Flaggen	 flag: South Korea KR, flag 
png/1F1F0-1F1FC.png	flag: Kuwait	Flaggen	 flag: Kuwait KW, flag 
png/1F1F0-1F1FE.png	flag: Cayman Islands	Flaggen	 flag: Cayman Islands KY, flag 
png/1F1F0-1F1FF.png	flag: Kazakhstan	Flaggen	 flag: Kazakhstan KZ, flag 
png/1F1F1-1F1E6.png	flag: Laos	Flaggen	 flag: Laos LA, flag 
png/1F1F1-1F1E7.png	flag: Lebanon	Flaggen	 flag: Lebanon LB, flag 
png/1F1F1-1F1E8.png	flag: St. Lucia	Flaggen	 flag: St. Lucia LC, flag 
png/1F1F1-1F1EE.png	flag: Liechtenstein	Flaggen	 flag: Liechtenstein LI, flag 
png/1F1F1-1F1F0.png	flag: Sri Lanka	Flaggen	 flag: Sri Lanka LK, flag 
png/1F1F1-1F1F7.png	flag: Liberia	Flaggen	 flag: Liberia LR, flag 
png/1F1F1-1F1F8.png	flag: Lesotho	Flaggen	 flag: Lesotho LS, flag 
png/1F1F1-1F1F9.png	flag: Lithuania	Flaggen	 flag: Lithuania LT, flag 
png/1F1F1-1F1FA.png	flag: Luxembourg	Flaggen	 flag: Luxembourg LU, flag 
png/1F1F1-1F1FB.png	flag: Latvia	Flaggen	 flag: Latvia LV, flag 
png/1F1F1-1F1FE.png	flag: Libya	Flaggen	 flag: Libya LY, flag 
png/1F1F2-1F1E6.png	flag: Morocco	Flaggen	 flag: Morocco MA, flag 
png/1F1F2-1F1E8.png	flag: Monaco	Flaggen	 flag: Monaco MC, flag 
png/1F1F2-1F1E9.png	flag: Moldova	Flaggen	 flag: Moldova MD, flag 
png/1F1F2-1F1EA.png	flag: Montenegro	Flaggen	 flag: Montenegro ME, flag 
png/1F1F2-1F1EB.png	flag: St. Martin	Flaggen	 flag: St. Martin MF, flag 
png/1F1F2-1F1EC.png	flag: Madagascar	Flaggen	 flag: Madagascar MG, flag 
png/1F1F2-1F1ED.png	flag: Marshall Islands	Flaggen	 flag: Marshall Islands MH, flag 
png/1F1F2-1F1F0.png	flag: North Macedonia	Flaggen	 flag: North Macedonia MK, flag 
png/1F1F2-1F1F1.png	flag: Mali	Flaggen	 flag: Mali ML, flag 
png/1F1F2-1F1F2.png	flag: Myanmar (Burma)	Flaggen	 flag: Myanmar (Burma) MM, flag 
png/1F1F2-1F1F3.png	flag: Mongolia	Flaggen	 flag: Mongolia MN, flag 
png/1F1F2-1F1F4.png	flag: Macao SAR China	Flaggen	 flag: Macao SAR China MO, flag 
png/1F1F2-1F1F5.png	flag: Northern Mariana Islands	Flaggen	 flag: Northern Mariana Islands MP, flag 
png/1F1F2-1F1F6.png	flag: Martinique	Flaggen	 flag: Martinique MQ, flag 
png/1F1F2-1F1F7.png	flag: Mauritania	Flaggen	 flag: Mauritania MR, flag 
png/1F1F2-1F1F8.png	flag: Montserrat	Flaggen	 flag: Montserrat MS, flag 
png/1F1F2-1F1F9.png	flag: Malta	Flaggen	 flag: Malta MT, flag 
png/1F1F2-1F1FA.png	flag: Mauritius	Flaggen	 flag: Mauritius MU, flag 
png/1F1F2-1F1FB.png	flag: Maldives	Flaggen	 flag: Maldives MV, flag 
png/1F1F2-1F1FC.png	flag: Malawi	Flaggen	 flag: Malawi MW, flag 
png/1F1F2-1F1FD.png	flag: Mexico	Flaggen	 flag: Mexico MX, flag 
png/1F1F2-1F1FE.png	flag: Malaysia	Flaggen	 flag: Malaysia MY, flag 
png/1F1F2-1F1FF.png	flag: Mozambique	Flaggen	 flag: Mozambique MZ, flag 
png/1F1F3-1F1E6.png	flag: Namibia	Flaggen	 flag: Namibia NA, flag 
png/1F1F3-1F1E8.png	flag: New Caledonia	Flaggen	 flag: New Caledonia NC, flag 
png/1F1F3-1F1EA.png	flag: Niger	Flaggen	 flag: Niger NE, flag 
png/1F1F3-1F1EB.png	flag: Norfolk Island	Flaggen	 flag: Norfolk Island NF, flag 
png/1F1F3-1F1EC.png	flag: Nigeria	Flaggen	 flag: Nigeria NG, flag 
png/1F1F3-1F1EE.png	flag: Nicaragua	Flaggen	 flag: Nicaragua NI, flag 
png/1F1F3-1F1F1.png	flag: Netherlands	Flaggen	 flag: Netherlands NL, flag 
png/1F1F3-1F1F4.png	flag: Norway	Flaggen	 flag: Norway NO, flag 
png/1F1F3-1F1F5.png	flag: Nepal	Flaggen	 flag: Nepal NP, flag 
png/1F1F3-1F1F7.png	flag: Nauru	Flaggen	 flag: Nauru NR, flag 
png/1F1F3-1F1FA.png	flag: Niue	Flaggen	 flag: Niue NU, flag 
png/1F1F3-1F1FF.png	flag: New Zealand	Flaggen	 flag: New Zealand NZ, flag 
png/1F1F4-1F1F2.png	flag: Oman	Flaggen	 flag: Oman OM, flag 
png/1F1F5-1F1E6.png	flag: Panama	Flaggen	 flag: Panama PA, flag 
png/1F1F5-1F1EA.png	flag: Peru	Flaggen	 flag: Peru PE, flag 
png/1F1F5-1F1EB.png	flag: French Polynesia	Flaggen	 flag: French Polynesia PF, flag 
png/1F1F5-1F1EC.png	flag: Papua New Guinea	Flaggen	 flag: Papua New Guinea PG, flag 
png/1F1F5-1F1ED.png	flag: Philippines	Flaggen	 flag: Philippines PH, flag 
png/1F1F5-1F1F0.png	flag: Pakistan	Flaggen	 flag: Pakistan PK, flag 
png/1F1F5-1F1F1.png	flag: Poland	Flaggen	 flag: Poland PL, flag 
png/1F1F5-1F1F2.png	flag: St. Pierre & Miquelon	Flaggen	 flag: St. Pierre & Miquelon PM, flag 
png/1F1F5-1F1F3.png	flag: Pitcairn Islands	Flaggen	 flag: Pitcairn Islands PN, flag 
png/1F1F5-1F1F7.png	flag: Puerto Rico	Flaggen	 flag: Puerto Rico PR, flag 
png/1F1F5-1F1F8.png	flag: Palestinian Territories	Flaggen	 flag: Palestinian Territories PS, flag 
png/1F1F5-1F1F9.png	flag: Portugal	Flaggen	 flag: Portugal PT, flag 
png/1F1F5-1F1FC.png	flag: Palau	Flaggen	 flag: Palau PW, flag 
png/1F1F5-1F1FE.png	flag: Paraguay	Flaggen	 flag: Paraguay PY, flag 
png/1F1F6-1F1E6.png	flag: Qatar	Flaggen	 flag: Qatar QA, flag 
png/1F1F7-1F1EA.png	flag: Réunion	Flaggen	 flag: Réunion RE, flag 
png/1F1F7-1F1F4.png	flag: Romania	Flaggen	 flag: Romania RO, flag 
png/1F1F7-1F1F8.png	flag: Serbia	Flaggen	 flag: Serbia RS, flag 
png/1F1F7-1F1FA.png	flag: Russia	Flaggen	 flag: Russia RU, flag 
png/1F1F7-1F1FC.png	flag: Rwanda	Flaggen	 flag: Rwanda RW, flag 
png/1F1F8-1F1E6.png	flag: Saudi Arabia	Flaggen	 flag: Saudi Arabia SA, flag 
png/1F1F8-1F1E7.png	flag: Solomon Islands	Flaggen	 flag: Solomon Islands SB, flag 
png/1F1F8-1F1E8.png	flag: Seychelles	Flaggen	 flag: Seychelles SC, flag 
png/1F1F8-1F1E9.png	flag: Sudan	Flaggen	 flag: Sudan SD, flag 
png/1F1F8-1F1EA.png	flag: Sweden	Flaggen	 flag: Sweden SE, flag 
png/1F1F8-1F1EC.png	flag: Singapore	Flaggen	 flag: Singapore SG, flag 
png/1F1F8-1F1ED.png	flag: St. Helena	Flaggen	 flag: St. Helena SH, flag 
png/1F1F8-1F1EE.png	flag: Slovenia	Flaggen	 flag: Slovenia SI, flag 
png/1F1F8-1F1EF.png	flag: Svalbard & Jan Mayen	Flaggen	 flag: Svalbard & Jan Mayen SJ, flag 
png/1F1F8-1F1F0.png	flag: Slovakia	Flaggen	 flag: Slovakia SK, flag 
png/1F1F8-1F1F1.png	flag: Sierra Leone	Flaggen	 flag: Sierra Leone SL, flag 
png/1F1F8-1F1F2.png	flag: San Marino	Flaggen	 flag: San Marino SM, flag 
png/1F1F8-1F1F3.png	flag: Senegal	Flaggen	 flag: Senegal SN, flag 
png/1F1F8-1F1F4.png	flag: Somalia	Flaggen	 flag: Somalia SO, flag 
png/1F1F8-1F1F7.png	flag: Suriname	Flaggen	 flag: Suriname SR, flag 
png/1F1F8-1F1F8.png	flag: South Sudan	Flaggen	 flag: South Sudan SS, flag 
png/1F1F8-1F1F9.png	flag: São Tomé & Príncipe	Flaggen	 flag: São Tomé & Príncipe ST, flag 
png/1F1F8-1F1FB.png	flag: El Salvador	Flaggen	 flag: El Salvador SV, flag 
png/1F1F8-1F1FD.png	flag: Sint Maarten	Flaggen	 flag: Sint Maarten SX, flag 
png/1F1F8-1F1FE.png	flag: Syria	Flaggen	 flag: Syria SY, flag 
png/1F1F8-1F1FF.png	flag: Eswatini	Flaggen	 flag: Eswatini SZ, flag 
png/1F1F9-1F1E6.png	flag: Tristan da Cunha	Flaggen	 flag: Tristan da Cunha TA, flag 
png/1F1F9-1F1E8.png	flag: Turks & Caicos Islands	Flaggen	 flag: Turks & Caicos Islands TC, flag 
png/1F1F9-1F1E9.png	flag: Chad	Flaggen	 flag: Chad TD, flag 
png/1F1F9-1F1EB.png	flag: French Southern Territories	Flaggen	 flag: French Southern Territories TF, flag 
png/1F1F9-1F1EC.png	flag: Togo	Flaggen	 flag: Togo TG, flag 
png/1F1F9-1F1ED.png	flag: Thailand	Flaggen	 flag: Thailand TH, flag 
png/1F1F9-1F1EF.png	flag: Tajikistan	Flaggen	 flag: Tajikistan TJ, flag 
png/1F1F9-1F1F0.png	flag: Tokelau	Flaggen	 flag: Tokelau TK, flag 
png/1F1F9-1F1F1.png	flag: Timor-Leste	Flaggen	 flag: Timor-Leste TL, flag 
png/1F1F9-1F1F2.png	flag: Turkmenistan	Flaggen	 flag: Turkmenistan TM, flag 
png/1F1F9-1F1F3.png	flag: Tunisia	Flaggen	 flag: Tunisia TN, flag 
png/1F1F9-1F1F4.png	flag: Tonga	Flaggen	 flag: Tonga TO, flag 
png/1F1F9-1F1F7.png	flag: Türkiye	Flaggen	 flag: Türkiye TR, flag 
png/1F1F9-1F1F9.png	flag: Trinidad & Tobago	Flaggen	 flag: Trinidad & Tobago TT, flag 
png/1F1F9-1F1FB.png	flag: Tuvalu	Flaggen	 flag: Tuvalu TV, flag 
png/1F1F9-1F1FC.png	flag: Taiwan	Flaggen	 flag: Taiwan TW, flag 
png/1F1F9-1F1FF.png	flag: Tanzania	Flaggen	 flag: Tanzania TZ, flag 
png/1F1FA-1F1E6.png	flag: Ukraine	Flaggen	 flag: Ukraine UA, flag 
png/1F1FA-1F1EC.png	flag: Uganda	Flaggen	 flag: Uganda UG, flag 
png/1F1FA-1F1F2.png	flag: U.S. Outlying Islands	Flaggen	 flag: U.S. Outlying Islands UM, flag usa, united states, us, america
png/1F1FA-1F1F3.png	flag: United Nations	Flaggen	 flag: United Nations UN, flag 
png/1F1FA-1F1F8.png	flag: United States	Flaggen	 flag: United States US, flag usa, united states, us, america
png/1F1FA-1F1FE.png	flag: Uruguay	Flaggen	 flag: Uruguay UY, flag 
png/1F1FA-1F1FF.png	flag: Uzbekistan	Flaggen	 flag: Uzbekistan UZ, flag 
png/1F1FB-1F1E6.png	flag: Vatican City	Flaggen	 flag: Vatican City VA, flag 
png/1F1FB-1F1E8.png	flag: St. Vincent & Grenadines	Flaggen	 flag: St. Vincent & Grenadines VC, flag 
png/1F1FB-1F1EA.png	flag: Venezuela	Flaggen	 flag: Venezuela VE, flag 
png/1F1FB-1F1EC.png	flag: British Virgin Islands	Flaggen	 flag: British Virgin Islands VG, flag 
png/1F1FB-1F1EE.png	flag: U.S. Virgin Islands	Flaggen	 flag: U.S. Virgin Islands VI, flag 
png/1F1FB-1F1F3.png	flag: Vietnam	Flaggen	 flag: Vietnam VN, flag 
png/1F1FB-1F1FA.png	flag: Vanuatu	Flaggen	 flag: Vanuatu VU, flag 
png/1F1FC-1F1EB.png	flag: Wallis & Futuna	Flaggen	 flag: Wallis & Futuna WF, flag 
png/1F1FC-1F1F8.png	flag: Samoa	Flaggen	 flag: Samoa WS, flag 
png/1F1FD-1F1F0.png	flag: Kosovo	Flaggen	 flag: Kosovo XK, flag 
png/1F1FE-1F1EA.png	flag: Yemen	Flaggen	 flag: Yemen YE, flag 
png/1F1FE-1F1F9.png	flag: Mayotte	Flaggen	 flag: Mayotte YT, flag 
png/1F1FF-1F1E6.png	flag: South Africa	Flaggen	 flag: South Africa ZA, flag 
png/1F1FF-1F1F2.png	flag: Zambia	Flaggen	 flag: Zambia ZM, flag 
png/1F1FF-1F1FC.png	flag: Zimbabwe	Flaggen	 flag: Zimbabwe ZW, flag 
png/1F3F4-E0067-E0062-E0065-E006E-E0067-E007F.png	flag: England	Flaggen	 flag: England flag, gbeng 
png/1F3F4-E0067-E0062-E0073-E0063-E0074-E007F.png	flag: Scotland	Flaggen	 flag: Scotland flag, gbsct 
png/1F3F4-E0067-E0062-E0077-E006C-E0073-E007F.png	flag: Wales	Flaggen	 flag: Wales flag, gbwls dragon
png/E000.png	goldfish	OpenMoji Extras	 goldfish  goldfish, fish, water
png/E001.png	donkey	OpenMoji Extras	 donkey  
png/E002.png	poppy	OpenMoji Extras	 poppy  poppy, remembrance, veterans
png/E003.png	doe	OpenMoji Extras	 doe  forest, hunt, antler, deer
png/E004.png	spouting-orca	OpenMoji Extras	 spouting-orca  cetacean, whale, spouting, orca, killer whale, blackfish, swim, animal, water
png/E006.png	narwhal	OpenMoji Extras	 narwhal  cetacean, whale, swim, animal, water
png/E007.png	beluga	OpenMoji Extras	 beluga  cetacean, whale, swim, animal, water
png/E008.png	porpoise	OpenMoji Extras	 porpoise  cetacean, swim, animal, water
png/E009.png	pigeon	OpenMoji Extras	 pigeon  vermin, rock dove, bird, city
png/E010.png	macaw	OpenMoji Extras	 macaw  tropical, jungle, exotic, parrots
png/E011.png	microbe	OpenMoji Extras	 microbe  amoeba, bacteria, virus
png/E040.png	Twitter	OpenMoji Extras	 Twitter  
png/E041.png	pinterest	OpenMoji Extras	 pinterest  social, platform, pins
png/E042.png	facebook	OpenMoji Extras	 facebook  facebook, company, social-media
png/E043.png	instagram	OpenMoji Extras	 instagram  instagram, facebook, company, social-media
png/E044.png	youtube	OpenMoji Extras	 youtube  social, platform, video, brand
png/E045.png	github	OpenMoji Extras	 github  social, platform, code, git, brand
png/E046.png	linkedin	OpenMoji Extras	 linkedin  business
png/E047.png	android	OpenMoji Extras	 android  google play
png/E048.png	musicbrainz	OpenMoji Extras	 musicbrainz  music metadata
png/E049.png	openfoodfact	OpenMoji Extras	 openfoodfact  nutrition data
png/E04A.png	openstreetmap	OpenMoji Extras	 openstreetmap  map, osm, geodata
png/E04B.png	wikidata	OpenMoji Extras	 wikidata  open knowledge graph
png/E04C.png	dotnet	OpenMoji Extras	 dotnet  logo, net, dotnet, programming, framework
png/E04D.png	golang	OpenMoji Extras	 golang  logo, go, golang, google, programming, language
png/E04E.png	kotlin	OpenMoji Extras	 kotlin  logo, kotlin, jvm, programming, language
png/E04F.png	ruby	OpenMoji Extras	 ruby  logo, ruby, programming, language
png/E050.png	Firefox	OpenMoji Extras	 Firefox  browser, fire, fox
png/E051.png	Safari	OpenMoji Extras	 Safari  browser, compass, webkit, apple
png/E052.png	Opera	OpenMoji Extras	 Opera  browser
png/E053.png	Chromium	OpenMoji Extras	 Chromium  browser
png/E054.png	Chrome	OpenMoji Extras	 Chrome  browser, google
png/E055.png	Netscape Navigator	OpenMoji Extras	 Netscape Navigator  browser
png/E056.png	Internet Explorer	OpenMoji Extras	 Internet Explorer  browser, ie, microsoft
png/E057.png	Edge	OpenMoji Extras	 Edge  browser, microsoft
png/E058.png	iNaturalist	OpenMoji Extras	 iNaturalist  opendata, nature, observation
png/E059.png	gitlab	OpenMoji Extras	 gitlab  git, code
png/E05A.png	mastodon	OpenMoji Extras	 mastodon  social media, twitter
png/E05B.png	peertube	OpenMoji Extras	 peertube  social media, youtube
png/E05C.png	pixelfed	OpenMoji Extras	 pixelfed  social media, image sharing platform, photo
png/E05D.png	signal	OpenMoji Extras	 signal  social media, messenger, whatsapp, app
png/E05E.png	element	OpenMoji Extras	 element  social media, messenger, whatsapp, app
png/E05F.png	jellyfin	OpenMoji Extras	 jellyfin  media, app
png/E060.png	reddit	OpenMoji Extras	 reddit  social, app, discussion
png/E061.png	discord	OpenMoji Extras	 discord  social, app, video, voice, chat
png/E062.png	c	OpenMoji Extras	 c  logo, c, programming, language, hexagon
png/E063.png	cplusplus	OpenMoji Extras	 cplusplus  logo, c, cplusplus, plusplus, programming, language, hexagon
png/E064.png	csharp	OpenMoji Extras	 csharp  logo, c, csharp, sharp, programming, language, hexagon
png/E065.png	chrome canary	OpenMoji Extras	 chrome canary  logo, brand, browser, google, chrome, canary
png/E066.png	firefox developer	OpenMoji Extras	 firefox developer  logo, brand, browser, fire, fox, firefox, developer
png/E067.png	firefox nightly	OpenMoji Extras	 firefox nightly  logo, brand, browser, fire, fox, firefox, nightly
png/E068.png	javascript	OpenMoji Extras	 javascript  logo, js, javascript, programming, language
png/E069.png	typescript	OpenMoji Extras	 typescript  logo, ts, typescript, programming, language
png/E06A.png	webassembly	OpenMoji Extras	 webassembly  logo, wa, wasm, webassembly, web, assembly, browser
png/E06B.png	svg	OpenMoji Extras	 svg  logo, svg, drawing, vector, vectorial, drawing
png/E06C.png	markdown	OpenMoji Extras	 markdown  logo, md, markdown, mark, down, markup, language
png/E06D.png	winrar	OpenMoji Extras	 winrar  logo, brand, winrar, win, rar
png/E06E.png	facetime	OpenMoji Extras	 facetime  facetime, video call, communication, apple, app, video chat, camera
png/E06F.png	ecosia browser	OpenMoji Extras	 ecosia browser  browser
png/E070.png	bluesky	OpenMoji Extras	 bluesky  logo, brand, bluesky, company, social-media
png/E0FF.png	ubuntu	OpenMoji Extras	 ubuntu  Linux
png/F000.png	windows	OpenMoji Extras	 windows  Microsoft
png/F77A.png	artstation	OpenMoji Extras	 artstation  art, brand
png/F8FF.png	apple	OpenMoji Extras	 apple  iOS, OSX
png/E2C0.png	iceberg	OpenMoji Extras	 iceberg  Titanic, ship wreck, ice, cold, sea
png/E2C1.png	floating ice	OpenMoji Extras	 floating ice  glacier, polar, sea, melt
png/E2C2.png	floating ice broken	OpenMoji Extras	 floating ice broken  glacier, polar, sea, melt
png/E2C3.png	polar research station	OpenMoji Extras	 polar research station  Neumayer station, arctic, science
png/E2C4.png	ice core sample	OpenMoji Extras	 ice core sample  science, research, arctic, polar
png/E2C6.png	ice shelf	OpenMoji Extras	 ice shelf  glacier, polar, sea, melt
png/E2C7.png	ice shelf melting	OpenMoji Extras	 ice shelf melting  glacier, sea, melt, climate, global, warming
png/E2C8.png	polar explorer	OpenMoji Extras	 polar explorer  inuit, anorak with fur
png/E2C9.png	polar explorer man	OpenMoji Extras	 polar explorer man  research
png/E2CA.png	polar explorer woman	OpenMoji Extras	 polar explorer woman  research
png/E2CB.png	oil spill	OpenMoji Extras	 oil spill  pollution, petrol, fossil, fuel
png/E2CC.png	exhaust gases factory	OpenMoji Extras	 exhaust gases factory  pollution, CO2, carbon
png/E2CD.png	solar energy	OpenMoji Extras	 solar energy  sun, panel, clean, power, renewable
png/E2CE.png	meat consumption	OpenMoji Extras	 meat consumption  carnivore
png/E2CF.png	exhaust gases car	OpenMoji Extras	 exhaust gases car  pollution, carbon, CO2
png/E2D0.png	sea level rise	OpenMoji Extras	 sea level rise  flood, tsunami, sinking
png/E2D1.png	wind energy	OpenMoji Extras	 wind energy  turbine, clean, power, renewable
png/E2D2.png	reusable bag	OpenMoji Extras	 reusable bag  recycle, nondisposable, tote, paper
png/E2D3.png	radioactive waste	OpenMoji Extras	 radioactive waste  nuclear, hazardous
png/E2D4.png	nuclear power plant	OpenMoji Extras	 nuclear power plant  reactor, stacks, cooling
png/E2D5.png	nuclear power plant ruin	OpenMoji Extras	 nuclear power plant ruin  Chernobyl, Fukushima, reactor
png/E2D6.png	geiger counter	OpenMoji Extras	 geiger counter  radiation, radioactive, science, research
png/E2D7.png	nuclear worker man	OpenMoji Extras	 nuclear worker man  radiation, protection suit
png/E2D8.png	nuclear worker woman	OpenMoji Extras	 nuclear worker woman  radiation, protection suit, 
png/E2D9.png	nuclear protection	OpenMoji Extras	 nuclear protection  radiation, suit, gas mask, nbc suit, hazmat
png/E2DA.png	atom bomb	OpenMoji Extras	 atom bomb  nuclear, radioactive, nuke, WW2
png/E080.png	assembly point	OpenMoji Extras	 assembly point  
png/E081.png	assembly group	OpenMoji Extras	 assembly group  
png/E082.png	authority instruction	OpenMoji Extras	 authority instruction  
png/E083.png	help others	OpenMoji Extras	 help others  help elderly, help wheelchair
png/E084.png	drop cover hold	OpenMoji Extras	 drop cover hold  earthquake safety
png/E085.png	evacuate	OpenMoji Extras	 evacuate  
png/E086.png	evacuate vertical	OpenMoji Extras	 evacuate vertical  
png/E087.png	evacuate downstairs	OpenMoji Extras	 evacuate downstairs  
png/E088.png	evacuate to shelter	OpenMoji Extras	 evacuate to shelter  
png/E089.png	structural fire	OpenMoji Extras	 structural fire  
png/E08A.png	wild fire	OpenMoji Extras	 wild fire  
png/E08B.png	evacuate fire	OpenMoji Extras	 evacuate fire  
png/E08C.png	warning tsunami	OpenMoji Extras	 warning tsunami  
png/E08D.png	warning volcano	OpenMoji Extras	 warning volcano  
png/E08E.png	warning fire	OpenMoji Extras	 warning fire  
png/E08F.png	authority	OpenMoji Extras	 authority  
png/E090.png	first aid	OpenMoji Extras	 first aid  red cross
png/E091.png	flagged point	OpenMoji Extras	 flagged point  white flag
png/E092.png	flagged building	OpenMoji Extras	 flagged building  white flag
png/E093.png	authority building	OpenMoji Extras	 authority building  white flag
png/E094.png	signpost	OpenMoji Extras	 signpost  orientation, crossroad
png/E095.png	mobile info	OpenMoji Extras	 mobile info  
png/E096.png	mobile message	OpenMoji Extras	 mobile message  
png/E097.png	charge plug	OpenMoji Extras	 charge plug  low battery
png/E098.png	shelter	OpenMoji Extras	 shelter  
png/E099.png	volcano eruption	OpenMoji Extras	 volcano eruption  volcano fumarole
png/E09A.png	volcano ashes	OpenMoji Extras	 volcano ashes  volcano eruption
png/E09B.png	tsunami	OpenMoji Extras	 tsunami  
png/E09C.png	earthquake	OpenMoji Extras	 earthquake  
png/E09E.png	avalanche	OpenMoji Extras	 avalanche  
png/E09F.png	flood	OpenMoji Extras	 flood  
png/E0A0.png	north	OpenMoji Extras	 north  
png/E0A1.png	transmission	OpenMoji Extras	 transmission  
png/E0A2.png	sos stencil	OpenMoji Extras	 sos stencil  
png/E0A3.png	ok stencil	OpenMoji Extras	 ok stencil  
png/E0A4.png	no stencil	OpenMoji Extras	 no stencil  
png/E0A5.png	warning strip	OpenMoji Extras	 warning strip  
png/E0A6.png	warning strip right	OpenMoji Extras	 warning strip right  arrow
png/E0A7.png	arrow turn right	OpenMoji Extras	 arrow turn right  
png/E0A8.png	emergency exit door	OpenMoji Extras	 emergency exit door  
png/E0A9.png	location indicator red	OpenMoji Extras	 location indicator red  
png/E0AA.png	electric plug red	OpenMoji Extras	 electric plug red  
png/E0AB.png	timer	OpenMoji Extras	 timer  clock, alarm
png/E0AC.png	person with medical mask	OpenMoji Extras	 person with medical mask  coronavirus, COVID-19
png/E0AC-200D-2640-FE0F.png	woman with medical mask	OpenMoji Extras	 woman with medical mask  coronavirus, COVID-19
png/E0AC-200D-2642-FE0F.png	man with medical mask	OpenMoji Extras	 man with medical mask  coronavirus, COVID-19
png/E0AD.png	person sneezing into elbow	OpenMoji Extras	 person sneezing into elbow  coronavirus, COVID-19, dab
png/E0AD-200D-2640-FE0F.png	woman sneezing into elbow	OpenMoji Extras	 woman sneezing into elbow  coronavirus, COVID-19, dab
png/E0AD-200D-2642-FE0F.png	man sneezing into elbow	OpenMoji Extras	 man sneezing into elbow  coronavirus, COVID-19, dab
png/E0AE.png	disinfect surface	OpenMoji Extras	 disinfect surface  coronavirus, COVID-19, sanitize, clean
png/E0AF.png	quarantine	OpenMoji Extras	 quarantine  coronavirus, COVID-19
png/E0B0.png	social distancing	OpenMoji Extras	 social distancing  coronavirus, COVID-19
png/E0B1.png	sanitizer spray	OpenMoji Extras	 sanitizer spray  coronavirus, COVID-19, disinfect, clean
png/E0B2.png	wash hands	OpenMoji Extras	 wash hands  coronavirus, COVID-19, sanitize, clean
png/E0B3.png	temperature taking	OpenMoji Extras	 temperature taking  coronavirus, COVID-19, thermometer
png/E0B4.png	medical gloves	OpenMoji Extras	 medical gloves  coronavirus, COVID-19
png/1F3F3-200D-1F7E6-200D-1F7E9-200D-1F7E8.png	berber flag	OpenMoji Extras	 berber flag  
png/1F3F3-FE0F-200D-1F4CC-200D-2699-FE0F.png	nail and gear flag	OpenMoji Extras	 nail and gear flag  Hello Internet, CGP Grey, Brady Haran
png/1F3F3-FE0F-200D-1F7E5.png	red flag	OpenMoji Extras	 red flag  socialism, communism
png/1F3F3-FE0F-200D-1F7E6.png	blue flag	OpenMoji Extras	 blue flag  
png/1F3F3-FE0F-200D-1F7E6-200D-1F30C.png	united federation of planets flag (star trek)	OpenMoji Extras	 united federation of planets flag (star trek)  Star Trek, future, utopia, trekkie, trekker, space
png/1F3F3-FE0F-200D-1F7E7.png	orange flag	OpenMoji Extras	 orange flag  maratha, pirate party, Christian democracy
png/1F3F3-FE0F-200D-1F7E8.png	yellow flag	OpenMoji Extras	 yellow flag  Quebec, yellow jack
png/1F3F3-FE0F-200D-1F7E9.png	green flag	OpenMoji Extras	 green flag  green party, environmentalism
png/1F3F3-FE0F-200D-1F7E9-200D-2B50-200D-1F7E9.png	esperanto flag	OpenMoji Extras	 esperanto flag  constructed, Zamenhof
png/1F3F3-FE0F-200D-1F7EA.png	purple flag	OpenMoji Extras	 purple flag  
png/1F3F3-FE0F-200D-1F7EB.png	brown flag	OpenMoji Extras	 brown flag  
png/1F3F3-FE0F-200D-1F9CA-200D-1F48E.png	true south (antarctica) flag	OpenMoji Extras	 true south (antarctica) flag  antarctica flag, antarctica, antarctic
png/1F3F3-FE0F-200D-2B1C.png	white flag	OpenMoji Extras	 white flag  surrender
png/1F3F4-FE0F-200D-1F170-FE0F.png	red and black flag	OpenMoji Extras	 red and black flag  anarchist flag, bisected flag
png/1F3F4-FE0F-200D-1F7E5.png	deep red flag	OpenMoji Extras	 deep red flag  socialism, communism
png/1F3F4-FE0F-200D-1F7E6.png	deep blue flag	OpenMoji Extras	 deep blue flag  
png/1F3F4-FE0F-200D-1F7E7.png	deep orange flag	OpenMoji Extras	 deep orange flag  maratha, pirate party, Christian democracy
png/1F3F4-FE0F-200D-1F7E8.png	deep yellow flag	OpenMoji Extras	 deep yellow flag  Quebec, yellow jack
png/1F3F4-FE0F-200D-1F7E9.png	deep green flag	OpenMoji Extras	 deep green flag  green party, environmentalism
png/1F3F4-FE0F-200D-1F7E9-200D-2B50.png	browncoat flag	OpenMoji Extras	 browncoat flag  Firefly, Serenity, independent planets
png/1F3F4-FE0F-200D-1F7EA.png	deep purple flag	OpenMoji Extras	 deep purple flag  
png/1F3F4-FE0F-200D-1F7EB.png	deep brown flag	OpenMoji Extras	 deep brown flag  
png/E0C0.png	half orange fruit	OpenMoji Extras	 half orange fruit  citrus fruits, half
png/E0C1.png	maultasche	OpenMoji Extras	 maultasche  swabian, schwäbisch, schwaebisch, meal, germany
png/E0C2.png	lentils with spaetzle	OpenMoji Extras	 lentils with spaetzle  swabian, schwäbisch, meal, germany
png/E0C3.png	pretzel	OpenMoji Extras	 pretzel  swabian, schwäbisch, schwaebisch, brezel, germany
png/E0C4.png	pomegranate	OpenMoji Extras	 pomegranate  pomegranate, fruit, seeds
png/E0C5.png	latte macchiato	OpenMoji Extras	 latte macchiato  coffee
png/E0C6.png	roasted coffee bean	OpenMoji Extras	 roasted coffee bean  
png/E0C7.png	cake	OpenMoji Extras	 cake  custard, cherry
png/E0C8.png	champignon brown	OpenMoji Extras	 champignon brown  mushroom fungi
png/E0C9.png	champignon white	OpenMoji Extras	 champignon white  mushroom fungi
png/E0CA.png	boule bread	OpenMoji Extras	 boule bread  french bread, traditional bread, round bread
png/E0CB.png	glass bottle	OpenMoji Extras	 glass bottle  water bottle
png/E0CC.png	plastic bottle	OpenMoji Extras	 plastic bottle  water bottle
png/E340.png	gardener man	OpenMoji Extras	 gardener man  
png/E341.png	gardener woman	OpenMoji Extras	 gardener woman  
png/E342.png	gardening gloves	OpenMoji Extras	 gardening gloves  
png/E343.png	lawn mower	OpenMoji Extras	 lawn mower  
png/E344.png	wheelbarrow	OpenMoji Extras	 wheelbarrow  pushcart
png/E345.png	spade	OpenMoji Extras	 spade  shovel
png/E346.png	trowel	OpenMoji Extras	 trowel  shovel
png/E347.png	axe	OpenMoji Extras	 axe  wood, chop, stump
png/E348.png	saw	OpenMoji Extras	 saw  foxtail, carpentry, wood, branch, rip saw
png/E300.png	female doctor	OpenMoji Extras	 female doctor  hospital, care, surgery
png/E301.png	male doctor	OpenMoji Extras	 male doctor  hospital, care, surgery
png/E302.png	female nurse	OpenMoji Extras	 female nurse  hospital, care, surgery
png/E303.png	male nurse	OpenMoji Extras	 male nurse  hospital, care, surgery
png/E305.png	pills	OpenMoji Extras	 pills  drug, medicine, tablets, pain killers
png/E306.png	plaster	OpenMoji Extras	 plaster  patch, band aid, plaster, wound, dressing, bandage
png/E307.png	medication	OpenMoji Extras	 medication  drug, medicine, tablets, pain killers
png/E308.png	ecg waves	OpenMoji Extras	 ecg waves  heartbeats, beat, hospital, electrocardiogram
png/E309.png	first aid bag	OpenMoji Extras	 first aid bag  briefcase, medicine, kit
png/E30A.png	patient file	OpenMoji Extras	 patient file  hospital, record, filing
png/E30B.png	patient clipboard	OpenMoji Extras	 patient clipboard  hospital, notes, transcript
png/E30C.png	saline drip	OpenMoji Extras	 saline drip  hospital, bag
png/E30D.png	blood transfusion	OpenMoji Extras	 blood transfusion  medical, bleeding, loss
png/E30E.png	swab pliers	OpenMoji Extras	 swab pliers  surgery, scissors
png/E30F.png	hot-water bottle	OpenMoji Extras	 hot-water bottle  cramps, comfort, warm, period
png/E312.png	liver	OpenMoji Extras	 liver  organ, toxins, bile
png/E313.png	stomach	OpenMoji Extras	 stomach  gut, digestion, bile, acid
png/E314.png	large intestine	OpenMoji Extras	 large intestine  organ, colon, gut
png/E315.png	intestine	OpenMoji Extras	 intestine  organ, digestion, colon, gut
png/E316.png	kidney	OpenMoji Extras	 kidney  urine, toxins, blood, organ
png/E318.png	forceps	OpenMoji Extras	 forceps  surgery, tweezers, tongs
png/E319.png	brain	OpenMoji Extras	 brain  cortex, grey matter, intelligence, IQ
png/E31A.png	bed linen	OpenMoji Extras	 bed linen  hospital, bedding, sheets
png/E31B.png	bandage change	OpenMoji Extras	 bandage change  hospital, gauze, dressing, wound
png/E31C.png	eye pain	OpenMoji Extras	 eye pain  migraine, headache, strain, sore
png/E31D.png	headache	OpenMoji Extras	 headache  migraine, sore, tension, stress
png/E31E.png	earache	OpenMoji Extras	 earache  tinnitus, headache, sore
png/E31F.png	fracture leg	OpenMoji Extras	 fracture leg  broken, cast, bone
png/E320.png	knee pain	OpenMoji Extras	 knee pain  ACL, ache, patella
png/E321.png	backache	OpenMoji Extras	 backache  spine, ache, lumbar, pain
png/E322.png	joint pain	OpenMoji Extras	 joint pain  ache, arthritis, strain, cartilage
png/E324.png	clinical thermometer	OpenMoji Extras	 clinical thermometer  temperature, fever, mercury, heat
png/E325.png	bandage scissors	OpenMoji Extras	 bandage scissors  hospital, gauze, dressing
png/E326.png	crutches	OpenMoji Extras	 crutches  walk, broken leg, accessibility
png/E327.png	wheel chair	OpenMoji Extras	 wheel chair  accessibility, DACA, disability, mobility
png/E328.png	stretcher	OpenMoji Extras	 stretcher  hospital, ambulance, patient, gurney
png/E329.png	ct scan	OpenMoji Extras	 ct scan  MRI, cat, cancer, tumour
png/E32B.png	scales	OpenMoji Extras	 scales  BMI, weight, mass, heavy
png/E100.png	tap	OpenMoji Extras	 tap  
png/E101.png	double tap	OpenMoji Extras	 double tap  
png/E102.png	three finger operation	OpenMoji Extras	 three finger operation  
png/E103.png	move	OpenMoji Extras	 move  
png/E104.png	scroll	OpenMoji Extras	 scroll  vertical, y-axis, mouse, wheel, movement, up, down
png/E105.png	swipe	OpenMoji Extras	 swipe  swipe, finger, move, hand, sideways, app
png/E106.png	scroll horizontal	OpenMoji Extras	 scroll horizontal  x-axis, move, mouse, scrollwheel, scrolling
png/E107.png	page move	OpenMoji Extras	 page move  movement, left, right, site, document, next, previous, paper
png/E108.png	swipe left	OpenMoji Extras	 swipe left  finger, movement, gesture, touch, app, left, x-axis, hand
png/E109.png	swipe up	OpenMoji Extras	 swipe up  finger, movement, gesture, touch, app, up, y-axis, hand
png/E10A.png	swipe right	OpenMoji Extras	 swipe right  finger, movement, gesture, touch, app, right, x-axis, hand
png/E10B.png	swipe down	OpenMoji Extras	 swipe down  finger, movement, gesture, touch, app, down, y-axis, hand
png/E10C.png	finger pushing button	OpenMoji Extras	 finger pushing button  pushing, pressing, red, alarm, nuclear missile, launch, start, stop
png/E10D.png	exit	OpenMoji Extras	 exit  
png/E140.png	first aid kit	OpenMoji Extras	 first aid kit  
png/E141.png	armchair	OpenMoji Extras	 armchair  
png/E142.png	picture	OpenMoji Extras	 picture  photo, picture, frame, landscape
png/E143.png	lighter	OpenMoji Extras	 lighter  lighter, bic
png/E144.png	outlet	OpenMoji Extras	 outlet  outlet
png/E145.png	guy fawkes mask	OpenMoji Extras	 guy fawkes mask  mask, guy, fawkes, anonymous, vendetta
png/E146.png	spätzlepresse	OpenMoji Extras	 spätzlepresse  swabian, schwäbisch, schwaebisch, spätzle, germany
png/E147.png	european name badge	OpenMoji Extras	 european name badge  
png/E148.png	kehrwoche	OpenMoji Extras	 kehrwoche  swabian, schwäbisch, schwaebisch, germany, broom
png/E149.png	tardis	OpenMoji Extras	 tardis  time machine, doctor who, police booth, police box
png/E14A.png	motorbike helmet	OpenMoji Extras	 motorbike helmet  helmet, motorbike, motorcycle, motor
png/E150.png	espresso machine	OpenMoji Extras	 espresso machine  coffee
png/E151.png	french press	OpenMoji Extras	 french press  coffee
png/E152.png	moka pot	OpenMoji Extras	 moka pot  coffee
png/E153.png	milk jug	OpenMoji Extras	 milk jug  coffee, latte
png/E154.png	electric coffee percolator	OpenMoji Extras	 electric coffee percolator  burned coffee
png/E155.png	drip coffee maker	OpenMoji Extras	 drip coffee maker  
png/E156.png	coffee grinder	OpenMoji Extras	 coffee grinder  
png/E157.png	horse jumping hurdle	OpenMoji Extras	 horse jumping hurdle  equestrian
png/1F468-200D-1FAA9.png	dj man	OpenMoji Extras	 dj man  party, disc jockey, Diskjockey, music, rave, techno
png/1F469-200D-1FAA9.png	dj woman	OpenMoji Extras	 dj woman  party, disc jockey, Diskjockey, music, rave, techno
png/1F9D1-200D-1FAA9.png	dj	OpenMoji Extras	 dj  party, disc jockey, Diskjockey, music, rave, techno
png/E181.png	drunk person	OpenMoji Extras	 drunk person  person, person-activity, person-gesture, person-sport, drunk, alcohol, party, beer, drinking
png/E182.png	person with dog	OpenMoji Extras	 person with dog  person, person-activity, dog, walking, animal, pet
png/E183.png	trump	OpenMoji Extras	 trump  trump, donald, president, america, usa
png/E184.png	horse riding	OpenMoji Extras	 horse riding  equestrian
png/E185.png	barista	OpenMoji Extras	 barista  person
png/E186.png	man barista	OpenMoji Extras	 man barista  male
png/E187.png	woman barista	OpenMoji Extras	 woman barista  female
png/E188.png	Greta Thunberg	OpenMoji Extras	 Greta Thunberg  climate change, Sweden, activist, Fridays for Future, FFF
png/E189.png	windsurfing	OpenMoji Extras	 windsurfing  windsurfing, watersport, surf, wave, sea
png/E420.png	pride	OpenMoji Extras	 pride  pride flag, lgbtq, queer, rainbow, gender
png/E421.png	lesbian	OpenMoji Extras	 lesbian  pride flag, lgbtq, queer, sapphic, sexuality
png/E422.png	gay	OpenMoji Extras	 gay  pride flag, lgbtq, queer, achillean, sexuality
png/E423.png	bisexual	OpenMoji Extras	 bisexual  pride flag, lgbtq, queer, sexuality
png/E424.png	pansexual	OpenMoji Extras	 pansexual  pride flag, lgbtq, queer, sexuality
png/E425.png	asexual	OpenMoji Extras	 asexual  pride flag, lgbtq, queer, sexuality, ace
png/E426.png	demisexual	OpenMoji Extras	 demisexual  pride flag, lgbtq, queer, sexuality, ace
png/E427.png	greysexual	OpenMoji Extras	 greysexual  pride flag, lgbtq, queer, sexuality, ace
png/E428.png	polysexual	OpenMoji Extras	 polysexual  pride flag, lgbtq, queer, sexuality
png/E429.png	aroace	OpenMoji Extras	 aroace  pride flag, lgbtq, queer, sexuality
png/E42A.png	aromantic	OpenMoji Extras	 aromantic  pride flag, lgbtq, queer, aro, romantic
png/E42B.png	polyamory	OpenMoji Extras	 polyamory  pride flag, lgbtq, queer, poly
png/E42C.png	bdsm rights	OpenMoji Extras	 bdsm rights  pride flag, lgbtq, queer, kink
png/E42D.png	intersex	OpenMoji Extras	 intersex  pride flag, lgbtq, queer
png/E42E.png	nonbinary	OpenMoji Extras	 nonbinary  pride flag, lgbtq, queer, enby, gender
png/E42F.png	genderfluid	OpenMoji Extras	 genderfluid  pride flag, lgbtq, queer, gender
png/E430.png	genderqueer	OpenMoji Extras	 genderqueer  pride flag, lgbtq, queer, gender
png/E431.png	agender	OpenMoji Extras	 agender  pride flag, lgbtq, queer, gender
png/E432.png	demigirl	OpenMoji Extras	 demigirl  pride flag, lgbtq, queer, gender
png/E433.png	demiboy	OpenMoji Extras	 demiboy  pride flag, lgbtq, queer, gender
png/E434.png	demigender	OpenMoji Extras	 demigender  pride flag, lgbtq, queer, gender
png/E435.png	bigender	OpenMoji Extras	 bigender  pride flag, lgbtq, queer, gender
png/E280.png	exhausted face	OpenMoji Extras	 exhausted face  exhausted, sleepy, tired, face
png/E281.png	incredulous face	OpenMoji Extras	 incredulous face  incredulous, disbelief, shocked
png/E282.png	dejected face	OpenMoji Extras	 dejected face  sigh, ._., pensive, disappointed
png/E283.png	annoyed face with tongue	OpenMoji Extras	 annoyed face with tongue  disappointed, playful, goofy, tongue out, annoyed, frustrated, childish, offended
png/1FBC6-200D-1F457.png	stick figure with dress and arms raised	OpenMoji Extras	 stick figure with dress and arms raised  legacy computing
png/1FBC7-200D-1F457.png	stick figure with dress leaning left	OpenMoji Extras	 stick figure with dress leaning left  legacy computing
png/1FBC8-200D-1F457.png	stick figure with dress leaning right	OpenMoji Extras	 stick figure with dress leaning right  legacy computing
png/2B21-FE0F-200D-1F308.png	rainbow hexagon	OpenMoji Extras	 rainbow hexagon  pride
png/2B21-FE0F-200D-1F7E5.png	red hexagon	OpenMoji Extras	 red hexagon  
png/2B21-FE0F-200D-1F7E6.png	blue hexagon	OpenMoji Extras	 blue hexagon  
png/2B21-FE0F-200D-1F7E7.png	orange hexagon	OpenMoji Extras	 orange hexagon  
png/2B21-FE0F-200D-1F7E8.png	yellow hexagon	OpenMoji Extras	 yellow hexagon  
png/2B21-FE0F-200D-1F7E9.png	green hexagon	OpenMoji Extras	 green hexagon  
png/2B21-FE0F-200D-1F7EA.png	purple hexagon	OpenMoji Extras	 purple hexagon  
png/2B21-FE0F-200D-1F7EB.png	brown hexagon	OpenMoji Extras	 brown hexagon  
png/E380.png	no handshaking	OpenMoji Extras	 no handshaking  hygiene, agreement, virus, meeting, spread, germs
png/E381.png	web syndication	OpenMoji Extras	 web syndication  feed, RSS, atom feed, podcast, subscribe, web feed
png/25C9-FE0F-200D-1F534.png	red eye	OpenMoji Extras	 red eye  turret, AI, rogue AI, Portal
png/25C9-FE0F-200D-1F534-200D-25AE-FE0F.png	HAL 9000	OpenMoji Extras	 HAL 9000  AI, artificial intelligence, rogue AI, I'm sorry Dave, I'm afraid I can't do that, 2001, Space Odyssey, Stanley Kubrick, science fiction, movie, film
png/E1C0.png	wireframes	OpenMoji Extras	 wireframes  
png/E1C1.png	code editor	OpenMoji Extras	 code editor  
png/E1C2.png	autonomous car	OpenMoji Extras	 autonomous car  
png/E1C3.png	switch	OpenMoji Extras	 switch  toggling, changeover switch, exchange counter, left, right
png/E1C4.png	surveillance	OpenMoji Extras	 surveillance  surveillance, camera, CCTV
png/E1C6.png	augmented reality	OpenMoji Extras	 augmented reality  
png/E1C7.png	led	OpenMoji Extras	 led  
png/E1C8.png	motor	OpenMoji Extras	 motor  
png/E1C9.png	raspberry pi	OpenMoji Extras	 raspberry pi  
png/E1CA.png	virtual reality	OpenMoji Extras	 virtual reality  
png/E1CB.png	cable	OpenMoji Extras	 cable  
png/E1CC.png	tablet	OpenMoji Extras	 tablet  technology, device, portable, screen, phablet, ipad
png/E1CD.png	gps	OpenMoji Extras	 gps  navigation, localization, location, reception, signal, wireless, crosshair, where
png/E1CE.png	smartwatch	OpenMoji Extras	 smartwatch  clock, apps, monitor, intelligent, device, armlet
png/E1CF.png	washing machine	OpenMoji Extras	 washing machine  clothing, garment, cleaner, home electronics, appliance
png/E1D0.png	ibeacon	OpenMoji Extras	 ibeacon  wireless, technology, iot, internet of things, navigation, localization, antenna, connection, reception
png/E1D1.png	keyboard	OpenMoji Extras	 keyboard  keyboard, key, type
png/E1D2.png	drone	OpenMoji Extras	 drone  drone, UAV, quadcopter, RC
png/E1D3.png	arduino	OpenMoji Extras	 arduino  arduino, prototyping, electric, sensor
png/E1D4.png	wire	OpenMoji Extras	 wire  wire, cord, electric, litz-wire
png/E1D5.png	potentiometer	OpenMoji Extras	 potentiometer  potentiometer
png/E1D6.png	solar cell	OpenMoji Extras	 solar cell  solar, module, cell, photovoltaic
png/E1D7.png	circuit	OpenMoji Extras	 circuit  circuit, electric, prototype
png/E1D8.png	qr code	OpenMoji Extras	 qr code  scan, tag, matrix, barcode, quick response
png/E1D9.png	barcode	OpenMoji Extras	 barcode  scan, tag, machine readable, data
png/E1DA.png	ai hand	OpenMoji Extras	 ai hand  artificial intelligence hand, ai hand, six-fingered hand, hallucination, error, bug, glitch
png/E200.png	cafeteria	OpenMoji Extras	 cafeteria  
png/E201.png	emergency exit	OpenMoji Extras	 emergency exit  alarm, fire, escape, way, route, guidance, signage, run, person, people, humans
png/E202.png	stairway	OpenMoji Extras	 stairway  steps, up, down, ascend, descend, walk
png/E203.png	town	OpenMoji Extras	 town  city, village, town
png/E204.png	elevator	OpenMoji Extras	 elevator  elevator
png/E205.png	eiffel tower	OpenMoji Extras	 eiffel tower  paris, tower, france
png/E206.png	parking garage	OpenMoji Extras	 parking garage  parking lot, car, automobile, vehicle, sign, traffic sign, p
png/E207.png	schwäbisch gmünd forum gold und silber	OpenMoji Extras	 schwäbisch gmünd forum gold und silber  swabian, schwäbisch, schwaebisch, germany, schwaebisch gmuend
png/E208.png	schwäbisch gmünd fünfknopfturm	OpenMoji Extras	 schwäbisch gmünd fünfknopfturm  tower, schwaebisch gmuend
png/E209.png	schwäbisch gmünd ratshaus	OpenMoji Extras	 schwäbisch gmünd ratshaus  town hall, schwaebisch gmuend
png/E20A.png	stuttgart fernsehturm	OpenMoji Extras	 stuttgart fernsehturm  swabian, schwäbisch, schwaebisch, germany
png/E20B.png	space shuttle	OpenMoji Extras	 space shuttle  nasa, shuttle, rocket, space, galaxy, adventure, alien, transportation
png/E20C.png	viennese coffee house	OpenMoji Extras	 viennese coffee house  viennese coffee culture
png/E20D.png	black hole	OpenMoji Extras	 black hole  interstellar, event horizon, accretion disc
png/E20E.png	foggy mountain	OpenMoji Extras	 foggy mountain  fog, weather, berg, peak, elevation, hiking
png/E20F.png	great pyramid of giza	OpenMoji Extras	 great pyramid of giza  seven wonders of the ancient world, egypt
png/E210.png	colossus of rhodes	OpenMoji Extras	 colossus of rhodes  seven wonders of the ancient world, greece
png/E211.png	hanging gardens of babylon	OpenMoji Extras	 hanging gardens of babylon  seven wonders of the ancient world, iraq
png/E212.png	lighthouse of alexandria	OpenMoji Extras	 lighthouse of alexandria  seven wonders of the ancient world, egypt
png/E213.png	mausoleum at halicarnassus	OpenMoji Extras	 mausoleum at halicarnassus  seven wonders of the ancient world, turkey
png/E214.png	statue of zeus at olympia	OpenMoji Extras	 statue of zeus at olympia  seven wonders of the ancient world, greece
png/E215.png	temple of artemis at ephesus	OpenMoji Extras	 temple of artemis at ephesus  seven wonders of the ancient world, turkey
png/E216.png	moai	OpenMoji Extras	 moai  stone, easter island
png/E240.png	mark	OpenMoji Extras	 mark  
png/E241.png	toggle button	OpenMoji Extras	 toggle button  
png/E242.png	location indicator	OpenMoji Extras	 location indicator  
png/E243.png	scale	OpenMoji Extras	 scale  measurement, scaling, size, distance, meters, inches, miles, kilometers
png/E244.png	locomotion	OpenMoji Extras	 locomotion  movement, transport, driving, destination, start, end, distance, track
png/E245.png	toggle button state B	OpenMoji Extras	 toggle button state B  
png/E246.png	people dialogue	OpenMoji Extras	 people dialogue  communication, talking, chatting, users, humans, conversation, two, face-to-face
png/E247.png	safety	OpenMoji Extras	 safety  
png/E248.png	chats	OpenMoji Extras	 chats  messaging, typing, message, text, writing, write, dialog
png/E249.png	collaboration	OpenMoji Extras	 collaboration  collab, team, teamwork, group, work, communication, circle
png/E24A.png	interview	OpenMoji Extras	 interview  interview, talk, speak, bubble
png/E24B.png	intricate	OpenMoji Extras	 intricate  intricate, abstract
png/E24C.png	simple	OpenMoji Extras	 simple  simple, abstract
png/E24D.png	return	OpenMoji Extras	 return  back button
png/E24E.png	close	OpenMoji Extras	 close  
png/E24F.png	forward	OpenMoji Extras	 forward  
png/E250.png	hamburger menu	OpenMoji Extras	 hamburger menu  
png/E251.png	upload	OpenMoji Extras	 upload  
png/E252.png	download	OpenMoji Extras	 download  
png/E253.png	share	OpenMoji Extras	 share  
png/E254.png	wifi	OpenMoji Extras	 wifi  
png/E255.png	copy	OpenMoji Extras	 copy  
png/E256.png	contacts	OpenMoji Extras	 contacts  
png/E257.png	filter	OpenMoji Extras	 filter  
png/E258.png	cursor	OpenMoji Extras	 cursor  pointer
png/E259.png	details	OpenMoji Extras	 details  
png/E25A.png	hold	OpenMoji Extras	 hold  
png/E25B.png	duplicate	OpenMoji Extras	 duplicate  make copy, second, file, create, page, document
png/E25C.png	save	OpenMoji Extras	 save  store, hard drive, record, hdd, harddisk, download
png/E25D.png	edit	OpenMoji Extras	 edit  change, editing, pencil, page, document, file, write, writing, scribble
png/E25E.png	home button	OpenMoji Extras	 home button  house, main, page, website, navigation, app, ui, symbol, internet, homepage
png/E25F.png	add button	OpenMoji Extras	 add button  new, file, plus, more, create, set
png/E260.png	archive	OpenMoji Extras	 archive  save, save to, library, cupboard, drawer
png/E261.png	overview	OpenMoji Extras	 overview  overview, lines, list
png/E262.png	delete	OpenMoji Extras	 delete  delete, bin, waste, remove
png/E263.png	comment	OpenMoji Extras	 comment  comment, write
png/E264.png	more information	OpenMoji Extras	 more information  more, plus, add, cross
png/E265.png	sort	OpenMoji Extras	 sort  sort, list, hierarchy
png/E266.png	inbox	OpenMoji Extras	 inbox  entrance, inbox, in
png/E267.png	compose	OpenMoji Extras	 compose  write, compose, author
png/E268.png	add contact	OpenMoji Extras	 add contact  add, contact
png/E269.png	link	OpenMoji Extras	 link  link, chain
png/1FAD9-200D-1F7E5.png	jar with red content	Weitere Zeichen	 jar with red content  red potion, health potion, jam, jelly
png/1FAD9-200D-1F7E6.png	jar with blue content	Weitere Zeichen	 jar with blue content  blue potion, magic potion, mana potion, water
png/1FAD9-200D-1F7E7.png	jar with orange content	Weitere Zeichen	 jar with orange content  marmelade, jelly
png/1FAD9-200D-1F7E8.png	jar with yellow content	Weitere Zeichen	 jar with yellow content  urine, marmelade
png/1FAD9-200D-1F7E9.png	jar with green content	Weitere Zeichen	 jar with green content  kiwi jam
png/1FAD9-200D-1F7EA.png	jar with purple content	Weitere Zeichen	 jar with purple content  potion of health and magic, jam
png/1FAD9-200D-1F7EB.png	jar with brown content	Weitere Zeichen	 jar with brown content  nutella, peanut butter, nut spread, chocolate
png/1F1E6.png	regional indicator A	Weitere Zeichen	 regional indicator A  alphabet, letter, upper case, type
png/1F1E7.png	regional indicator B	Weitere Zeichen	 regional indicator B  alphabet, letter, upper case, type
png/1F1E8.png	regional indicator C	Weitere Zeichen	 regional indicator C  alphabet, letter, upper case, type
png/1F1E9.png	regional indicator D	Weitere Zeichen	 regional indicator D  alphabet, letter, upper case, type
png/1F1EA.png	regional indicator E	Weitere Zeichen	 regional indicator E  alphabet, letter, upper case, type
png/1F1EB.png	regional indicator F	Weitere Zeichen	 regional indicator F  alphabet, letter, upper case, type
png/1F1EC.png	regional indicator G	Weitere Zeichen	 regional indicator G  alphabet, letter, upper case, type
png/1F1ED.png	regional indicator H	Weitere Zeichen	 regional indicator H  alphabet, letter, upper case, type
png/1F1EE.png	regional indicator I	Weitere Zeichen	 regional indicator I  alphabet, letter, upper case, type
png/1F1EF.png	regional indicator J	Weitere Zeichen	 regional indicator J  alphabet, letter, upper case, type
png/1F1F0.png	regional indicator K	Weitere Zeichen	 regional indicator K  alphabet, letter, upper case, type
png/1F1F1.png	regional indicator L	Weitere Zeichen	 regional indicator L  alphabet, letter, upper case, type
png/1F1F2.png	regional indicator M	Weitere Zeichen	 regional indicator M  alphabet, letter, upper case, type
png/1F1F3.png	regional indicator N	Weitere Zeichen	 regional indicator N  alphabet, letter, upper case, type
png/1F1F4.png	regional indicator O	Weitere Zeichen	 regional indicator O  alphabet, letter, upper case, type
png/1F1F5.png	regional indicator P	Weitere Zeichen	 regional indicator P  alphabet, letter, upper case, type
png/1F1F6.png	regional indicator Q	Weitere Zeichen	 regional indicator Q  alphabet, letter, upper case, type
png/1F1F7.png	regional indicator R	Weitere Zeichen	 regional indicator R  alphabet, letter, upper case, type
png/1F1F8.png	regional indicator S	Weitere Zeichen	 regional indicator S  alphabet, letter, upper case, type
png/1F1F9.png	regional indicator T	Weitere Zeichen	 regional indicator T  alphabet, letter, upper case, type
png/1F1FA.png	regional indicator U	Weitere Zeichen	 regional indicator U  alphabet, letter, upper case, type
png/1F1FB.png	regional indicator V	Weitere Zeichen	 regional indicator V  alphabet, letter, upper case, type
png/1F1FC.png	regional indicator W	Weitere Zeichen	 regional indicator W  alphabet, letter, upper case, type
png/1F1FD.png	regional indicator X	Weitere Zeichen	 regional indicator X  alphabet, letter, upper case, type
png/1F1FE.png	regional indicator Y	Weitere Zeichen	 regional indicator Y  alphabet, letter, upper case, type
png/1F1FF.png	regional indicator Z	Weitere Zeichen	 regional indicator Z  alphabet, letter, upper case, type
png/1F3F4-E0063-E0061-E006F-E006E-E007F.png	ontario flag	Weitere Zeichen	 ontario flag  ontario, canada, province, red ensign
png/1F3F4-E0063-E0061-E0071-E0063-E007F.png	quebec flag	Weitere Zeichen	 quebec flag  fleur-de-lis, quebec, canada, province
png/1F3F4-E0064-E0065-E0062-E0065-E007F.png	berlin flag	Weitere Zeichen	 berlin flag  bear, city, capital
png/1F3F4-E0064-E0065-E0062-E0079-E007F.png	bavaria flag	Weitere Zeichen	 bavaria flag  state, lozenge
png/1F3F4-E0065-E0073-E0061-E006E-E007F.png	andalusia flag	Weitere Zeichen	 andalusia flag  andalusia, arbonaida
png/1F3F4-E0065-E0073-E0061-E0072-E007F.png	aragon flag	Weitere Zeichen	 aragon flag  aragon, arago
png/1F3F4-E0065-E0073-E0061-E0073-E007F.png	asturian flag	Weitere Zeichen	 asturian flag  asturian, asturina
png/1F3F4-E0065-E0073-E0063-E0062-E007F.png	cantabria flag	Weitere Zeichen	 cantabria flag  cantabria
png/1F3F4-E0065-E0073-E0063-E0065-E007F.png	ceuta flag	Weitere Zeichen	 ceuta flag  ceuta
png/1F3F4-E0065-E0073-E0063-E006C-E007F.png	castile and le�n flag	Weitere Zeichen	 castile and le�n flag  castile and le�n, castile and leon, castile, and le�n, leon
png/1F3F4-E0065-E0073-E0063-E006D-E007F.png	castile-la mancha flag	Weitere Zeichen	 castile-la mancha flag  castile-la mancha, castile, la, mancha, castilla-la mancha, castilla
png/1F3F4-E0065-E0073-E0063-E006E-E007F.png	canary islands flag	Weitere Zeichen	 canary islands flag  canary, islands, canaries
png/1F3F4-E0065-E0073-E0063-E0074-E007F.png	catalonia flag	Weitere Zeichen	 catalonia flag  catalan, senyera
png/1F3F4-E0065-E0073-E0065-E0078-E007F.png	extremadura flag	Weitere Zeichen	 extremadura flag  extremadura
png/1F3F4-E0065-E0073-E0067-E0061-E007F.png	galicia flag	Weitere Zeichen	 galicia flag  galicia
png/1F3F4-E0065-E0073-E0069-E0062-E007F.png	balearic islands flag	Weitere Zeichen	 balearic islands flag  balearic, balearic, islands, illes, balears, balears
png/1F3F4-E0065-E0073-E006D-E0063-E007F.png	murcia flag	Weitere Zeichen	 murcia flag  murcia, region
png/1F3F4-E0065-E0073-E006D-E0064-E007F.png	madrid autonomous community flag	Weitere Zeichen	 madrid autonomous community flag  madrid autonomous community, madrid, autonomous, community
png/1F3F4-E0065-E0073-E006D-E006C-E007F.png	melilla flag	Weitere Zeichen	 melilla flag  melilla
png/1F3F4-E0065-E0073-E006E-E0063-E007F.png	navarra chartered community	Weitere Zeichen	 navarra chartered community  navarra chartered community, navarra, chartered, community, navarre
png/1F3F4-E0065-E0073-E0070-E0076-E007F.png	basque flag	Weitere Zeichen	 basque flag  basque, ikurrina, euskal
png/1F3F4-E0065-E0073-E0072-E0069-E007F.png	la rioja flag	Weitere Zeichen	 la rioja flag  la rioja, la, rioja
png/1F3F4-E0065-E0073-E0076-E0063-E007F.png	valencian community flag	Weitere Zeichen	 valencian community flag  valencian, community, comunitat, valenciana, reial, senyera, valencia
png/1F3F4-E0066-E0072-E0062-E0072-E0065-E007F.png	bretagne flag	Weitere Zeichen	 bretagne flag  breton, brittany, gwenn-ha-du
png/1F3F4-E0069-E0074-E0062-E0061-E007F.png	bari flag	Weitere Zeichen	 bari flag  bari, italy, province, apulia
png/1F3F4-E006D-E0078-E0071-E0075-E0065-E007F.png	queretaro flag	Weitere Zeichen	 queretaro flag  queretaro, mexico, state
png/1F3F4-E006D-E0078-E0079-E0075-E0063-E007F.png	yucatan flag	Weitere Zeichen	 yucatan flag  yucatan, mexico, state
png/1F3F4-E0075-E0073-E0061-E006C-E007F.png	alabama flag	Weitere Zeichen	 alabama flag  alabama, state
png/1F3F4-E0075-E0073-E0063-E0061-E007F.png	california flag	Weitere Zeichen	 california flag  bear, republic, state
png/1F3F4-E0075-E0073-E0063-E006F-E007F.png	colorado flag	Weitere Zeichen	 colorado flag  colorado, mountains, state
png/1F3F4-E0075-E0073-E0064-E0063-E007F.png	washington dc flag	Weitere Zeichen	 washington dc flag  washington, district
png/1F3F4-E0075-E0073-E0074-E0078-E007F.png	texas flag	Weitere Zeichen	 texas flag  cowboy, lone star, republic, state
png/002D.png	Bindestrich-Minus	Weitere Zeichen	Bindestrich Bindestrich-Minus Divis Minuszeichen Trennstrich hyphen-minus  hyphen, minus, dash, line
png/1F10D.png	circled zero with slash	Weitere Zeichen	 circled zero with slash  license, copyright, creative commons, open, libre, public domain
png/1F10E.png	circled anticlockwise arrow	Weitere Zeichen	 circled anticlockwise arrow  license, copyright, creative commons, open, libre, share alike
png/1F10F.png	circled dollar sign with overlaid backslash	Weitere Zeichen	 circled dollar sign with overlaid backslash  license, copyright, creative commons, open, libre, non commercial
png/1F12F.png	copyleft symbol	Weitere Zeichen	 copyleft symbol  open source, free, libre, reciprocal
png/1F16D.png	circled cc	Weitere Zeichen	 circled cc  license, copyright, creative commons, open, libre, public domain
png/1F16E.png	circled c with overlaid backslash	Weitere Zeichen	 circled c with overlaid backslash  license, copyright, creative commons, open, libre, public domain
png/1F16F.png	circled human figure	Weitere Zeichen	 circled human figure  license, copyright, creative commons, open, libre, by, attribution, credit
png/1F260.png	rounded symbol for fu	Weitere Zeichen	 rounded symbol for fu  ideograph, chinese, religion, luck, 福
png/1F261.png	rounded symbol for lu	Weitere Zeichen	 rounded symbol for lu  ideograph, chinese, religion, prosperity, 禄, 祿
png/1F262.png	rounded symbol for shou	Weitere Zeichen	 rounded symbol for shou  ideograph, chinese, religion, longevity, 寿, 壽
png/1F263.png	rounded symbol for xi	Weitere Zeichen	 rounded symbol for xi  ideograph, chinese, religion, happiness, 喜
png/1F264.png	rounded symbol for shuangxi	Weitere Zeichen	 rounded symbol for shuangxi  ideograph, chinese, religion, double happiness, love and marriage, 囍
png/1F265.png	rounded symbol for cai	Weitere Zeichen	 rounded symbol for cai  ideograph, chinese, religion, wealth, 财, 財
png/1F431-200D-1F4BB.png	hacker cat	Weitere Zeichen	 hacker cat  coder, developer, software, technologist, smart, clever, code, notebook, computer
png/1FBC5.png	stick figure	Weitere Zeichen	 stick figure  legacy computing
png/1FBC6.png	stick figure with arms raised	Weitere Zeichen	 stick figure with arms raised  legacy computing
png/1FBC7.png	stick figure leaning left	Weitere Zeichen	 stick figure leaning left  legacy computing
png/1FBC8.png	stick figure leaning right	Weitere Zeichen	 stick figure leaning right  legacy computing
png/1FBC9.png	stick figure with dress	Weitere Zeichen	 stick figure with dress  legacy computing
png/20E3.png	combining enclosing keycap	Weitere Zeichen	 combining enclosing keycap  keycap
png/2117.png	Copyrightzeichen für Audioaufnahme	Weitere Zeichen	Audio Audioaufnahme Aufnahme Aufzeichnung Copyright Copyrightzeichen Copyrightzeichen für Audioaufnahme sound recording copyright  trademark, music, phonogram
png/2120.png	service mark	Weitere Zeichen	 service mark  trademark, sm
png/229C.png	circled equals	Weitere Zeichen	 circled equals  license, copyright, creative commons, open, libre
png/23FB.png	power symbol	Weitere Zeichen	 power symbol  enable, on, off
png/23FC.png	power on-off symbol	Weitere Zeichen	 power on-off symbol  enable, disable, on, off
png/23FD.png	power on symbol	Weitere Zeichen	 power on symbol  enable, on, I
png/23FE.png	power sleep symbol	Weitere Zeichen	 power sleep symbol  sleep, standby, crescent moon
png/25A1.png	weißes Quadrat	Weitere Zeichen	weißes Quadrat white square  missing glyph
png/25AC.png	schwarzes Rechteck	Weitere Zeichen	schwarzes Rechteck black rectangle  
png/25AD.png	weißes Rechteck	Weitere Zeichen	weißes Rechteck white rectangle  
png/25AE.png	vertikales schwarzes Rechteck	Weitere Zeichen	vertikales schwarzes Rechteck black vertical rectangle  
png/25C9.png	weißer Kreis mit kleinem schwarzem Kreis	Weitere Zeichen	weißer Kreis mit kleinem schwarzem Kreis fisheye  iris
png/25D0.png	Kreis mit schwarzer Hälfte links	Weitere Zeichen	Kreis mit schwarzer Hälfte links circle with left half black  
png/25D1.png	Kreis mit schwarzer Hälfte rechts	Weitere Zeichen	Kreis mit schwarzer Hälfte rechts circle with right half black  
png/25E7.png	square with left half black	Weitere Zeichen	 square with left half black  
png/25E8.png	square with right half black	Weitere Zeichen	 square with right half black  
png/25E9.png	square with upper left diagonal black	Weitere Zeichen	 square with upper left diagonal black  
png/25EA.png	square with lower right diagonal black	Weitere Zeichen	 square with lower right diagonal black  
png/25ED.png	up-pointing triangle with left half black	Weitere Zeichen	 up-pointing triangle with left half black  
png/25EE.png	up-pointing triangle with right half black	Weitere Zeichen	 up-pointing triangle with right half black  
png/2605.png	black star	Weitere Zeichen	 black star  full star
png/2654.png	white chess king	Weitere Zeichen	 white chess king  
png/2655.png	white chess queen	Weitere Zeichen	 white chess queen  
png/2656.png	white chess rook	Weitere Zeichen	 white chess rook  
png/2657.png	white chess bishop	Weitere Zeichen	 white chess bishop  
png/2658.png	white chess knight	Weitere Zeichen	 white chess knight  
png/2659.png	white chess pawn	Weitere Zeichen	 white chess pawn  
png/265A.png	black chess king	Weitere Zeichen	 black chess king  
png/265B.png	black chess queen	Weitere Zeichen	 black chess queen  
png/265C.png	black chess rook	Weitere Zeichen	 black chess rook  
png/265D.png	black chess bishop	Weitere Zeichen	 black chess bishop  
png/265E.png	black chess knight	Weitere Zeichen	 black chess knight  
png/2B0C.png	left right black arrow	Weitere Zeichen	 left right black arrow  
png/2B0D.png	up down black arrow	Weitere Zeichen	 up down black arrow  
png/2B1F.png	black pentagon	Weitere Zeichen	 black pentagon  equilateral polygon
png/2B20.png	white pentagon	Weitere Zeichen	 white pentagon  equilateral polygon
png/2B21.png	white hexagon	Weitere Zeichen	 white hexagon  equilateral polygon
png/2B22.png	black hexagon	Weitere Zeichen	 black hexagon  equilateral polygon
png/2B23.png	horizontal black hexagon 	Weitere Zeichen	 horizontal black hexagon   equilateral polygon
png/2B24.png	black large circle	Weitere Zeichen	 black large circle  
png/2B2E.png	black vertical ellipse	Weitere Zeichen	 black vertical ellipse  
png/2B2F.png	white vertical ellipse	Weitere Zeichen	 white vertical ellipse  
png/2B58.png	heavy circle	Weitere Zeichen	 heavy circle  off, disable, power off, O
png/2B8F.png	anticlockwise triangle-headed top u-shaped arrow	Weitere Zeichen	 anticlockwise triangle-headed top u-shaped arrow  
png/2BBA.png	overlapping white squares	Weitere Zeichen	 overlapping white squares  
png/2BBB.png	overlapping white and black squares	Weitere Zeichen	 overlapping white and black squares  
png/2BBC.png	overlapping black squares	Weitere Zeichen	 overlapping black squares  
png/2BC3.png	horizontal black octagon	Weitere Zeichen	 horizontal black octagon  equilateral polygon
png/2BC4.png	black octagon	Weitere Zeichen	 black octagon  equilateral polygon
png/2BEA.png	star with left half black	Weitere Zeichen	 star with left half black  half star
png/2BEB.png	star with right half black	Weitere Zeichen	 star with right half black  half star
